130065 silly gunzTarPerm modified mode [ 'error/is-error.js', 420, 438 ]
130066 silly gunzTarPerm extractEntry object/is-finite-number.js
130067 silly gunzTarPerm modified mode [ 'object/is-finite-number.js', 420, 438 ]
130068 silly gunzTarPerm extractEntry data/features/css-read-only-write.js
130069 silly gunzTarPerm modified mode [ 'data/features/css-read-only-write.js', 420, 438 ]
130070 silly gunzTarPerm extractEntry data/features/css-rebeccapurple.js
130071 silly gunzTarPerm modified mode [ 'data/features/css-rebeccapurple.js', 420, 438 ]
130072 silly gunzTarPerm extractEntry src/locale/he.js
130073 silly gunzTarPerm modified mode [ 'src/locale/he.js', 420, 438 ]
130074 silly gunzTarPerm extractEntry dist/locale/hi.js
130075 silly gunzTarPerm modified mode [ 'dist/locale/hi.js', 420, 438 ]
130076 silly gunzTarPerm extractEntry _LazyWrapper.js
130077 silly gunzTarPerm modified mode [ '_LazyWrapper.js', 420, 438 ]
130078 silly gunzTarPerm extractEntry _ListCache.js
130079 silly gunzTarPerm modified mode [ '_ListCache.js', 420, 438 ]
130080 silly gunzTarPerm extractEntry modules/_string-pad.js
130081 silly gunzTarPerm extractEntry library/modules/_string-repeat.js
130082 silly gunzTarPerm extractEntry features-json/css-scrollbar.json
130083 silly gunzTarPerm modified mode [ 'features-json/css-scrollbar.json', 420, 438 ]
130084 silly gunzTarPerm extractEntry features-json/css-sel2.json
130085 silly gunzTarPerm modified mode [ 'features-json/css-sel2.json', 420, 438 ]
130086 silly gunzTarPerm extractEntry 5/CheckObjectCoercible.js
130087 silly gunzTarPerm modified mode [ '5/CheckObjectCoercible.js', 420, 438 ]
130088 silly gunzTarPerm extractEntry 2021/clamp.js
130089 silly gunzTarPerm modified mode [ '2021/clamp.js', 420, 438 ]
130090 silly gunzTarPerm extractEntry data/features/css-reflections.js
130091 silly gunzTarPerm modified mode [ 'data/features/css-reflections.js', 420, 438 ]
130092 silly gunzTarPerm extractEntry data/features/css-regions.js
130093 silly gunzTarPerm modified mode [ 'data/features/css-regions.js', 420, 438 ]
130094 silly gunzTarPerm extractEntry function/is-function.js
130095 silly gunzTarPerm modified mode [ 'function/is-function.js', 420, 438 ]
130096 silly gunzTarPerm extractEntry array/#/@@iterator/is-implemented.js
130097 silly gunzTarPerm modified mode [ 'array/#/@@iterator/is-implemented.js', 420, 438 ]
130098 silly gunzTarPerm extractEntry locale/hi.js
130099 silly gunzTarPerm modified mode [ 'locale/hi.js', 420, 438 ]
130100 silly gunzTarPerm extractEntry src/locale/hi.js
130101 silly gunzTarPerm modified mode [ 'src/locale/hi.js', 420, 438 ]
130102 silly gunzTarPerm extractEntry _listCacheClear.js
130103 silly gunzTarPerm modified mode [ '_listCacheClear.js', 420, 438 ]
130104 silly gunzTarPerm extractEntry _listCacheDelete.js
130105 silly gunzTarPerm modified mode [ '_listCacheDelete.js', 420, 438 ]
130106 silly gunzTarPerm extractEntry modules/_string-repeat.js
130107 silly gunzTarPerm extractEntry library/modules/_string-trim.js
130108 silly gunzTarPerm extractEntry features-json/css-sel3.json
130109 silly gunzTarPerm modified mode [ 'features-json/css-sel3.json', 420, 438 ]
130110 silly gunzTarPerm extractEntry features-json/css-selection.json
130111 silly gunzTarPerm modified mode [ 'features-json/css-selection.json', 420, 438 ]
130112 silly gunzTarPerm extractEntry 2022/clamp.js
130113 silly gunzTarPerm modified mode [ '2022/clamp.js', 420, 438 ]
130114 silly gunzTarPerm extractEntry 2023/clamp.js
130115 silly gunzTarPerm modified mode [ '2023/clamp.js', 420, 438 ]
130116 silly gunzTarPerm extractEntry data/features/css-relative-colors.js
130117 silly gunzTarPerm modified mode [ 'data/features/css-relative-colors.js', 420, 438 ]
130118 silly gunzTarPerm extractEntry data/features/css-repeating-gradients.js
130119 silly gunzTarPerm modified mode [ 'data/features/css-repeating-gradients.js', 420, 438 ]
130120 silly gunzTarPerm extractEntry array/#/concat/is-implemented.js
130121 silly gunzTarPerm modified mode [ 'array/#/concat/is-implemented.js', 420, 438 ]
130122 silly gunzTarPerm extractEntry array/#/copy-within/is-implemented.js
130123 silly gunzTarPerm modified mode [ 'array/#/copy-within/is-implemented.js', 420, 438 ]
130124 silly gunzTarPerm extractEntry _listCacheGet.js
130125 silly gunzTarPerm modified mode [ '_listCacheGet.js', 420, 438 ]
130126 silly gunzTarPerm extractEntry _listCacheHas.js
130127 silly gunzTarPerm modified mode [ '_listCacheHas.js', 420, 438 ]
130128 silly gunzTarPerm extractEntry src/lib/utils/hooks.js
130129 silly gunzTarPerm modified mode [ 'src/lib/utils/hooks.js', 420, 438 ]
130130 silly gunzTarPerm extractEntry src/lib/units/hour.js
130131 silly gunzTarPerm modified mode [ 'src/lib/units/hour.js', 420, 438 ]
130132 silly gunzTarPerm extractEntry modules/_string-trim.js
130133 silly gunzTarPerm extractEntry library/modules/_string-ws.js
130134 silly gunzTarPerm extractEntry 2024/clamp.js
130135 silly gunzTarPerm modified mode [ '2024/clamp.js', 420, 438 ]
130136 silly gunzTarPerm extractEntry 2021/ClearKeptObjects.js
130137 silly gunzTarPerm modified mode [ '2021/ClearKeptObjects.js', 420, 438 ]
130138 silly gunzTarPerm extractEntry features-json/css-shapes.json
130139 silly gunzTarPerm modified mode [ 'features-json/css-shapes.json', 420, 438 ]
130140 silly gunzTarPerm extractEntry features-json/css-snappoints.json
130141 silly gunzTarPerm modified mode [ 'features-json/css-snappoints.json', 420, 438 ]
130142 silly gunzTarPerm extractEntry data/features/css-resize.js
130143 silly gunzTarPerm modified mode [ 'data/features/css-resize.js', 420, 438 ]
130144 silly gunzTarPerm extractEntry data/features/css-revert-value.js
130145 silly gunzTarPerm modified mode [ 'data/features/css-revert-value.js', 420, 438 ]
130146 silly gunzTarPerm extractEntry array/#/entries/is-implemented.js
130147 silly gunzTarPerm modified mode [ 'array/#/entries/is-implemented.js', 420, 438 ]
130148 silly gunzTarPerm extractEntry array/#/fill/is-implemented.js
130149 silly gunzTarPerm modified mode [ 'array/#/fill/is-implemented.js', 420, 438 ]
130150 silly gunzTarPerm extractEntry _listCacheSet.js
130151 silly gunzTarPerm modified mode [ '_listCacheSet.js', 420, 438 ]
130152 silly gunzTarPerm extractEntry _LodashWrapper.js
130153 silly gunzTarPerm modified mode [ '_LodashWrapper.js', 420, 438 ]
130154 silly gunzTarPerm extractEntry modules/_string-ws.js
130155 silly gunzTarPerm extractEntry library/modules/_task.js
130156 silly gunzTarPerm extractEntry dist/locale/hr.js
130157 silly gunzTarPerm modified mode [ 'dist/locale/hr.js', 420, 438 ]
130158 silly gunzTarPerm extractEntry locale/hr.js
130159 silly gunzTarPerm modified mode [ 'locale/hr.js', 420, 438 ]
130160 silly gentlyRm C:\Users\Dell\Documents\INV\inventory\node_modules\.staging\node-notifier-87e68a21\node_modules is being purged
130161 verbose gentlyRm don't care about contents; nuking C:\Users\Dell\Documents\INV\inventory\node_modules\.staging\node-notifier-87e68a21\node_modules
130162 silly gunzTarPerm extractEntry features-json/css-sticky.json
130163 silly gunzTarPerm modified mode [ 'features-json/css-sticky.json', 420, 438 ]
130164 silly gunzTarPerm extractEntry features-json/css-subgrid.json
130165 silly gunzTarPerm modified mode [ 'features-json/css-subgrid.json', 420, 438 ]
130166 silly gunzTarPerm extractEntry 2022/ClearKeptObjects.js
130167 silly gunzTarPerm modified mode [ '2022/ClearKeptObjects.js', 420, 438 ]
130168 silly gunzTarPerm extractEntry 2023/ClearKeptObjects.js
130169 silly gunzTarPerm modified mode [ '2023/ClearKeptObjects.js', 420, 438 ]
130170 silly gunzTarPerm extractEntry data/features/css-rrggbbaa.js
130171 silly gunzTarPerm modified mode [ 'data/features/css-rrggbbaa.js', 420, 438 ]
130172 silly gunzTarPerm extractEntry data/features/css-scroll-behavior.js
130173 silly gunzTarPerm modified mode [ 'data/features/css-scroll-behavior.js', 420, 438 ]
130174 silly gentlyRm C:\Users\Dell\Documents\INV\inventory\node_modules\.staging\ajv-d92c3876\node_modules is being purged
130175 verbose gentlyRm don't care about contents; nuking C:\Users\Dell\Documents\INV\inventory\node_modules\.staging\ajv-d92c3876\node_modules
130176 silly gunzTarPerm extractEntry array/#/filter/is-implemented.js
130177 silly gunzTarPerm modified mode [ 'array/#/filter/is-implemented.js', 420, 438 ]
130178 silly gunzTarPerm extractEntry array/#/find-index/is-implemented.js
130179 silly gunzTarPerm modified mode [ 'array/#/find-index/is-implemented.js', 420, 438 ]
130180 silly gunzTarPerm extractEntry _Map.js
130181 silly gunzTarPerm modified mode [ '_Map.js', 420, 438 ]
130182 silly gunzTarPerm extractEntry _MapCache.js
130183 silly gunzTarPerm modified mode [ '_MapCache.js', 420, 438 ]
130184 silly gunzTarPerm extractEntry modules/_task.js
130185 silly gunzTarPerm extractEntry library/modules/_to-absolute-index.js
130186 silly gunzTarPerm extractEntry src/locale/hr.js
130187 silly gunzTarPerm modified mode [ 'src/locale/hr.js', 420, 438 ]
130188 silly gunzTarPerm extractEntry dist/locale/hu.js
130189 silly gunzTarPerm modified mode [ 'dist/locale/hu.js', 420, 438 ]
130190 silly gunzTarPerm extractEntry 2024/ClearKeptObjects.js
130191 silly gunzTarPerm modified mode [ '2024/ClearKeptObjects.js', 420, 438 ]
130192 silly gunzTarPerm extractEntry 2021/CloneArrayBuffer.js
130193 silly gunzTarPerm modified mode [ '2021/CloneArrayBuffer.js', 420, 438 ]
130194 silly gunzTarPerm extractEntry features-json/css-supports-api.json
130195 silly gunzTarPerm modified mode [ 'features-json/css-supports-api.json', 420, 438 ]
130196 silly gunzTarPerm extractEntry features-json/css-table.json
130197 silly gunzTarPerm modified mode [ 'features-json/css-table.json', 420, 438 ]
130198 silly gunzTarPerm extractEntry modules/_to-absolute-index.js
130199 silly gunzTarPerm extractEntry library/modules/_to-index.js
130200 silly gunzTarPerm extractEntry data/features/css-scrollbar.js
130201 silly gunzTarPerm modified mode [ 'data/features/css-scrollbar.js', 420, 438 ]
130202 silly gunzTarPerm extractEntry data/features/css-sel2.js
130203 silly gunzTarPerm modified mode [ 'data/features/css-sel2.js', 420, 438 ]
130204 silly gunzTarPerm extractEntry array/#/find/is-implemented.js
130205 silly gunzTarPerm modified mode [ 'array/#/find/is-implemented.js', 420, 438 ]
130206 silly gunzTarPerm extractEntry array/#/keys/is-implemented.js
130207 silly gunzTarPerm modified mode [ 'array/#/keys/is-implemented.js', 420, 438 ]
130208 silly gunzTarPerm extractEntry _mapCacheClear.js
130209 silly gunzTarPerm modified mode [ '_mapCacheClear.js', 420, 438 ]
130210 silly gunzTarPerm extractEntry _mapCacheDelete.js
130211 silly gunzTarPerm modified mode [ '_mapCacheDelete.js', 420, 438 ]
130212 silly gunzTarPerm extractEntry locale/hu.js
130213 silly gunzTarPerm modified mode [ 'locale/hu.js', 420, 438 ]
130214 silly gunzTarPerm extractEntry src/locale/hu.js
130215 silly gunzTarPerm modified mode [ 'src/locale/hu.js', 420, 438 ]
130216 silly gunzTarPerm extractEntry features-json/css-text-align-last.json
130217 silly gunzTarPerm modified mode [ 'features-json/css-text-align-last.json', 420, 438 ]
130218 silly gunzTarPerm extractEntry features-json/css-text-box-trim.json
130219 silly gunzTarPerm modified mode [ 'features-json/css-text-box-trim.json', 420, 438 ]
130220 silly gunzTarPerm extractEntry 2022/CloneArrayBuffer.js
130221 silly gunzTarPerm modified mode [ '2022/CloneArrayBuffer.js', 420, 438 ]
130222 silly gunzTarPerm extractEntry 2023/CloneArrayBuffer.js
130223 silly gunzTarPerm modified mode [ '2023/CloneArrayBuffer.js', 420, 438 ]
130224 silly gunzTarPerm extractEntry modules/_to-index.js
130225 silly gunzTarPerm extractEntry library/modules/_to-integer.js
130226 silly gunzTarPerm extractEntry data/features/css-sel3.js
130227 silly gunzTarPerm modified mode [ 'data/features/css-sel3.js', 420, 438 ]
130228 silly gunzTarPerm extractEntry data/features/css-selection.js
130229 silly gunzTarPerm modified mode [ 'data/features/css-selection.js', 420, 438 ]
130230 silly gunzTarPerm extractEntry _mapCacheGet.js
130231 silly gunzTarPerm modified mode [ '_mapCacheGet.js', 420, 438 ]
130232 silly gunzTarPerm extractEntry _mapCacheHas.js
130233 silly gunzTarPerm modified mode [ '_mapCacheHas.js', 420, 438 ]
130234 silly gunzTarPerm extractEntry array/#/map/is-implemented.js
130235 silly gunzTarPerm modified mode [ 'array/#/map/is-implemented.js', 420, 438 ]
130236 silly gunzTarPerm extractEntry array/#/slice/is-implemented.js
130237 silly gunzTarPerm modified mode [ 'array/#/slice/is-implemented.js', 420, 438 ]
130238 silly gunzTarPerm extractEntry src/lib/duration/humanize.js
130239 silly gunzTarPerm modified mode [ 'src/lib/duration/humanize.js', 420, 438 ]
130240 silly gunzTarPerm extractEntry dist/locale/hy-am.js
130241 silly gunzTarPerm modified mode [ 'dist/locale/hy-am.js', 420, 438 ]
130242 silly gunzTarPerm extractEntry modules/_to-integer.js
130243 silly gunzTarPerm extractEntry library/modules/_to-iobject.js
130244 silly gunzTarPerm extractEntry features-json/css-text-indent.json
130245 silly gunzTarPerm modified mode [ 'features-json/css-text-indent.json', 420, 438 ]
130246 silly gunzTarPerm extractEntry features-json/css-text-justify.json
130247 silly gunzTarPerm modified mode [ 'features-json/css-text-justify.json', 420, 438 ]
130248 silly gunzTarPerm extractEntry 2024/CloneArrayBuffer.js
130249 silly gunzTarPerm modified mode [ '2024/CloneArrayBuffer.js', 420, 438 ]
130250 silly gunzTarPerm extractEntry 2020/CodePointAt.js
130251 silly gunzTarPerm modified mode [ '2020/CodePointAt.js', 420, 438 ]
130252 silly gunzTarPerm extractEntry data/features/css-shapes.js
130253 silly gunzTarPerm modified mode [ 'data/features/css-shapes.js', 420, 438 ]
130254 silly gunzTarPerm extractEntry data/features/css-snappoints.js
130255 silly gunzTarPerm modified mode [ 'data/features/css-snappoints.js', 420, 438 ]
130256 silly gentlyRm C:\Users\Dell\Documents\INV\inventory\node_modules\.staging\vuejs-datepicker-a3155d30\node_modules is being purged
130257 verbose gentlyRm don't care about contents; nuking C:\Users\Dell\Documents\INV\inventory\node_modules\.staging\vuejs-datepicker-a3155d30\node_modules
130258 silly gunzTarPerm extractEntry _mapCacheSet.js
130259 silly gunzTarPerm modified mode [ '_mapCacheSet.js', 420, 438 ]
130260 silly gunzTarPerm extractEntry fp/_mapping.js
130261 silly gunzTarPerm modified mode [ 'fp/_mapping.js', 420, 438 ]
130262 silly gunzTarPerm extractEntry array/#/splice/is-implemented.js
130263 silly gunzTarPerm modified mode [ 'array/#/splice/is-implemented.js', 420, 438 ]
130264 silly gunzTarPerm extractEntry array/#/values/is-implemented.js
130265 silly gunzTarPerm modified mode [ 'array/#/values/is-implemented.js', 420, 438 ]
130266 silly gunzTarPerm extractEntry locale/hy-am.js
130267 silly gunzTarPerm modified mode [ 'locale/hy-am.js', 420, 438 ]
130268 silly gunzTarPerm extractEntry src/locale/hy-am.js
130269 silly gunzTarPerm modified mode [ 'src/locale/hy-am.js', 420, 438 ]
130270 silly gunzTarPerm extractEntry modules/_to-iobject.js
130271 silly gunzTarPerm extractEntry library/modules/_to-length.js
130272 silly gunzTarPerm extractEntry features-json/css-text-orientation.json
130273 silly gunzTarPerm modified mode [ 'features-json/css-text-orientation.json', 420, 438 ]
130274 silly gunzTarPerm extractEntry features-json/css-text-spacing.json
130275 silly gunzTarPerm modified mode [ 'features-json/css-text-spacing.json', 420, 438 ]
130276 silly gunzTarPerm extractEntry 2021/CodePointAt.js
130277 silly gunzTarPerm modified mode [ '2021/CodePointAt.js', 420, 438 ]
130278 silly gunzTarPerm extractEntry 2022/CodePointAt.js
130279 silly gunzTarPerm modified mode [ '2022/CodePointAt.js', 420, 438 ]
130280 silly gunzTarPerm extractEntry data/features/css-sticky.js
130281 silly gunzTarPerm modified mode [ 'data/features/css-sticky.js', 420, 438 ]
130282 silly gunzTarPerm extractEntry data/features/css-subgrid.js
130283 silly gunzTarPerm modified mode [ 'data/features/css-subgrid.js', 420, 438 ]
130284 silly gunzTarPerm extractEntry _mapToArray.js
130285 silly gunzTarPerm modified mode [ '_mapToArray.js', 420, 438 ]
130286 silly gunzTarPerm extractEntry _matchesStrictComparable.js
130287 silly gunzTarPerm modified mode [ '_matchesStrictComparable.js', 420, 438 ]
130288 silly gunzTarPerm extractEntry array/from/is-implemented.js
130289 silly gunzTarPerm modified mode [ 'array/from/is-implemented.js', 420, 438 ]
130290 silly gunzTarPerm extractEntry array/of/is-implemented.js
130291 silly gunzTarPerm modified mode [ 'array/of/is-implemented.js', 420, 438 ]
130292 silly gunzTarPerm extractEntry dist/locale/id.js
130293 silly gunzTarPerm modified mode [ 'dist/locale/id.js', 420, 438 ]
130294 silly gunzTarPerm extractEntry locale/id.js
130295 silly gunzTarPerm modified mode [ 'locale/id.js', 420, 438 ]
130296 silly gunzTarPerm extractEntry modules/_to-length.js
130297 silly gunzTarPerm extractEntry library/modules/_to-object.js
130298 silly gunzTarPerm extractEntry features-json/css-text-wrap-balance.json
130299 silly gunzTarPerm modified mode [ 'features-json/css-text-wrap-balance.json', 420, 438 ]
130300 silly gunzTarPerm extractEntry 2023/CodePointAt.js
130301 silly gunzTarPerm modified mode [ '2023/CodePointAt.js', 420, 438 ]
130302 silly gunzTarPerm extractEntry 2024/CodePointAt.js
130303 silly gunzTarPerm modified mode [ '2024/CodePointAt.js', 420, 438 ]
130304 silly gunzTarPerm extractEntry features-json/css-textshadow.json
130305 silly gunzTarPerm modified mode [ 'features-json/css-textshadow.json', 420, 438 ]
130306 silly gunzTarPerm extractEntry data/features/css-supports-api.js
130307 silly gunzTarPerm modified mode [ 'data/features/css-supports-api.js', 420, 438 ]
130308 silly gunzTarPerm extractEntry data/features/css-table.js
130309 silly gunzTarPerm modified mode [ 'data/features/css-table.js', 420, 438 ]
130310 silly gunzTarPerm extractEntry _memoizeCapped.js
130311 silly gunzTarPerm modified mode [ '_memoizeCapped.js', 420, 438 ]
130312 silly gunzTarPerm extractEntry _mergeData.js
130313 silly gunzTarPerm modified mode [ '_mergeData.js', 420, 438 ]
130314 silly gunzTarPerm extractEntry math/acosh/is-implemented.js
130315 silly gunzTarPerm modified mode [ 'math/acosh/is-implemented.js', 420, 438 ]
130316 silly gunzTarPerm extractEntry math/asinh/is-implemented.js
130317 silly gunzTarPerm modified mode [ 'math/asinh/is-implemented.js', 420, 438 ]
130318 silly gunzTarPerm extractEntry src/locale/id.js
130319 silly gunzTarPerm modified mode [ 'src/locale/id.js', 420, 438 ]
130320 silly gunzTarPerm extractEntry src/lib/utils/index-of.js
130321 silly gunzTarPerm modified mode [ 'src/lib/utils/index-of.js', 420, 438 ]
130322 silly gunzTarPerm extractEntry modules/_to-object.js
130323 silly gunzTarPerm extractEntry library/modules/_to-primitive.js
130324 silly gunzTarPerm extractEntry features-json/css-touch-action.json
130325 silly gunzTarPerm modified mode [ 'features-json/css-touch-action.json', 420, 438 ]
130326 silly gunzTarPerm extractEntry features-json/css-transitions.json
130327 silly gunzTarPerm modified mode [ 'features-json/css-transitions.json', 420, 438 ]
130328 silly gunzTarPerm extractEntry 2021/CodePointsToString.js
130329 silly gunzTarPerm modified mode [ '2021/CodePointsToString.js', 420, 438 ]
130330 silly gunzTarPerm extractEntry 2022/CodePointsToString.js
130331 silly gunzTarPerm modified mode [ '2022/CodePointsToString.js', 420, 438 ]
130332 silly gunzTarPerm extractEntry data/features/css-text-align-last.js
130333 silly gunzTarPerm modified mode [ 'data/features/css-text-align-last.js', 420, 438 ]
130334 silly gunzTarPerm extractEntry data/features/css-text-box-trim.js
130335 silly gunzTarPerm modified mode [ 'data/features/css-text-box-trim.js', 420, 438 ]
130336 silly gunzTarPerm extractEntry _metaMap.js
130337 silly gunzTarPerm modified mode [ '_metaMap.js', 420, 438 ]
130338 silly gunzTarPerm extractEntry _nativeCreate.js
130339 silly gunzTarPerm modified mode [ '_nativeCreate.js', 420, 438 ]
130340 silly gunzTarPerm extractEntry math/atanh/is-implemented.js
130341 silly gunzTarPerm modified mode [ 'math/atanh/is-implemented.js', 420, 438 ]
130342 silly gunzTarPerm extractEntry math/cbrt/is-implemented.js
130343 silly gunzTarPerm modified mode [ 'math/cbrt/is-implemented.js', 420, 438 ]
130344 silly gunzTarPerm extractEntry modules/_to-primitive.js
130345 silly gunzTarPerm extractEntry library/modules/_typed-array.js
130346 silly gunzTarPerm extractEntry src/lib/locale/invalid.js
130347 silly gunzTarPerm modified mode [ 'src/lib/locale/invalid.js', 420, 438 ]
130348 silly gunzTarPerm extractEntry src/lib/utils/is-array.js
130349 silly gunzTarPerm modified mode [ 'src/lib/utils/is-array.js', 420, 438 ]
130350 silly gunzTarPerm extractEntry features-json/css-unicode-bidi.json
130351 silly gunzTarPerm modified mode [ 'features-json/css-unicode-bidi.json', 420, 438 ]
130352 silly gunzTarPerm extractEntry features-json/css-unset-value.json
130353 silly gunzTarPerm modified mode [ 'features-json/css-unset-value.json', 420, 438 ]
130354 silly gunzTarPerm extractEntry 2023/CodePointsToString.js
130355 silly gunzTarPerm modified mode [ '2023/CodePointsToString.js', 420, 438 ]
130356 silly gunzTarPerm extractEntry 2024/CodePointsToString.js
130357 silly gunzTarPerm modified mode [ '2024/CodePointsToString.js', 420, 438 ]
130358 silly gunzTarPerm extractEntry data/features/css-text-indent.js
130359 silly gunzTarPerm modified mode [ 'data/features/css-text-indent.js', 420, 438 ]
130360 silly gunzTarPerm extractEntry data/features/css-text-justify.js
130361 silly gunzTarPerm modified mode [ 'data/features/css-text-justify.js', 420, 438 ]
130362 silly gunzTarPerm extractEntry modules/_typed-array.js
130363 silly gunzTarPerm extractEntry library/modules/_typed-buffer.js
130364 silly gunzTarPerm extractEntry _nativeKeys.js
130365 silly gunzTarPerm modified mode [ '_nativeKeys.js', 420, 438 ]
130366 silly gunzTarPerm extractEntry _nativeKeysIn.js
130367 silly gunzTarPerm modified mode [ '_nativeKeysIn.js', 420, 438 ]
130368 silly gunzTarPerm extractEntry math/clz32/is-implemented.js
130369 silly gunzTarPerm modified mode [ 'math/clz32/is-implemented.js', 420, 438 ]
130370 silly gunzTarPerm extractEntry math/cosh/is-implemented.js
130371 silly gunzTarPerm modified mode [ 'math/cosh/is-implemented.js', 420, 438 ]
130372 silly gunzTarPerm extractEntry src/lib/utils/is-calendar-spec.js
130373 silly gunzTarPerm modified mode [ 'src/lib/utils/is-calendar-spec.js', 420, 438 ]
130374 silly gunzTarPerm extractEntry src/lib/utils/is-date.js
130375 silly gunzTarPerm modified mode [ 'src/lib/utils/is-date.js', 420, 438 ]
130376 silly gunzTarPerm extractEntry features-json/css-variables.json
130377 silly gunzTarPerm modified mode [ 'features-json/css-variables.json', 420, 438 ]
130378 silly gunzTarPerm extractEntry features-json/css-when-else.json
130379 silly gunzTarPerm modified mode [ 'features-json/css-when-else.json', 420, 438 ]
130380 silly gunzTarPerm extractEntry 2023/CompareArrayElements.js
130381 silly gunzTarPerm modified mode [ '2023/CompareArrayElements.js', 420, 438 ]
130382 silly gunzTarPerm extractEntry 2024/CompareArrayElements.js
130383 silly gunzTarPerm modified mode [ '2024/CompareArrayElements.js', 420, 438 ]
130384 silly gunzTarPerm extractEntry _nodeUtil.js
130385 silly gunzTarPerm modified mode [ '_nodeUtil.js', 420, 438 ]
130386 silly gunzTarPerm extractEntry _objectToString.js
130387 silly gunzTarPerm modified mode [ '_objectToString.js', 420, 438 ]
130388 silly gunzTarPerm extractEntry data/features/css-text-orientation.js
130389 silly gunzTarPerm modified mode [ 'data/features/css-text-orientation.js', 420, 438 ]
130390 silly gunzTarPerm extractEntry data/features/css-text-spacing.js
130391 silly gunzTarPerm modified mode [ 'data/features/css-text-spacing.js', 420, 438 ]
130392 silly gunzTarPerm extractEntry modules/_typed-buffer.js
130393 silly gunzTarPerm extractEntry library/modules/_typed.js
130394 silly gunzTarPerm extractEntry src/lib/utils/is-function.js
130395 silly gunzTarPerm modified mode [ 'src/lib/utils/is-function.js', 420, 438 ]
130396 silly gunzTarPerm extractEntry src/lib/utils/is-leap-year.js
130397 silly gunzTarPerm modified mode [ 'src/lib/utils/is-leap-year.js', 420, 438 ]
130398 silly gunzTarPerm extractEntry math/expm1/is-implemented.js
130399 silly gunzTarPerm modified mode [ 'math/expm1/is-implemented.js', 420, 438 ]
130400 silly gunzTarPerm extractEntry math/fround/is-implemented.js
130401 silly gunzTarPerm modified mode [ 'math/fround/is-implemented.js', 420, 438 ]
130402 silly gunzTarPerm extractEntry features-json/css-widows-orphans.json
130403 silly gunzTarPerm modified mode [ 'features-json/css-widows-orphans.json', 420, 438 ]
130404 silly gunzTarPerm extractEntry features-json/css-writing-mode.json
130405 silly gunzTarPerm modified mode [ 'features-json/css-writing-mode.json', 420, 438 ]
130406 silly gunzTarPerm extractEntry 2023/CompareTypedArrayElements.js
130407 silly gunzTarPerm modified mode [ '2023/CompareTypedArrayElements.js', 420, 438 ]
130408 silly gunzTarPerm extractEntry 2024/CompareTypedArrayElements.js
130409 silly gunzTarPerm modified mode [ '2024/CompareTypedArrayElements.js', 420, 438 ]
130410 silly gunzTarPerm extractEntry _overArg.js
130411 silly gunzTarPerm modified mode [ '_overArg.js', 420, 438 ]
130412 silly gunzTarPerm extractEntry _overRest.js
130413 silly gunzTarPerm modified mode [ '_overRest.js', 420, 438 ]
130414 silly gunzTarPerm extractEntry data/features/css-text-wrap-balance.js
130415 silly gunzTarPerm modified mode [ 'data/features/css-text-wrap-balance.js', 420, 438 ]
130416 silly gunzTarPerm extractEntry data/features/css-textshadow.js
130417 silly gunzTarPerm modified mode [ 'data/features/css-textshadow.js', 420, 438 ]
130418 silly gunzTarPerm extractEntry modules/_typed.js
130419 silly gunzTarPerm extractEntry library/modules/_uid.js
130420 silly gunzTarPerm extractEntry src/lib/utils/is-moment-input.js
130421 silly gunzTarPerm modified mode [ 'src/lib/utils/is-moment-input.js', 420, 438 ]
130422 silly gunzTarPerm extractEntry src/lib/utils/is-number.js
130423 silly gunzTarPerm modified mode [ 'src/lib/utils/is-number.js', 420, 438 ]
130424 silly gunzTarPerm extractEntry _parent.js
130425 silly gunzTarPerm modified mode [ '_parent.js', 420, 438 ]
130426 silly gunzTarPerm extractEntry _Promise.js
130427 silly gunzTarPerm modified mode [ '_Promise.js', 420, 438 ]
130428 silly gunzTarPerm extractEntry math/hypot/is-implemented.js
130429 silly gunzTarPerm modified mode [ 'math/hypot/is-implemented.js', 420, 438 ]
130430 silly gunzTarPerm extractEntry math/imul/is-implemented.js
130431 silly gunzTarPerm modified mode [ 'math/imul/is-implemented.js', 420, 438 ]
130432 silly gunzTarPerm extractEntry features-json/css-zoom.json
130433 silly gunzTarPerm modified mode [ 'features-json/css-zoom.json', 420, 438 ]
130434 silly gunzTarPerm extractEntry features-json/css3-attr.json
130435 silly gunzTarPerm modified mode [ 'features-json/css3-attr.json', 420, 438 ]
130436 silly gunzTarPerm extractEntry 2015/CompletePropertyDescriptor.js
130437 silly gunzTarPerm modified mode [ '2015/CompletePropertyDescriptor.js', 420, 438 ]
130438 silly gunzTarPerm extractEntry 2016/CompletePropertyDescriptor.js
130439 silly gunzTarPerm modified mode [ '2016/CompletePropertyDescriptor.js', 420, 438 ]
130440 silly gunzTarPerm extractEntry modules/_uid.js
130441 silly gunzTarPerm extractEntry library/modules/_user-agent.js
130442 silly gunzTarPerm extractEntry data/features/css-touch-action.js
130443 silly gunzTarPerm modified mode [ 'data/features/css-touch-action.js', 420, 438 ]
130444 silly gunzTarPerm extractEntry data/features/css-transitions.js
130445 silly gunzTarPerm modified mode [ 'data/features/css-transitions.js', 420, 438 ]
130446 silly gunzTarPerm extractEntry src/lib/utils/is-object-empty.js
130447 silly gunzTarPerm modified mode [ 'src/lib/utils/is-object-empty.js', 420, 438 ]
130448 silly gunzTarPerm extractEntry src/lib/utils/is-object.js
130449 silly gunzTarPerm modified mode [ 'src/lib/utils/is-object.js', 420, 438 ]
130450 silly gunzTarPerm extractEntry _realNames.js
130451 silly gunzTarPerm modified mode [ '_realNames.js', 420, 438 ]
130452 silly gunzTarPerm extractEntry _reEscape.js
130453 silly gunzTarPerm modified mode [ '_reEscape.js', 420, 438 ]
130454 silly gunzTarPerm extractEntry math/log10/is-implemented.js
130455 silly gunzTarPerm modified mode [ 'math/log10/is-implemented.js', 420, 438 ]
130456 silly gunzTarPerm extractEntry math/log1p/is-implemented.js
130457 silly gunzTarPerm modified mode [ 'math/log1p/is-implemented.js', 420, 438 ]
130458 silly gunzTarPerm extractEntry modules/_user-agent.js
130459 silly gunzTarPerm extractEntry library/modules/_validate-collection.js
130460 silly gunzTarPerm extractEntry features-json/css3-boxsizing.json
130461 silly gunzTarPerm modified mode [ 'features-json/css3-boxsizing.json', 420, 438 ]
130462 silly gunzTarPerm extractEntry features-json/css3-colors.json
130463 silly gunzTarPerm modified mode [ 'features-json/css3-colors.json', 420, 438 ]
130464 silly gunzTarPerm extractEntry 2017/CompletePropertyDescriptor.js
130465 silly gunzTarPerm modified mode [ '2017/CompletePropertyDescriptor.js', 420, 438 ]
130466 silly gunzTarPerm extractEntry data/features/css-unicode-bidi.js
130467 silly gunzTarPerm modified mode [ 'data/features/css-unicode-bidi.js', 420, 438 ]
130468 silly gunzTarPerm extractEntry data/features/css-unset-value.js
130469 silly gunzTarPerm modified mode [ 'data/features/css-unset-value.js', 420, 438 ]
130470 silly gunzTarPerm extractEntry src/lib/utils/is-string.js
130471 silly gunzTarPerm modified mode [ 'src/lib/utils/is-string.js', 420, 438 ]
130472 silly gunzTarPerm extractEntry src/lib/utils/is-undefined.js
130473 silly gunzTarPerm modified mode [ 'src/lib/utils/is-undefined.js', 420, 438 ]
130474 silly gunzTarPerm extractEntry _reEvaluate.js
130475 silly gunzTarPerm modified mode [ '_reEvaluate.js', 420, 438 ]
130476 silly gunzTarPerm extractEntry _reInterpolate.js
130477 silly gunzTarPerm modified mode [ '_reInterpolate.js', 420, 438 ]
130478 silly gunzTarPerm extractEntry math/log2/is-implemented.js
130479 silly gunzTarPerm modified mode [ 'math/log2/is-implemented.js', 420, 438 ]
130480 silly gunzTarPerm extractEntry math/sign/is-implemented.js
130481 silly gunzTarPerm modified mode [ 'math/sign/is-implemented.js', 420, 438 ]
130482 silly gunzTarPerm extractEntry modules/_validate-collection.js
130483 silly gunzTarPerm extractEntry library/modules/_wks-define.js
130484 silly gunzTarPerm extractEntry 2018/CompletePropertyDescriptor.js
130485 silly gunzTarPerm modified mode [ '2018/CompletePropertyDescriptor.js', 420, 438 ]
130486 silly gunzTarPerm extractEntry 2019/CompletePropertyDescriptor.js
130487 silly gunzTarPerm modified mode [ '2019/CompletePropertyDescriptor.js', 420, 438 ]
130488 silly gunzTarPerm extractEntry features-json/css3-cursors-grab.json
130489 silly gunzTarPerm modified mode [ 'features-json/css3-cursors-grab.json', 420, 438 ]
130490 silly gunzTarPerm extractEntry features-json/css3-cursors-newer.json
130491 silly gunzTarPerm modified mode [ 'features-json/css3-cursors-newer.json', 420, 438 ]
130492 silly gunzTarPerm extractEntry data/features/css-variables.js
130493 silly gunzTarPerm modified mode [ 'data/features/css-variables.js', 420, 438 ]
130494 silly gunzTarPerm extractEntry data/features/css-when-else.js
130495 silly gunzTarPerm modified mode [ 'data/features/css-when-else.js', 420, 438 ]
130496 silly gunzTarPerm extractEntry dist/locale/is.js
130497 silly gunzTarPerm modified mode [ 'dist/locale/is.js', 420, 438 ]
130498 silly gunzTarPerm extractEntry locale/is.js
130499 silly gunzTarPerm modified mode [ 'locale/is.js', 420, 438 ]
130500 silly gunzTarPerm extractEntry _reorder.js
130501 silly gunzTarPerm modified mode [ '_reorder.js', 420, 438 ]
130502 silly gunzTarPerm extractEntry _replaceHolders.js
130503 silly gunzTarPerm modified mode [ '_replaceHolders.js', 420, 438 ]
130504 silly gunzTarPerm extractEntry math/sinh/is-implemented.js
130505 silly gunzTarPerm modified mode [ 'math/sinh/is-implemented.js', 420, 438 ]
130506 silly gunzTarPerm extractEntry math/tanh/is-implemented.js
130507 silly gunzTarPerm modified mode [ 'math/tanh/is-implemented.js', 420, 438 ]
130508 silly gunzTarPerm extractEntry modules/_wks-define.js
130509 silly gunzTarPerm extractEntry library/modules/_wks-ext.js
130510 silly gunzTarPerm extractEntry 2020/CompletePropertyDescriptor.js
130511 silly gunzTarPerm modified mode [ '2020/CompletePropertyDescriptor.js', 420, 438 ]
130512 silly gunzTarPerm extractEntry 2021/CompletePropertyDescriptor.js
130513 silly gunzTarPerm modified mode [ '2021/CompletePropertyDescriptor.js', 420, 438 ]
130514 silly gunzTarPerm extractEntry features-json/css3-cursors.json
130515 silly gunzTarPerm modified mode [ 'features-json/css3-cursors.json', 420, 438 ]
130516 silly gunzTarPerm extractEntry features-json/css3-tabsize.json
130517 silly gunzTarPerm modified mode [ 'features-json/css3-tabsize.json', 420, 438 ]
130518 silly gunzTarPerm extractEntry data/features/css-widows-orphans.js
130519 silly gunzTarPerm modified mode [ 'data/features/css-widows-orphans.js', 420, 438 ]
130520 silly gunzTarPerm extractEntry data/features/css-width-stretch.js
130521 silly gunzTarPerm modified mode [ 'data/features/css-width-stretch.js', 420, 438 ]
130522 silly gunzTarPerm extractEntry src/locale/is.js
130523 silly gunzTarPerm modified mode [ 'src/locale/is.js', 420, 438 ]
130524 silly gunzTarPerm extractEntry src/lib/duration/iso-string.js
130525 silly gunzTarPerm modified mode [ 'src/lib/duration/iso-string.js', 420, 438 ]
130526 silly gunzTarPerm extractEntry _root.js
130527 silly gunzTarPerm modified mode [ '_root.js', 420, 438 ]
130528 silly gunzTarPerm extractEntry _safeGet.js
130529 silly gunzTarPerm modified mode [ '_safeGet.js', 420, 438 ]
130530 silly gunzTarPerm extractEntry modules/_wks-ext.js
130531 silly gunzTarPerm extractEntry library/modules/_wks.js
130532 silly gunzTarPerm extractEntry math/trunc/is-implemented.js
130533 silly gunzTarPerm modified mode [ 'math/trunc/is-implemented.js', 420, 438 ]
130534 silly gunzTarPerm extractEntry number/epsilon/is-implemented.js
130535 silly gunzTarPerm modified mode [ 'number/epsilon/is-implemented.js', 420, 438 ]
130536 silly gunzTarPerm extractEntry 2022/CompletePropertyDescriptor.js
130537 silly gunzTarPerm modified mode [ '2022/CompletePropertyDescriptor.js', 420, 438 ]
130538 silly gunzTarPerm extractEntry 2023/CompletePropertyDescriptor.js
130539 silly gunzTarPerm modified mode [ '2023/CompletePropertyDescriptor.js', 420, 438 ]
130540 silly gunzTarPerm extractEntry region-usage-json/CU.json
130541 silly gunzTarPerm modified mode [ 'region-usage-json/CU.json', 420, 438 ]
130542 silly gunzTarPerm extractEntry features-json/currentcolor.json
130543 silly gunzTarPerm modified mode [ 'features-json/currentcolor.json', 420, 438 ]
130544 silly gunzTarPerm extractEntry data/features/css-writing-mode.js
130545 silly gunzTarPerm modified mode [ 'data/features/css-writing-mode.js', 420, 438 ]
130546 silly gunzTarPerm extractEntry data/features/css-zoom.js
130547 silly gunzTarPerm modified mode [ 'data/features/css-zoom.js', 420, 438 ]
130548 silly gunzTarPerm extractEntry dist/locale/it-ch.js
130549 silly gunzTarPerm modified mode [ 'dist/locale/it-ch.js', 420, 438 ]
130550 silly gunzTarPerm extractEntry locale/it-ch.js
130551 silly gunzTarPerm modified mode [ 'locale/it-ch.js', 420, 438 ]
130552 silly gunzTarPerm extractEntry modules/_wks.js
130553 silly gunzTarPerm extractEntry library/stage/0.js
130554 silly gunzTarPerm extractEntry _Set.js
130555 silly gunzTarPerm modified mode [ '_Set.js', 420, 438 ]
130556 silly gunzTarPerm extractEntry _SetCache.js
130557 silly gunzTarPerm modified mode [ '_SetCache.js', 420, 438 ]
130558 silly gunzTarPerm extractEntry number/is-finite/is-implemented.js
130559 silly gunzTarPerm modified mode [ 'number/is-finite/is-implemented.js', 420, 438 ]
130560 silly gunzTarPerm extractEntry number/is-integer/is-implemented.js
130561 silly gunzTarPerm modified mode [ 'number/is-integer/is-implemented.js', 420, 438 ]
130562 silly gunzTarPerm extractEntry 2024/CompletePropertyDescriptor.js
130563 silly gunzTarPerm modified mode [ '2024/CompletePropertyDescriptor.js', 420, 438 ]
130564 silly gunzTarPerm extractEntry 2015/CompletionRecord.js
130565 silly gunzTarPerm modified mode [ '2015/CompletionRecord.js', 420, 438 ]
130566 silly gunzTarPerm extractEntry features-json/custom-elements.json
130567 silly gunzTarPerm modified mode [ 'features-json/custom-elements.json', 420, 438 ]
130568 silly gunzTarPerm extractEntry features-json/custom-elementsv1.json
130569 silly gunzTarPerm modified mode [ 'features-json/custom-elementsv1.json', 420, 438 ]
130570 silly gunzTarPerm extractEntry data/features/css3-attr.js
130571 silly gunzTarPerm modified mode [ 'data/features/css3-attr.js', 420, 438 ]
130572 silly gunzTarPerm extractEntry data/features/css3-boxsizing.js
130573 silly gunzTarPerm modified mode [ 'data/features/css3-boxsizing.js', 420, 438 ]
130574 silly gunzTarPerm extractEntry src/locale/it-ch.js
130575 silly gunzTarPerm modified mode [ 'src/locale/it-ch.js', 420, 438 ]
130576 silly gunzTarPerm extractEntry dist/locale/it.js
130577 silly gunzTarPerm modified mode [ 'dist/locale/it.js', 420, 438 ]
130578 silly gunzTarPerm extractEntry _setCacheAdd.js
130579 silly gunzTarPerm modified mode [ '_setCacheAdd.js', 420, 438 ]
130580 silly gunzTarPerm extractEntry _setCacheHas.js
130581 silly gunzTarPerm modified mode [ '_setCacheHas.js', 420, 438 ]
130582 silly gunzTarPerm extractEntry stage/0.js
130583 silly gunzTarPerm extractEntry library/stage/1.js
130584 silly gunzTarPerm extractEntry number/is-nan/is-implemented.js
130585 silly gunzTarPerm modified mode [ 'number/is-nan/is-implemented.js', 420, 438 ]
130586 silly gunzTarPerm extractEntry number/is-safe-integer/is-implemented.js
130587 silly gunzTarPerm modified mode [ 'number/is-safe-integer/is-implemented.js', 420, 438 ]
130588 silly gunzTarPerm extractEntry 2016/CompletionRecord.js
130589 silly gunzTarPerm modified mode [ '2016/CompletionRecord.js', 420, 438 ]
130590 silly gunzTarPerm extractEntry 2017/CompletionRecord.js
130591 silly gunzTarPerm modified mode [ '2017/CompletionRecord.js', 420, 438 ]
130592 silly gunzTarPerm extractEntry features-json/customevent.json
130593 silly gunzTarPerm modified mode [ 'features-json/customevent.json', 420, 438 ]
130594 silly gunzTarPerm extractEntry region-usage-json/CV.json
130595 silly gunzTarPerm modified mode [ 'region-usage-json/CV.json', 420, 438 ]
130596 silly gunzTarPerm extractEntry data/features/css3-colors.js
130597 silly gunzTarPerm modified mode [ 'data/features/css3-colors.js', 420, 438 ]
130598 silly gunzTarPerm extractEntry data/features/css3-cursors-grab.js
130599 silly gunzTarPerm modified mode [ 'data/features/css3-cursors-grab.js', 420, 438 ]
130600 silly gunzTarPerm extractEntry locale/it.js
130601 silly gunzTarPerm modified mode [ 'locale/it.js', 420, 438 ]
130602 silly gunzTarPerm extractEntry src/locale/it.js
130603 silly gunzTarPerm modified mode [ 'src/locale/it.js', 420, 438 ]
130604 silly gunzTarPerm extractEntry _setData.js
130605 silly gunzTarPerm modified mode [ '_setData.js', 420, 438 ]
130606 silly gunzTarPerm extractEntry _setToArray.js
130607 silly gunzTarPerm modified mode [ '_setToArray.js', 420, 438 ]
130608 silly gunzTarPerm extractEntry stage/1.js
130609 silly gunzTarPerm extractEntry library/stage/2.js
130610 silly gunzTarPerm extractEntry number/max-safe-integer/is-implemented.js
130611 silly gunzTarPerm modified mode [ 'number/max-safe-integer/is-implemented.js', 420, 438 ]
130612 silly gunzTarPerm extractEntry number/min-safe-integer/is-implemented.js
130613 silly gunzTarPerm modified mode [ 'number/min-safe-integer/is-implemented.js', 420, 438 ]
130614 silly gunzTarPerm extractEntry 2018/CompletionRecord.js
130615 silly gunzTarPerm modified mode [ '2018/CompletionRecord.js', 420, 438 ]
130616 silly gunzTarPerm extractEntry 2019/CompletionRecord.js
130617 silly gunzTarPerm modified mode [ '2019/CompletionRecord.js', 420, 438 ]
130618 silly gunzTarPerm extractEntry region-usage-json/CX.json
130619 silly gunzTarPerm modified mode [ 'region-usage-json/CX.json', 420, 438 ]
130620 silly gunzTarPerm extractEntry region-usage-json/CY.json
130621 silly gunzTarPerm modified mode [ 'region-usage-json/CY.json', 420, 438 ]
130622 silly gunzTarPerm extractEntry data/features/css3-cursors-newer.js
130623 silly gunzTarPerm modified mode [ 'data/features/css3-cursors-newer.js', 420, 438 ]
130624 silly gunzTarPerm extractEntry data/features/css3-cursors.js
130625 silly gunzTarPerm modified mode [ 'data/features/css3-cursors.js', 420, 438 ]
130626 silly gunzTarPerm extractEntry dist/locale/ja.js
130627 silly gunzTarPerm modified mode [ 'dist/locale/ja.js', 420, 438 ]
130628 silly gunzTarPerm extractEntry locale/ja.js
130629 silly gunzTarPerm modified mode [ 'locale/ja.js', 420, 438 ]
130630 silly gunzTarPerm extractEntry _setToPairs.js
130631 silly gunzTarPerm modified mode [ '_setToPairs.js', 420, 438 ]
130632 silly gunzTarPerm extractEntry _setToString.js
130633 silly gunzTarPerm modified mode [ '_setToString.js', 420, 438 ]
130634 silly gentlyRm C:\Users\Dell\Documents\INV\inventory\node_modules\.staging\css-tree-6f853278\node_modules is being purged
130635 verbose gentlyRm don't care about contents; nuking C:\Users\Dell\Documents\INV\inventory\node_modules\.staging\css-tree-6f853278\node_modules
130636 silly gunzTarPerm extractEntry stage/2.js
130637 silly gunzTarPerm extractEntry library/stage/3.js
130638 silly gunzTarPerm extractEntry object/assign/is-implemented.js
130639 silly gunzTarPerm modified mode [ 'object/assign/is-implemented.js', 420, 438 ]
130640 silly gunzTarPerm extractEntry object/entries/is-implemented.js
130641 silly gunzTarPerm modified mode [ 'object/entries/is-implemented.js', 420, 438 ]
130642 silly gunzTarPerm extractEntry 2020/CompletionRecord.js
130643 silly gunzTarPerm modified mode [ '2020/CompletionRecord.js', 420, 438 ]
130644 silly gunzTarPerm extractEntry 2021/CompletionRecord.js
130645 silly gunzTarPerm modified mode [ '2021/CompletionRecord.js', 420, 438 ]
130646 silly gunzTarPerm extractEntry region-usage-json/CZ.json
130647 silly gunzTarPerm modified mode [ 'region-usage-json/CZ.json', 420, 438 ]
130648 silly gunzTarPerm extractEntry fulldata-json/data-1.0.json
130649 silly gunzTarPerm modified mode [ 'fulldata-json/data-1.0.json', 420, 438 ]
130650 silly gentlyRm C:\Users\Dell\Documents\INV\inventory\node_modules\.staging\node-gyp-cd01ab1f\node_modules is being purged
130651 verbose gentlyRm don't care about contents; nuking C:\Users\Dell\Documents\INV\inventory\node_modules\.staging\node-gyp-cd01ab1f\node_modules
130652 silly gunzTarPerm extractEntry data/features/css3-tabsize.js
130653 silly gunzTarPerm modified mode [ 'data/features/css3-tabsize.js', 420, 438 ]
130654 silly gunzTarPerm extractEntry data/regions/CU.js
130655 silly gunzTarPerm modified mode [ 'data/regions/CU.js', 420, 438 ]
130656 silly gunzTarPerm extractEntry _setWrapToString.js
130657 silly gunzTarPerm modified mode [ '_setWrapToString.js', 420, 438 ]
130658 silly gunzTarPerm extractEntry _shortOut.js
130659 silly gunzTarPerm modified mode [ '_shortOut.js', 420, 438 ]
130660 silly gunzTarPerm extractEntry src/locale/ja.js
130661 silly gunzTarPerm modified mode [ 'src/locale/ja.js', 420, 438 ]
130662 silly gunzTarPerm extractEntry dist/locale/jv.js
130663 silly gunzTarPerm modified mode [ 'dist/locale/jv.js', 420, 438 ]
130664 silly gunzTarPerm extractEntry stage/3.js
130665 silly gunzTarPerm extractEntry library/stage/4.js
130666 silly gunzTarPerm extractEntry 2022/CompletionRecord.js
130667 silly gunzTarPerm modified mode [ '2022/CompletionRecord.js', 420, 438 ]
130668 silly gunzTarPerm extractEntry 2023/CompletionRecord.js
130669 silly gunzTarPerm modified mode [ '2023/CompletionRecord.js', 420, 438 ]
130670 silly gunzTarPerm extractEntry object/keys/is-implemented.js
130671 silly gunzTarPerm modified mode [ 'object/keys/is-implemented.js', 420, 438 ]
130672 silly gunzTarPerm extractEntry object/set-prototype-of/is-implemented.js
130673 silly gunzTarPerm modified mode [ 'object/set-prototype-of/is-implemented.js', 420, 438 ]
130674 silly gunzTarPerm extractEntry data/features/currentcolor.js
130675 silly gunzTarPerm modified mode [ 'data/features/currentcolor.js', 420, 438 ]
130676 silly gunzTarPerm extractEntry data/features/custom-elements.js
130677 silly gunzTarPerm modified mode [ 'data/features/custom-elements.js', 420, 438 ]
130678 silly gunzTarPerm extractEntry _shuffleSelf.js
130679 silly gunzTarPerm modified mode [ '_shuffleSelf.js', 420, 438 ]
130680 silly gunzTarPerm extractEntry _Stack.js
130681 silly gunzTarPerm modified mode [ '_Stack.js', 420, 438 ]
130682 silly gunzTarPerm extractEntry locale/jv.js
130683 silly gunzTarPerm modified mode [ 'locale/jv.js', 420, 438 ]
130684 silly gunzTarPerm extractEntry src/locale/jv.js
130685 silly gunzTarPerm modified mode [ 'src/locale/jv.js', 420, 438 ]
130686 silly gentlyRm C:\Users\Dell\Documents\INV\inventory\node_modules\.staging\css-tree-c21fc934\node_modules is being purged
130687 verbose gentlyRm don't care about contents; nuking C:\Users\Dell\Documents\INV\inventory\node_modules\.staging\css-tree-c21fc934\node_modules
130688 silly gunzTarPerm extractEntry stage/4.js
130689 silly gunzTarPerm extractEntry fn/math/acosh.js
130690 silly gunzTarPerm extractEntry promise/#/finally/is-implemented.js
130691 silly gunzTarPerm modified mode [ 'promise/#/finally/is-implemented.js', 420, 438 ]
130692 silly gunzTarPerm extractEntry reg-exp/#/match/is-implemented.js
130693 silly gunzTarPerm modified mode [ 'reg-exp/#/match/is-implemented.js', 420, 438 ]
130694 silly gunzTarPerm extractEntry 2024/CompletionRecord.js
130695 silly gunzTarPerm modified mode [ '2024/CompletionRecord.js', 420, 438 ]
130696 silly gunzTarPerm extractEntry 2018/CopyDataProperties.js
130697 silly gunzTarPerm modified mode [ '2018/CopyDataProperties.js', 420, 438 ]
130698 silly gunzTarPerm extractEntry data/features/custom-elementsv1.js
130699 silly gunzTarPerm modified mode [ 'data/features/custom-elementsv1.js', 420, 438 ]
130700 silly gunzTarPerm extractEntry data/features/customevent.js
130701 silly gunzTarPerm modified mode [ 'data/features/customevent.js', 420, 438 ]
130702 silly gunzTarPerm extractEntry _stackClear.js
130703 silly gunzTarPerm modified mode [ '_stackClear.js', 420, 438 ]
130704 silly gunzTarPerm extractEntry _stackDelete.js
130705 silly gunzTarPerm modified mode [ '_stackDelete.js', 420, 438 ]
130706 silly gunzTarPerm extractEntry dist/locale/ka.js
130707 silly gunzTarPerm modified mode [ 'dist/locale/ka.js', 420, 438 ]
130708 silly gunzTarPerm extractEntry locale/ka.js
130709 silly gunzTarPerm modified mode [ 'locale/ka.js', 420, 438 ]
130710 silly gunzTarPerm extractEntry library/fn/math/acosh.js
130711 silly gunzTarPerm extractEntry fn/string/anchor.js
130712 silly gunzTarPerm extractEntry reg-exp/#/replace/is-implemented.js
130713 silly gunzTarPerm modified mode [ 'reg-exp/#/replace/is-implemented.js', 420, 438 ]
130714 silly gunzTarPerm extractEntry reg-exp/#/search/is-implemented.js
130715 silly gunzTarPerm modified mode [ 'reg-exp/#/search/is-implemented.js', 420, 438 ]
130716 silly gunzTarPerm extractEntry 2019/CopyDataProperties.js
130717 silly gunzTarPerm modified mode [ '2019/CopyDataProperties.js', 420, 438 ]
130718 silly gunzTarPerm extractEntry 2020/CopyDataProperties.js
130719 silly gunzTarPerm modified mode [ '2020/CopyDataProperties.js', 420, 438 ]
130720 silly gunzTarPerm extractEntry data/regions/CV.js
130721 silly gunzTarPerm modified mode [ 'data/regions/CV.js', 420, 438 ]
130722 silly gunzTarPerm extractEntry data/regions/CX.js
130723 silly gunzTarPerm modified mode [ 'data/regions/CX.js', 420, 438 ]
130724 silly gunzTarPerm extractEntry _stackGet.js
130725 silly gunzTarPerm modified mode [ '_stackGet.js', 420, 438 ]
130726 silly gunzTarPerm extractEntry _stackHas.js
130727 silly gunzTarPerm modified mode [ '_stackHas.js', 420, 438 ]
130728 silly gunzTarPerm extractEntry fn/string/virtual/anchor.js
130729 silly gunzTarPerm extractEntry library/fn/string/anchor.js
130730 silly gunzTarPerm extractEntry src/locale/ka.js
130731 silly gunzTarPerm modified mode [ 'src/locale/ka.js', 420, 438 ]
130732 silly gunzTarPerm extractEntry src/lib/utils/keys.js
130733 silly gunzTarPerm modified mode [ 'src/lib/utils/keys.js', 420, 438 ]
130734 silly gentlyRm C:\Users\Dell\Documents\INV\inventory\node_modules\.staging\async-f9a2cae3\node_modules is being purged
130735 verbose gentlyRm don't care about contents; nuking C:\Users\Dell\Documents\INV\inventory\node_modules\.staging\async-f9a2cae3\node_modules
130736 silly gunzTarPerm extractEntry 2021/CopyDataProperties.js
130737 silly gunzTarPerm modified mode [ '2021/CopyDataProperties.js', 420, 438 ]
130738 silly gunzTarPerm extractEntry 2022/CopyDataProperties.js
130739 silly gunzTarPerm modified mode [ '2022/CopyDataProperties.js', 420, 438 ]
130740 silly gunzTarPerm extractEntry reg-exp/#/split/is-implemented.js
130741 silly gunzTarPerm modified mode [ 'reg-exp/#/split/is-implemented.js', 420, 438 ]
130742 silly gunzTarPerm extractEntry reg-exp/#/sticky/is-implemented.js
130743 silly gunzTarPerm modified mode [ 'reg-exp/#/sticky/is-implemented.js', 420, 438 ]
130744 silly gunzTarPerm extractEntry data/regions/CY.js
130745 silly gunzTarPerm modified mode [ 'data/regions/CY.js', 420, 438 ]
130746 silly gunzTarPerm extractEntry data/regions/CZ.js
130747 silly gunzTarPerm modified mode [ 'data/regions/CZ.js', 420, 438 ]
130748 silly gunzTarPerm extractEntry library/fn/string/virtual/anchor.js
130749 silly gunzTarPerm extractEntry fn/reflect/apply.js
130750 silly gunzTarPerm extractEntry _stackSet.js
130751 silly gunzTarPerm modified mode [ '_stackSet.js', 420, 438 ]
130752 silly gunzTarPerm extractEntry _strictIndexOf.js
130753 silly gunzTarPerm modified mode [ '_strictIndexOf.js', 420, 438 ]
130754 silly gunzTarPerm extractEntry dist/locale/kk.js
130755 silly gunzTarPerm modified mode [ 'dist/locale/kk.js', 420, 438 ]
130756 silly gunzTarPerm extractEntry locale/kk.js
130757 silly gunzTarPerm modified mode [ 'locale/kk.js', 420, 438 ]
130758 silly gentlyRm C:\Users\Dell\Documents\INV\inventory\node_modules\.staging\jquery-2f5cc98e\node_modules is being purged
130759 verbose gentlyRm don't care about contents; nuking C:\Users\Dell\Documents\INV\inventory\node_modules\.staging\jquery-2f5cc98e\node_modules
130760 silly gunzTarPerm extractEntry 2023/CopyDataProperties.js
130761 silly gunzTarPerm modified mode [ '2023/CopyDataProperties.js', 420, 438 ]
130762 silly gunzTarPerm extractEntry 2024/CopyDataProperties.js
130763 silly gunzTarPerm modified mode [ '2024/CopyDataProperties.js', 420, 438 ]
130764 silly gunzTarPerm extractEntry library/fn/reflect/apply.js
130765 silly gunzTarPerm extractEntry fn/typed/array-buffer.js
130766 silly gunzTarPerm extractEntry reg-exp/#/unicode/is-implemented.js
130767 silly gunzTarPerm modified mode [ 'reg-exp/#/unicode/is-implemented.js', 420, 438 ]
130768 silly gunzTarPerm extractEntry string/#/@@iterator/is-implemented.js
130769 silly gunzTarPerm modified mode [ 'string/#/@@iterator/is-implemented.js', 420, 438 ]
130770 silly gunzTarPerm extractEntry data/features/datalist.js
130771 silly gunzTarPerm modified mode [ 'data/features/datalist.js', 420, 438 ]
130772 silly gunzTarPerm extractEntry data/features/dataset.js
130773 silly gunzTarPerm modified mode [ 'data/features/dataset.js', 420, 438 ]
130774 silly gunzTarPerm extractEntry _strictLastIndexOf.js
130775 silly gunzTarPerm modified mode [ '_strictLastIndexOf.js', 420, 438 ]
130776 silly gunzTarPerm extractEntry _stringSize.js
130777 silly gunzTarPerm modified mode [ '_stringSize.js', 420, 438 ]
130778 silly gunzTarPerm extractEntry src/locale/kk.js
130779 silly gunzTarPerm modified mode [ 'src/locale/kk.js', 420, 438 ]
130780 silly gunzTarPerm extractEntry dist/locale/km.js
130781 silly gunzTarPerm modified mode [ 'dist/locale/km.js', 420, 438 ]
130782 silly gentlyRm C:\Users\Dell\Documents\INV\inventory\node_modules\.staging\type-2881b348\node_modules is being purged
130783 verbose gentlyRm don't care about contents; nuking C:\Users\Dell\Documents\INV\inventory\node_modules\.staging\type-2881b348\node_modules
130784 silly gunzTarPerm extractEntry 2018/CreateAsyncFromSyncIterator.js
130785 silly gunzTarPerm modified mode [ '2018/CreateAsyncFromSyncIterator.js', 420, 438 ]
130786 silly gunzTarPerm extractEntry 2019/CreateAsyncFromSyncIterator.js
130787 silly gunzTarPerm modified mode [ '2019/CreateAsyncFromSyncIterator.js', 420, 438 ]
130788 silly gunzTarPerm extractEntry library/fn/typed/array-buffer.js
130789 silly gunzTarPerm extractEntry es6/array.js
130790 silly gunzTarPerm extractEntry data/features/datauri.js
130791 silly gunzTarPerm modified mode [ 'data/features/datauri.js', 420, 438 ]
130792 silly gunzTarPerm extractEntry data/features/date-tolocaledatestring.js
130793 silly gunzTarPerm modified mode [ 'data/features/date-tolocaledatestring.js', 420, 438 ]
130794 silly gunzTarPerm extractEntry string/#/code-point-at/is-implemented.js
130795 silly gunzTarPerm modified mode [ 'string/#/code-point-at/is-implemented.js', 420, 438 ]
130796 silly gunzTarPerm extractEntry string/#/contains/is-implemented.js
130797 silly gunzTarPerm modified mode [ 'string/#/contains/is-implemented.js', 420, 438 ]
130798 silly gunzTarPerm extractEntry _stringToArray.js
130799 silly gunzTarPerm modified mode [ '_stringToArray.js', 420, 438 ]
130800 silly gunzTarPerm extractEntry _stringToPath.js
130801 silly gunzTarPerm modified mode [ '_stringToPath.js', 420, 438 ]
130802 silly gunzTarPerm extractEntry locale/km.js
130803 silly gunzTarPerm modified mode [ 'locale/km.js', 420, 438 ]
130804 silly gunzTarPerm extractEntry src/locale/km.js
130805 silly gunzTarPerm modified mode [ 'src/locale/km.js', 420, 438 ]
130806 silly gunzTarPerm extractEntry 2020/CreateAsyncFromSyncIterator.js
130807 silly gunzTarPerm modified mode [ '2020/CreateAsyncFromSyncIterator.js', 420, 438 ]
130808 silly gunzTarPerm extractEntry 2021/CreateAsyncFromSyncIterator.js
130809 silly gunzTarPerm modified mode [ '2021/CreateAsyncFromSyncIterator.js', 420, 438 ]
130810 silly gunzTarPerm extractEntry es7/array.js
130811 silly gunzTarPerm extractEntry library/es6/array.js
130812 silly gunzTarPerm extractEntry string/#/ends-with/is-implemented.js
130813 silly gunzTarPerm modified mode [ 'string/#/ends-with/is-implemented.js', 420, 438 ]
130814 silly gunzTarPerm extractEntry string/#/normalize/is-implemented.js
130815 silly gunzTarPerm modified mode [ 'string/#/normalize/is-implemented.js', 420, 438 ]
130816 silly gunzTarPerm extractEntry data/regions/DE.js
130817 silly gunzTarPerm modified mode [ 'data/regions/DE.js', 420, 438 ]
130818 silly gunzTarPerm extractEntry data/features/declarative-shadow-dom.js
130819 silly gunzTarPerm modified mode [ 'data/features/declarative-shadow-dom.js', 420, 438 ]
130820 silly gunzTarPerm extractEntry _Symbol.js
130821 silly gunzTarPerm modified mode [ '_Symbol.js', 420, 438 ]
130822 silly gunzTarPerm extractEntry _toKey.js
130823 silly gunzTarPerm modified mode [ '_toKey.js', 420, 438 ]
130824 silly gunzTarPerm extractEntry 2022/CreateAsyncFromSyncIterator.js
130825 silly gunzTarPerm modified mode [ '2022/CreateAsyncFromSyncIterator.js', 420, 438 ]
130826 silly gunzTarPerm extractEntry 2023/CreateAsyncFromSyncIterator.js
130827 silly gunzTarPerm modified mode [ '2023/CreateAsyncFromSyncIterator.js', 420, 438 ]
130828 silly gunzTarPerm extractEntry dist/locale/kn.js
130829 silly gunzTarPerm modified mode [ 'dist/locale/kn.js', 420, 438 ]
130830 silly gunzTarPerm extractEntry locale/kn.js
130831 silly gunzTarPerm modified mode [ 'locale/kn.js', 420, 438 ]
130832 silly gunzTarPerm extractEntry string/#/repeat/is-implemented.js
130833 silly gunzTarPerm modified mode [ 'string/#/repeat/is-implemented.js', 420, 438 ]
130834 silly gunzTarPerm extractEntry string/#/starts-with/is-implemented.js
130835 silly gunzTarPerm modified mode [ 'string/#/starts-with/is-implemented.js', 420, 438 ]
130836 silly gunzTarPerm extractEntry library/es7/array.js
130837 silly gunzTarPerm extractEntry es7/asap.js
130838 silly gunzTarPerm extractEntry data/features/decorators.js
130839 silly gunzTarPerm modified mode [ 'data/features/decorators.js', 420, 438 ]
130840 silly gunzTarPerm extractEntry data/features/details.js
130841 silly gunzTarPerm modified mode [ 'data/features/details.js', 420, 438 ]
130842 silly gunzTarPerm extractEntry _toSource.js
130843 silly gunzTarPerm modified mode [ '_toSource.js', 420, 438 ]
130844 silly gunzTarPerm extractEntry _trimmedEndIndex.js
130845 silly gunzTarPerm modified mode [ '_trimmedEndIndex.js', 420, 438 ]
130846 silly gunzTarPerm extractEntry 2024/CreateAsyncFromSyncIterator.js
130847 silly gunzTarPerm modified mode [ '2024/CreateAsyncFromSyncIterator.js', 420, 438 ]
130848 silly gunzTarPerm extractEntry 2015/CreateDataProperty.js
130849 silly gunzTarPerm modified mode [ '2015/CreateDataProperty.js', 420, 438 ]
130850 silly gunzTarPerm extractEntry src/locale/kn.js
130851 silly gunzTarPerm modified mode [ 'src/locale/kn.js', 420, 438 ]
130852 silly gunzTarPerm extractEntry dist/locale/ko.js
130853 silly gunzTarPerm modified mode [ 'dist/locale/ko.js', 420, 438 ]
130854 silly gunzTarPerm extractEntry string/from-code-point/is-implemented.js
130855 silly gunzTarPerm modified mode [ 'string/from-code-point/is-implemented.js', 420, 438 ]
130856 silly gunzTarPerm extractEntry string/raw/is-implemented.js
130857 silly gunzTarPerm modified mode [ 'string/raw/is-implemented.js', 420, 438 ]
130858 silly gunzTarPerm extractEntry fn/asap.js
130859 silly gunzTarPerm extractEntry library/es7/asap.js
130860 silly gunzTarPerm extractEntry data/features/deviceorientation.js
130861 silly gunzTarPerm modified mode [ 'data/features/deviceorientation.js', 420, 438 ]
130862 silly gunzTarPerm extractEntry data/features/devicepixelratio.js
130863 silly gunzTarPerm modified mode [ 'data/features/devicepixelratio.js', 420, 438 ]
130864 silly gunzTarPerm extractEntry 2016/CreateDataProperty.js
130865 silly gunzTarPerm modified mode [ '2016/CreateDataProperty.js', 420, 438 ]
130866 silly gunzTarPerm extractEntry 2017/CreateDataProperty.js
130867 silly gunzTarPerm modified mode [ '2017/CreateDataProperty.js', 420, 438 ]
130868 silly gunzTarPerm extractEntry _Uint8Array.js
130869 silly gunzTarPerm modified mode [ '_Uint8Array.js', 420, 438 ]
130870 silly gunzTarPerm extractEntry _unescapeHtmlChar.js
130871 silly gunzTarPerm modified mode [ '_unescapeHtmlChar.js', 420, 438 ]
130872 silly gunzTarPerm extractEntry locale/ko.js
130873 silly gunzTarPerm modified mode [ 'locale/ko.js', 420, 438 ]
130874 silly gunzTarPerm extractEntry src/locale/ko.js
130875 silly gunzTarPerm modified mode [ 'src/locale/ko.js', 420, 438 ]
130876 silly gunzTarPerm extractEntry object/is-integer.js
130877 silly gunzTarPerm modified mode [ 'object/is-integer.js', 420, 438 ]
130878 silly gunzTarPerm extractEntry object/is-natural-number-value.js
130879 silly gunzTarPerm modified mode [ 'object/is-natural-number-value.js', 420, 438 ]
130880 silly gunzTarPerm extractEntry library/fn/asap.js
130881 silly gunzTarPerm extractEntry fn/math/asinh.js
130882 silly gunzTarPerm extractEntry 2018/CreateDataProperty.js
130883 silly gunzTarPerm modified mode [ '2018/CreateDataProperty.js', 420, 438 ]
130884 silly gunzTarPerm extractEntry 2019/CreateDataProperty.js
130885 silly gunzTarPerm modified mode [ '2019/CreateDataProperty.js', 420, 438 ]
130886 silly gunzTarPerm extractEntry data/features/dialog.js
130887 silly gunzTarPerm modified mode [ 'data/features/dialog.js', 420, 438 ]
130888 silly gunzTarPerm extractEntry data/features/dispatchevent.js
130889 silly gunzTarPerm modified mode [ 'data/features/dispatchevent.js', 420, 438 ]
130890 silly gunzTarPerm extractEntry _unicodeSize.js
130891 silly gunzTarPerm modified mode [ '_unicodeSize.js', 420, 438 ]
130892 silly gunzTarPerm extractEntry _unicodeToArray.js
130893 silly gunzTarPerm modified mode [ '_unicodeToArray.js', 420, 438 ]
130894 silly gunzTarPerm extractEntry dist/locale/ku-kmr.js
130895 silly gunzTarPerm modified mode [ 'dist/locale/ku-kmr.js', 420, 438 ]
130896 silly gunzTarPerm extractEntry locale/ku-kmr.js
130897 silly gunzTarPerm modified mode [ 'locale/ku-kmr.js', 420, 438 ]
130898 silly gunzTarPerm extractEntry object/is-natural-number.js
130899 silly gunzTarPerm modified mode [ 'object/is-natural-number.js', 420, 438 ]
130900 silly gunzTarPerm extractEntry number/is-natural.js
130901 silly gunzTarPerm modified mode [ 'number/is-natural.js', 420, 438 ]
130902 silly gunzTarPerm extractEntry library/fn/math/asinh.js
130903 silly gunzTarPerm extractEntry fn/object/assign.js
130904 silly gunzTarPerm extractEntry 2020/CreateDataProperty.js
130905 silly gunzTarPerm modified mode [ '2020/CreateDataProperty.js', 420, 438 ]
130906 silly gunzTarPerm extractEntry 2021/CreateDataProperty.js
130907 silly gunzTarPerm modified mode [ '2021/CreateDataProperty.js', 420, 438 ]
130908 silly gentlyRm C:\Users\Dell\Documents\INV\inventory\node_modules\.staging\async-a37b3f24\node_modules is being purged
130909 verbose gentlyRm don't care about contents; nuking C:\Users\Dell\Documents\INV\inventory\node_modules\.staging\async-a37b3f24\node_modules
130910 silly gunzTarPerm extractEntry data/regions/DJ.js
130911 silly gunzTarPerm modified mode [ 'data/regions/DJ.js', 420, 438 ]
130912 silly gunzTarPerm extractEntry data/regions/DK.js
130913 silly gunzTarPerm modified mode [ 'data/regions/DK.js', 420, 438 ]
130914 silly gunzTarPerm extractEntry _unicodeWords.js
130915 silly gunzTarPerm modified mode [ '_unicodeWords.js', 420, 438 ]
130916 silly gunzTarPerm extractEntry _updateWrapDetails.js
130917 silly gunzTarPerm modified mode [ '_updateWrapDetails.js', 420, 438 ]
130918 silly gunzTarPerm extractEntry src/locale/ku-kmr.js
130919 silly gunzTarPerm modified mode [ 'src/locale/ku-kmr.js', 420, 438 ]
130920 silly gunzTarPerm extractEntry dist/locale/ku.js
130921 silly gunzTarPerm modified mode [ 'dist/locale/ku.js', 420, 438 ]
130922 silly gunzTarPerm extractEntry object/is-number-value.js
130923 silly gunzTarPerm modified mode [ 'object/is-number-value.js', 420, 438 ]
130924 silly gunzTarPerm extractEntry number/is-number.js
130925 silly gunzTarPerm modified mode [ 'number/is-number.js', 420, 438 ]
130926 silly gunzTarPerm extractEntry library/fn/object/assign.js
130927 silly gunzTarPerm extractEntry fn/symbol/async-iterator.js
130928 silly gunzTarPerm extractEntry 2022/CreateDataProperty.js
130929 silly gunzTarPerm modified mode [ '2022/CreateDataProperty.js', 420, 438 ]
130930 silly gunzTarPerm extractEntry 2023/CreateDataProperty.js
130931 silly gunzTarPerm modified mode [ '2023/CreateDataProperty.js', 420, 438 ]
130932 silly gunzTarPerm extractEntry fp/_util.js
130933 silly gunzTarPerm modified mode [ 'fp/_util.js', 420, 438 ]
130934 silly gunzTarPerm extractEntry _WeakMap.js
130935 silly gunzTarPerm modified mode [ '_WeakMap.js', 420, 438 ]
130936 silly gunzTarPerm extractEntry data/regions/DM.js
130937 silly gunzTarPerm modified mode [ 'data/regions/DM.js', 420, 438 ]
130938 silly gunzTarPerm extractEntry data/features/dnssec.js
130939 silly gunzTarPerm modified mode [ 'data/features/dnssec.js', 420, 438 ]
130940 silly gunzTarPerm extractEntry object/is-object.js
130941 silly gunzTarPerm modified mode [ 'object/is-object.js', 420, 438 ]
130942 silly gunzTarPerm extractEntry array/is-plain-array.js
130943 silly gunzTarPerm modified mode [ 'array/is-plain-array.js', 420, 438 ]
130944 silly gunzTarPerm extractEntry locale/ku.js
130945 silly gunzTarPerm modified mode [ 'locale/ku.js', 420, 438 ]
130946 silly gunzTarPerm extractEntry src/locale/ku.js
130947 silly gunzTarPerm modified mode [ 'src/locale/ku.js', 420, 438 ]
130948 silly gunzTarPerm extractEntry 2024/CreateDataProperty.js
130949 silly gunzTarPerm modified mode [ '2024/CreateDataProperty.js', 420, 438 ]
130950 silly gunzTarPerm extractEntry 2015/CreateDataPropertyOrThrow.js
130951 silly gunzTarPerm modified mode [ '2015/CreateDataPropertyOrThrow.js', 420, 438 ]
130952 silly gunzTarPerm extractEntry library/fn/symbol/async-iterator.js
130953 silly gunzTarPerm extractEntry fn/string/at.js
130954 silly gunzTarPerm extractEntry _wrapperClone.js
130955 silly gunzTarPerm modified mode [ '_wrapperClone.js', 420, 438 ]
130956 silly gunzTarPerm extractEntry add.js
130957 silly gunzTarPerm modified mode [ 'add.js', 420, 438 ]
130958 silly gunzTarPerm extractEntry data/features/do-not-track.js
130959 silly gunzTarPerm modified mode [ 'data/features/do-not-track.js', 420, 438 ]
130960 silly gunzTarPerm extractEntry data/regions/DO.js
130961 silly gunzTarPerm modified mode [ 'data/regions/DO.js', 420, 438 ]
130962 silly gunzTarPerm extractEntry object/is-plain-function.js
130963 silly gunzTarPerm modified mode [ 'object/is-plain-function.js', 420, 438 ]
130964 silly gunzTarPerm extractEntry object/is-plain-object.js
130965 silly gunzTarPerm modified mode [ 'object/is-plain-object.js', 420, 438 ]
130966 silly gunzTarPerm extractEntry dist/locale/ky.js
130967 silly gunzTarPerm modified mode [ 'dist/locale/ky.js', 420, 438 ]
130968 silly gunzTarPerm extractEntry locale/ky.js
130969 silly gunzTarPerm modified mode [ 'locale/ky.js', 420, 438 ]
130970 silly gunzTarPerm extractEntry 2016/CreateDataPropertyOrThrow.js
130971 silly gunzTarPerm modified mode [ '2016/CreateDataPropertyOrThrow.js', 420, 438 ]
130972 silly gunzTarPerm extractEntry 2017/CreateDataPropertyOrThrow.js
130973 silly gunzTarPerm modified mode [ '2017/CreateDataPropertyOrThrow.js', 420, 438 ]
130974 silly gunzTarPerm extractEntry fn/string/virtual/at.js
130975 silly gunzTarPerm extractEntry library/fn/string/at.js
130976 silly gunzTarPerm extractEntry fp/add.js
130977 silly gunzTarPerm modified mode [ 'fp/add.js', 420, 438 ]
130978 silly gunzTarPerm extractEntry after.js
130979 silly gunzTarPerm modified mode [ 'after.js', 420, 438 ]
130980 silly gunzTarPerm extractEntry object/is-promise.js
130981 silly gunzTarPerm modified mode [ 'object/is-promise.js', 420, 438 ]
130982 silly gunzTarPerm extractEntry reg-exp/is-reg-exp.js
130983 silly gunzTarPerm modified mode [ 'reg-exp/is-reg-exp.js', 420, 438 ]
130984 silly gunzTarPerm extractEntry data/features/document-currentscript.js
130985 silly gunzTarPerm modified mode [ 'data/features/document-currentscript.js', 420, 438 ]
130986 silly gunzTarPerm extractEntry data/features/document-evaluate-xpath.js
130987 silly gunzTarPerm modified mode [ 'data/features/document-evaluate-xpath.js', 420, 438 ]
130988 silly gunzTarPerm extractEntry 2018/CreateDataPropertyOrThrow.js
130989 silly gunzTarPerm modified mode [ '2018/CreateDataPropertyOrThrow.js', 420, 438 ]
130990 silly gunzTarPerm extractEntry 2019/CreateDataPropertyOrThrow.js
130991 silly gunzTarPerm modified mode [ '2019/CreateDataPropertyOrThrow.js', 420, 438 ]
130992 silly gunzTarPerm extractEntry src/locale/ky.js
130993 silly gunzTarPerm modified mode [ 'src/locale/ky.js', 420, 438 ]
130994 silly gunzTarPerm extractEntry dist/locale/lb.js
130995 silly gunzTarPerm modified mode [ 'dist/locale/lb.js', 420, 438 ]
130996 silly gunzTarPerm extractEntry library/fn/string/virtual/at.js
130997 silly gunzTarPerm extractEntry fn/math/atanh.js
130998 silly gunzTarPerm extractEntry fp/after.js
130999 silly gunzTarPerm modified mode [ 'fp/after.js', 420, 438 ]
131000 silly gunzTarPerm extractEntry fp/all.js
131001 silly gunzTarPerm modified mode [ 'fp/all.js', 420, 438 ]
131002 silly gunzTarPerm extractEntry reg-exp/#/is-sticky.js
131003 silly gunzTarPerm modified mode [ 'reg-exp/#/is-sticky.js', 420, 438 ]
131004 silly gunzTarPerm extractEntry string/is-string.js
131005 silly gunzTarPerm modified mode [ 'string/is-string.js', 420, 438 ]
131006 silly gunzTarPerm extractEntry data/features/document-execcommand.js
131007 silly gunzTarPerm modified mode [ 'data/features/document-execcommand.js', 420, 438 ]
131008 silly gunzTarPerm extractEntry data/features/document-policy.js
131009 silly gunzTarPerm modified mode [ 'data/features/document-policy.js', 420, 438 ]
131010 silly gunzTarPerm extractEntry 2020/CreateDataPropertyOrThrow.js
131011 silly gunzTarPerm modified mode [ '2020/CreateDataPropertyOrThrow.js', 420, 438 ]
131012 silly gunzTarPerm extractEntry 2021/CreateDataPropertyOrThrow.js
131013 silly gunzTarPerm modified mode [ '2021/CreateDataPropertyOrThrow.js', 420, 438 ]
131014 silly gunzTarPerm extractEntry library/fn/math/atanh.js
131015 silly gunzTarPerm extractEntry fn/string/big.js
131016 silly gunzTarPerm extractEntry locale/lb.js
131017 silly gunzTarPerm modified mode [ 'locale/lb.js', 420, 438 ]
131018 silly gunzTarPerm extractEntry src/locale/lb.js
131019 silly gunzTarPerm modified mode [ 'src/locale/lb.js', 420, 438 ]
131020 silly gunzTarPerm extractEntry object/is-thenable.js
131021 silly gunzTarPerm modified mode [ 'object/is-thenable.js', 420, 438 ]
131022 silly gunzTarPerm extractEntry date/is-time-value.js
131023 silly gunzTarPerm modified mode [ 'date/is-time-value.js', 420, 438 ]
131024 silly gunzTarPerm extractEntry 2022/CreateDataPropertyOrThrow.js
131025 silly gunzTarPerm modified mode [ '2022/CreateDataPropertyOrThrow.js', 420, 438 ]
131026 silly gunzTarPerm extractEntry 2023/CreateDataPropertyOrThrow.js
131027 silly gunzTarPerm modified mode [ '2023/CreateDataPropertyOrThrow.js', 420, 438 ]
131028 silly gunzTarPerm extractEntry data/features/document-scrollingelement.js
131029 silly gunzTarPerm modified mode [ 'data/features/document-scrollingelement.js', 420, 438 ]
131030 silly gunzTarPerm extractEntry data/features/documenthead.js
131031 silly gunzTarPerm modified mode [ 'data/features/documenthead.js', 420, 438 ]
131032 silly gunzTarPerm extractEntry fp/allPass.js
131033 silly gunzTarPerm modified mode [ 'fp/allPass.js', 420, 438 ]
131034 silly gunzTarPerm extractEntry fp/always.js
131035 silly gunzTarPerm modified mode [ 'fp/always.js', 420, 438 ]
131036 silly gunzTarPerm extractEntry fn/string/virtual/big.js
131037 silly gunzTarPerm extractEntry library/fn/string/big.js
131038 silly gunzTarPerm extractEntry src/lib/locale/lists.js
131039 silly gunzTarPerm modified mode [ 'src/lib/locale/lists.js', 420, 438 ]
131040 silly gunzTarPerm extractEntry dist/locale/lo.js
131041 silly gunzTarPerm modified mode [ 'dist/locale/lo.js', 420, 438 ]
131042 silly gunzTarPerm extractEntry reg-exp/#/is-unicode.js
131043 silly gunzTarPerm modified mode [ 'reg-exp/#/is-unicode.js', 420, 438 ]
131044 silly gunzTarPerm extractEntry array/#/is-uniq.js
131045 silly gunzTarPerm modified mode [ 'array/#/is-uniq.js', 420, 438 ]
131046 silly gunzTarPerm extractEntry 2024/CreateDataPropertyOrThrow.js
131047 silly gunzTarPerm modified mode [ '2024/CreateDataPropertyOrThrow.js', 420, 438 ]
131048 silly gunzTarPerm extractEntry 2015/CreateHTML.js
131049 silly gunzTarPerm modified mode [ '2015/CreateHTML.js', 420, 438 ]
131050 silly gunzTarPerm extractEntry data/features/dom-manip-convenience.js
131051 silly gunzTarPerm modified mode [ 'data/features/dom-manip-convenience.js', 420, 438 ]
131052 silly gunzTarPerm extractEntry data/features/dom-range.js
131053 silly gunzTarPerm modified mode [ 'data/features/dom-range.js', 420, 438 ]
131054 silly gunzTarPerm extractEntry fp/any.js
131055 silly gunzTarPerm modified mode [ 'fp/any.js', 420, 438 ]
131056 silly gunzTarPerm extractEntry library/fn/string/virtual/big.js
131057 silly gunzTarPerm extractEntry fn/function/bind.js
131058 silly gunzTarPerm extractEntry fp/anyPass.js
131059 silly gunzTarPerm modified mode [ 'fp/anyPass.js', 420, 438 ]
131060 silly gunzTarPerm extractEntry locale/lo.js
131061 silly gunzTarPerm modified mode [ 'locale/lo.js', 420, 438 ]
131062 silly gunzTarPerm extractEntry src/locale/lo.js
131063 silly gunzTarPerm modified mode [ 'src/locale/lo.js', 420, 438 ]
131064 silly gunzTarPerm extractEntry object/is-value.js
131065 silly gunzTarPerm modified mode [ 'object/is-value.js', 420, 438 ]
131066 silly gunzTarPerm extractEntry iterable/is.js
131067 silly gunzTarPerm modified mode [ 'iterable/is.js', 420, 438 ]
131068 silly gunzTarPerm extractEntry 2016/CreateHTML.js
131069 silly gunzTarPerm modified mode [ '2016/CreateHTML.js', 420, 438 ]
131070 silly gunzTarPerm extractEntry 2017/CreateHTML.js
131071 silly gunzTarPerm modified mode [ '2017/CreateHTML.js', 420, 438 ]
131072 silly gunzTarPerm extractEntry data/features/domcontentloaded.js
131073 silly gunzTarPerm modified mode [ 'data/features/domcontentloaded.js', 420, 438 ]
131074 silly gunzTarPerm extractEntry data/features/dommatrix.js
131075 silly gunzTarPerm modified mode [ 'data/features/dommatrix.js', 420, 438 ]
131076 silly gunzTarPerm extractEntry fp/apply.js
131077 silly gunzTarPerm modified mode [ 'fp/apply.js', 420, 438 ]
131078 silly gunzTarPerm extractEntry array.js
131079 silly gunzTarPerm modified mode [ 'array.js', 420, 438 ]
131080 silly gunzTarPerm extractEntry fn/function/virtual/bind.js
131081 silly gunzTarPerm extractEntry library/fn/function/bind.js
131082 silly gunzTarPerm extractEntry src/lib/create/local.js
131083 silly gunzTarPerm modified mode [ 'src/lib/create/local.js', 420, 438 ]
131084 silly gunzTarPerm extractEntry src/lib/locale/locale.js
131085 silly gunzTarPerm modified mode [ 'src/lib/locale/locale.js', 420, 438 ]
131086 silly gunzTarPerm extractEntry object/is.js
131087 silly gunzTarPerm modified mode [ 'object/is.js', 420, 438 ]
131088 silly gunzTarPerm extractEntry object/key-of.js
131089 silly gunzTarPerm modified mode [ 'object/key-of.js', 420, 438 ]
131090 silly gunzTarPerm extractEntry 2018/CreateHTML.js
131091 silly gunzTarPerm modified mode [ '2018/CreateHTML.js', 420, 438 ]
131092 silly gunzTarPerm extractEntry 2019/CreateHTML.js
131093 silly gunzTarPerm modified mode [ '2019/CreateHTML.js', 420, 438 ]
131094 silly gunzTarPerm extractEntry fp/array.js
131095 silly gunzTarPerm modified mode [ 'fp/array.js', 420, 438 ]
131096 silly gunzTarPerm extractEntry ary.js
131097 silly gunzTarPerm modified mode [ 'ary.js', 420, 438 ]
131098 silly gunzTarPerm extractEntry data/features/download.js
131099 silly gunzTarPerm modified mode [ 'data/features/download.js', 420, 438 ]
131100 silly gunzTarPerm extractEntry data/features/dragndrop.js
131101 silly gunzTarPerm modified mode [ 'data/features/dragndrop.js', 420, 438 ]
131102 silly gunzTarPerm extractEntry library/fn/function/virtual/bind.js
131103 silly gunzTarPerm extractEntry fn/string/blink.js
131104 silly gunzTarPerm extractEntry array/#/last-index.js
131105 silly gunzTarPerm modified mode [ 'array/#/last-index.js', 420, 438 ]
131106 silly gunzTarPerm extractEntry array/#/last.js
131107 silly gunzTarPerm modified mode [ 'array/#/last.js', 420, 438 ]
131108 silly gunzTarPerm extractEntry 2020/CreateHTML.js
131109 silly gunzTarPerm modified mode [ '2020/CreateHTML.js', 420, 438 ]
131110 silly gunzTarPerm extractEntry 2021/CreateHTML.js
131111 silly gunzTarPerm modified mode [ '2021/CreateHTML.js', 420, 438 ]
131112 silly gunzTarPerm extractEntry src/lib/moment/locale.js
131113 silly gunzTarPerm modified mode [ 'src/lib/moment/locale.js', 420, 438 ]
131114 silly gunzTarPerm extractEntry min/locales.js
131115 silly gunzTarPerm modified mode [ 'min/locales.js', 420, 438 ]
131116 silly gunzTarPerm extractEntry fp/ary.js
131117 silly gunzTarPerm modified mode [ 'fp/ary.js', 420, 438 ]
131118 silly gunzTarPerm extractEntry assign.js
131119 silly gunzTarPerm modified mode [ 'assign.js', 420, 438 ]
131120 silly gunzTarPerm extractEntry data/regions/DZ.js
131121 silly gunzTarPerm modified mode [ 'data/regions/DZ.js', 420, 438 ]
131122 silly gunzTarPerm extractEntry data/regions/EC.js
131123 silly gunzTarPerm modified mode [ 'data/regions/EC.js', 420, 438 ]
131124 silly gunzTarPerm extractEntry fn/string/virtual/blink.js
131125 silly gunzTarPerm extractEntry library/fn/string/blink.js
131126 silly gunzTarPerm extractEntry string/#/last.js
131127 silly gunzTarPerm modified mode [ 'string/#/last.js', 420, 438 ]
131128 silly gunzTarPerm extractEntry promise/lazy.js
131129 silly gunzTarPerm modified mode [ 'promise/lazy.js', 420, 438 ]
131130 silly gunzTarPerm extractEntry 2022/CreateHTML.js
131131 silly gunzTarPerm modified mode [ '2022/CreateHTML.js', 420, 438 ]
131132 silly gunzTarPerm extractEntry 2023/CreateHTML.js
131133 silly gunzTarPerm modified mode [ '2023/CreateHTML.js', 420, 438 ]
131134 silly gunzTarPerm extractEntry src/lib/locale/locales.js
131135 silly gunzTarPerm modified mode [ 'src/lib/locale/locales.js', 420, 438 ]
131136 silly gunzTarPerm extractEntry library/fn/string/virtual/blink.js
131137 silly gunzTarPerm extractEntry fn/string/bold.js
131138 silly gunzTarPerm extractEntry data/regions/EE.js
131139 silly gunzTarPerm modified mode [ 'data/regions/EE.js', 420, 438 ]
131140 silly gunzTarPerm extractEntry data/regions/EG.js
131141 silly gunzTarPerm modified mode [ 'data/regions/EG.js', 420, 438 ]
131142 silly gunzTarPerm extractEntry fp/assign.js
131143 silly gunzTarPerm modified mode [ 'fp/assign.js', 420, 438 ]
131144 silly gunzTarPerm extractEntry fp/assignAll.js
131145 silly gunzTarPerm modified mode [ 'fp/assignAll.js', 420, 438 ]
131146 silly gunzTarPerm extractEntry function/#/lock.js
131147 silly gunzTarPerm modified mode [ 'function/#/lock.js', 420, 438 ]
131148 silly gunzTarPerm extractEntry object/map-keys.js
131149 silly gunzTarPerm modified mode [ 'object/map-keys.js', 420, 438 ]
131150 silly gunzTarPerm extractEntry 2024/CreateHTML.js
131151 silly gunzTarPerm modified mode [ '2024/CreateHTML.js', 420, 438 ]
131152 silly gunzTarPerm extractEntry 2015/CreateIterResultObject.js
131153 silly gunzTarPerm modified mode [ '2015/CreateIterResultObject.js', 420, 438 ]
131154 silly gunzTarPerm extractEntry min/locales.min.js
131155 silly gunzTarPerm modified mode [ 'min/locales.min.js', 420, 438 ]
131156 silly gunzTarPerm extractEntry dist/locale/lt.js
131157 silly gunzTarPerm modified mode [ 'dist/locale/lt.js', 420, 438 ]
131158 silly gunzTarPerm extractEntry object/map.js
131159 silly gunzTarPerm modified mode [ 'object/map.js', 420, 438 ]
131160 silly gunzTarPerm extractEntry function/#/microtask-delay.js
131161 silly gunzTarPerm modified mode [ 'function/#/microtask-delay.js', 420, 438 ]
131162 silly gunzTarPerm extractEntry fn/string/virtual/bold.js
131163 silly gunzTarPerm extractEntry library/fn/string/bold.js
131164 silly gunzTarPerm extractEntry fp/assignAllWith.js
131165 silly gunzTarPerm modified mode [ 'fp/assignAllWith.js', 420, 438 ]
131166 silly gunzTarPerm extractEntry assignIn.js
131167 silly gunzTarPerm modified mode [ 'assignIn.js', 420, 438 ]
131168 silly gunzTarPerm extractEntry data/features/element-closest.js
131169 silly gunzTarPerm modified mode [ 'data/features/element-closest.js', 420, 438 ]
131170 silly gunzTarPerm extractEntry data/features/element-from-point.js
131171 silly gunzTarPerm modified mode [ 'data/features/element-from-point.js', 420, 438 ]
131172 silly gunzTarPerm extractEntry 2016/CreateIterResultObject.js
131173 silly gunzTarPerm modified mode [ '2016/CreateIterResultObject.js', 420, 438 ]
131174 silly gunzTarPerm extractEntry 2017/CreateIterResultObject.js
131175 silly gunzTarPerm modified mode [ '2017/CreateIterResultObject.js', 420, 438 ]
131176 silly gunzTarPerm extractEntry locale/lt.js
131177 silly gunzTarPerm modified mode [ 'locale/lt.js', 420, 438 ]
131178 silly gunzTarPerm extractEntry src/locale/lt.js
131179 silly gunzTarPerm modified mode [ 'src/locale/lt.js', 420, 438 ]
131180 silly gunzTarPerm extractEntry library/fn/string/virtual/bold.js
131181 silly gunzTarPerm extractEntry fn/math/cbrt.js
131182 silly gunzTarPerm extractEntry 2018/CreateIterResultObject.js
131183 silly gunzTarPerm modified mode [ '2018/CreateIterResultObject.js', 420, 438 ]
131184 silly gunzTarPerm extractEntry 2019/CreateIterResultObject.js
131185 silly gunzTarPerm modified mode [ '2019/CreateIterResultObject.js', 420, 438 ]
131186 silly gunzTarPerm extractEntry object/mixin-prototypes.js
131187 silly gunzTarPerm modified mode [ 'object/mixin-prototypes.js', 420, 438 ]
131188 silly gunzTarPerm extractEntry object/mixin.js
131189 silly gunzTarPerm modified mode [ 'object/mixin.js', 420, 438 ]
131190 silly gunzTarPerm extractEntry fp/assignIn.js
131191 silly gunzTarPerm modified mode [ 'fp/assignIn.js', 420, 438 ]
131192 silly gunzTarPerm extractEntry fp/assignInAll.js
131193 silly gunzTarPerm modified mode [ 'fp/assignInAll.js', 420, 438 ]
131194 silly gunzTarPerm extractEntry data/features/element-scroll-methods.js
131195 silly gunzTarPerm modified mode [ 'data/features/element-scroll-methods.js', 420, 438 ]
131196 silly gunzTarPerm extractEntry data/features/eme.js
131197 silly gunzTarPerm modified mode [ 'data/features/eme.js', 420, 438 ]
131198 silly gunzTarPerm extractEntry dist/locale/lv.js
131199 silly gunzTarPerm modified mode [ 'dist/locale/lv.js', 420, 438 ]
131200 silly gunzTarPerm extractEntry locale/lv.js
131201 silly gunzTarPerm modified mode [ 'locale/lv.js', 420, 438 ]
131202 silly gunzTarPerm extractEntry library/fn/math/cbrt.js
131203 silly gunzTarPerm extractEntry fn/math/clamp.js
131204 silly gunzTarPerm extractEntry 2020/CreateIterResultObject.js
131205 silly gunzTarPerm modified mode [ '2020/CreateIterResultObject.js', 420, 438 ]
131206 silly gunzTarPerm extractEntry 2021/CreateIterResultObject.js
131207 silly gunzTarPerm modified mode [ '2021/CreateIterResultObject.js', 420, 438 ]
131208 silly gunzTarPerm extractEntry function/noop.js
131209 silly gunzTarPerm modified mode [ 'function/noop.js', 420, 438 ]
131210 silly gunzTarPerm extractEntry object/normalize-options.js
131211 silly gunzTarPerm modified mode [ 'object/normalize-options.js', 420, 438 ]
131212 silly gunzTarPerm extractEntry fp/assignInAllWith.js
131213 silly gunzTarPerm modified mode [ 'fp/assignInAllWith.js', 420, 438 ]
131214 silly gunzTarPerm extractEntry assignInWith.js
131215 silly gunzTarPerm modified mode [ 'assignInWith.js', 420, 438 ]
131216 silly gunzTarPerm extractEntry data/features/eot.js
131217 silly gunzTarPerm modified mode [ 'data/features/eot.js', 420, 438 ]
131218 silly gunzTarPerm extractEntry data/regions/ER.js
131219 silly gunzTarPerm modified mode [ 'data/regions/ER.js', 420, 438 ]
131220 silly gunzTarPerm extractEntry src/locale/lv.js
131221 silly gunzTarPerm modified mode [ 'src/locale/lv.js', 420, 438 ]
131222 silly gunzTarPerm extractEntry fulldata-json/data-2.0.json
131223 silly gunzTarPerm modified mode [ 'fulldata-json/data-2.0.json', 420, 438 ]
131224 silly gunzTarPerm extractEntry library/fn/math/clamp.js
131225 silly gunzTarPerm extractEntry fn/object/classof.js
131226 silly gunzTarPerm extractEntry src/lib/utils/map.js
131227 silly gunzTarPerm modified mode [ 'src/lib/utils/map.js', 420, 438 ]
131228 silly gunzTarPerm extractEntry function/#/not.js
131229 silly gunzTarPerm modified mode [ 'function/#/not.js', 420, 438 ]
131230 silly gunzTarPerm extractEntry optional-chaining.js
131231 silly gunzTarPerm modified mode [ 'optional-chaining.js', 420, 438 ]
131232 silly gunzTarPerm extractEntry 2022/CreateIterResultObject.js
131233 silly gunzTarPerm modified mode [ '2022/CreateIterResultObject.js', 420, 438 ]
131234 silly gunzTarPerm extractEntry 2023/CreateIterResultObject.js
131235 silly gunzTarPerm modified mode [ '2023/CreateIterResultObject.js', 420, 438 ]
131236 silly gunzTarPerm extractEntry fp/assignInWith.js
131237 silly gunzTarPerm modified mode [ 'fp/assignInWith.js', 420, 438 ]
131238 silly gunzTarPerm extractEntry assignWith.js
131239 silly gunzTarPerm modified mode [ 'assignWith.js', 420, 438 ]
131240 silly gunzTarPerm extractEntry data/regions/ES.js
131241 silly gunzTarPerm modified mode [ 'data/regions/ES.js', 420, 438 ]
131242 silly gunzTarPerm extractEntry data/features/es5.js
131243 silly gunzTarPerm modified mode [ 'data/features/es5.js', 420, 438 ]
131244 silly gunzTarPerm extractEntry library/fn/object/classof.js
131245 silly gunzTarPerm extractEntry fn/clear-immediate.js
131246 silly gunzTarPerm extractEntry dist/locale/me.js
131247 silly gunzTarPerm modified mode [ 'dist/locale/me.js', 420, 438 ]
131248 silly gunzTarPerm extractEntry locale/me.js
131249 silly gunzTarPerm modified mode [ 'locale/me.js', 420, 438 ]
131250 silly gunzTarPerm extractEntry 2024/CreateIterResultObject.js
131251 silly gunzTarPerm modified mode [ '2024/CreateIterResultObject.js', 420, 438 ]
131252 silly gunzTarPerm extractEntry 2015/CreateListFromArrayLike.js
131253 silly gunzTarPerm modified mode [ '2015/CreateListFromArrayLike.js', 420, 438 ]
131254 silly gunzTarPerm extractEntry number/#/pad.js
131255 silly gunzTarPerm modified mode [ 'number/#/pad.js', 420, 438 ]
131256 silly gunzTarPerm extractEntry string/#/pad.js
131257 silly gunzTarPerm modified mode [ 'string/#/pad.js', 420, 438 ]
131258 silly gunzTarPerm extractEntry fp/assignWith.js
131259 silly gunzTarPerm modified mode [ 'fp/assignWith.js', 420, 438 ]
131260 silly gunzTarPerm extractEntry fp/assoc.js
131261 silly gunzTarPerm modified mode [ 'fp/assoc.js', 420, 438 ]
131262 silly gunzTarPerm extractEntry data/features/es6-class.js
131263 silly gunzTarPerm modified mode [ 'data/features/es6-class.js', 420, 438 ]
131264 silly gunzTarPerm extractEntry data/features/es6-generators.js
131265 silly gunzTarPerm modified mode [ 'data/features/es6-generators.js', 420, 438 ]
131266 silly gunzTarPerm extractEntry library/fn/clear-immediate.js
131267 silly gunzTarPerm extractEntry fn/math/clz32.js
131268 silly gunzTarPerm extractEntry 2016/CreateListFromArrayLike.js
131269 silly gunzTarPerm modified mode [ '2016/CreateListFromArrayLike.js', 420, 438 ]
131270 silly gunzTarPerm extractEntry 2017/CreateListFromArrayLike.js
131271 silly gunzTarPerm modified mode [ '2017/CreateListFromArrayLike.js', 420, 438 ]
131272 silly gunzTarPerm extractEntry src/locale/me.js
131273 silly gunzTarPerm modified mode [ 'src/locale/me.js', 420, 438 ]
131274 silly gunzTarPerm extractEntry dist/locale/mi.js
131275 silly gunzTarPerm modified mode [ 'dist/locale/mi.js', 420, 438 ]
131276 silly gunzTarPerm extractEntry function/#/partial.js
131277 silly gunzTarPerm modified mode [ 'function/#/partial.js', 420, 438 ]
131278 silly gunzTarPerm extractEntry string/#/plain-replace-all.js
131279 silly gunzTarPerm modified mode [ 'string/#/plain-replace-all.js', 420, 438 ]
131280 silly gunzTarPerm extractEntry fp/assocPath.js
131281 silly gunzTarPerm modified mode [ 'fp/assocPath.js', 420, 438 ]
131282 silly gunzTarPerm extractEntry at.js
131283 silly gunzTarPerm modified mode [ 'at.js', 420, 438 ]
131284 silly gunzTarPerm extractEntry data/features/es6-module-dynamic-import.js
131285 silly gunzTarPerm modified mode [ 'data/features/es6-module-dynamic-import.js', 420, 438 ]
131286 silly gunzTarPerm extractEntry data/features/es6-module.js
131287 silly gunzTarPerm modified mode [ 'data/features/es6-module.js', 420, 438 ]
131288 silly gunzTarPerm extractEntry library/fn/math/clz32.js
131289 silly gunzTarPerm extractEntry fn/string/code-point-at.js
131290 silly gunzTarPerm extractEntry 2018/CreateListFromArrayLike.js
131291 silly gunzTarPerm modified mode [ '2018/CreateListFromArrayLike.js', 420, 438 ]
131292 silly gunzTarPerm extractEntry 2019/CreateListFromArrayLike.js
131293 silly gunzTarPerm modified mode [ '2019/CreateListFromArrayLike.js', 420, 438 ]
131294 silly gunzTarPerm extractEntry locale/mi.js
131295 silly gunzTarPerm modified mode [ 'locale/mi.js', 420, 438 ]
131296 silly gunzTarPerm extractEntry src/locale/mi.js
131297 silly gunzTarPerm modified mode [ 'src/locale/mi.js', 420, 438 ]
131298 silly gunzTarPerm extractEntry string/#/plain-replace.js
131299 silly gunzTarPerm modified mode [ 'string/#/plain-replace.js', 420, 438 ]
131300 silly gunzTarPerm extractEntry fp/at.js
131301 silly gunzTarPerm modified mode [ 'fp/at.js', 420, 438 ]
131302 silly gunzTarPerm extractEntry attempt.js
131303 silly gunzTarPerm modified mode [ 'attempt.js', 420, 438 ]
131304 silly gunzTarPerm extractEntry 2020/CreateListFromArrayLike.js
131305 silly gunzTarPerm modified mode [ '2020/CreateListFromArrayLike.js', 420, 438 ]
131306 silly gunzTarPerm extractEntry 2021/CreateListFromArrayLike.js
131307 silly gunzTarPerm modified mode [ '2021/CreateListFromArrayLike.js', 420, 438 ]
131308 silly gunzTarPerm extractEntry data/features/es6-number.js
131309 silly gunzTarPerm modified mode [ 'data/features/es6-number.js', 420, 438 ]
131310 silly gunzTarPerm extractEntry data/features/es6-string-includes.js
131311 silly gunzTarPerm modified mode [ 'data/features/es6-string-includes.js', 420, 438 ]
131312 silly gentlyRm C:\Users\Dell\Documents\INV\inventory\node_modules\.staging\prettier-0b108d27\node_modules is being purged
131313 verbose gentlyRm don't care about contents; nuking C:\Users\Dell\Documents\INV\inventory\node_modules\.staging\prettier-0b108d27\node_modules
131314 silly gunzTarPerm extractEntry fn/string/virtual/code-point-at.js
131315 silly gunzTarPerm extractEntry library/fn/string/code-point-at.js
131316 silly gunzTarPerm extractEntry function/pluck.js
131317 silly gunzTarPerm modified mode [ 'function/pluck.js', 420, 438 ]
131318 silly gunzTarPerm extractEntry object/primitive-set.js
131319 silly gunzTarPerm modified mode [ 'object/primitive-set.js', 420, 438 ]
131320 silly gunzTarPerm extractEntry src/lib/units/millisecond.js
131321 silly gunzTarPerm modified mode [ 'src/lib/units/millisecond.js', 420, 438 ]
131322 silly gunzTarPerm extractEntry src/lib/moment/min-max.js
131323 silly gunzTarPerm modified mode [ 'src/lib/moment/min-max.js', 420, 438 ]
131324 silly gunzTarPerm extractEntry fp/attempt.js
131325 silly gunzTarPerm modified mode [ 'fp/attempt.js', 420, 438 ]
131326 silly gunzTarPerm extractEntry before.js
131327 silly gunzTarPerm modified mode [ 'before.js', 420, 438 ]
131328 silly gunzTarPerm extractEntry 2022/CreateListFromArrayLike.js
131329 silly gunzTarPerm modified mode [ '2022/CreateListFromArrayLike.js', 420, 438 ]
131330 silly gunzTarPerm extractEntry 2023/CreateListFromArrayLike.js
131331 silly gunzTarPerm modified mode [ '2023/CreateListFromArrayLike.js', 420, 438 ]
131332 silly gunzTarPerm extractEntry library/fn/string/virtual/code-point-at.js
131333 silly gunzTarPerm extractEntry fn/array/concat.js
131334 silly gunzTarPerm extractEntry data/features/es6.js
131335 silly gunzTarPerm modified mode [ 'data/features/es6.js', 420, 438 ]
131336 silly gunzTarPerm extractEntry data/regions/ET.js
131337 silly gunzTarPerm modified mode [ 'data/regions/ET.js', 420, 438 ]
131338 silly gunzTarPerm extractEntry string/random-uniq.js
131339 silly gunzTarPerm modified mode [ 'string/random-uniq.js', 420, 438 ]
131340 silly gunzTarPerm extractEntry string/random.js
131341 silly gunzTarPerm modified mode [ 'string/random.js', 420, 438 ]
131342 silly gunzTarPerm extractEntry src/lib/units/minute.js
131343 silly gunzTarPerm modified mode [ 'src/lib/units/minute.js', 420, 438 ]
131344 silly gunzTarPerm extractEntry dist/locale/mk.js
131345 silly gunzTarPerm modified mode [ 'dist/locale/mk.js', 420, 438 ]
131346 silly gunzTarPerm extractEntry 2024/CreateListFromArrayLike.js
131347 silly gunzTarPerm modified mode [ '2024/CreateListFromArrayLike.js', 420, 438 ]
131348 silly gunzTarPerm extractEntry 2015/CreateMethodProperty.js
131349 silly gunzTarPerm modified mode [ '2015/CreateMethodProperty.js', 420, 438 ]
131350 silly gunzTarPerm extractEntry fp/before.js
131351 silly gunzTarPerm modified mode [ 'fp/before.js', 420, 438 ]
131352 silly gunzTarPerm extractEntry bind.js
131353 silly gunzTarPerm modified mode [ 'bind.js', 420, 438 ]
131354 silly gunzTarPerm extractEntry library/fn/array/concat.js
131355 silly gunzTarPerm extractEntry build/config.js
131356 silly gunzTarPerm extractEntry array/#/remove.js
131357 silly gunzTarPerm modified mode [ 'array/#/remove.js', 420, 438 ]
131358 silly gunzTarPerm extractEntry math/round-10.js
131359 silly gunzTarPerm modified mode [ 'math/round-10.js', 420, 438 ]
131360 silly gunzTarPerm extractEntry data/features/eventsource.js
131361 silly gunzTarPerm modified mode [ 'data/features/eventsource.js', 420, 438 ]
131362 silly gunzTarPerm extractEntry data/features/extended-system-fonts.js
131363 silly gunzTarPerm modified mode [ 'data/features/extended-system-fonts.js', 420, 438 ]
131364 silly gunzTarPerm extractEntry locale/mk.js
131365 silly gunzTarPerm modified mode [ 'locale/mk.js', 420, 438 ]
131366 silly gunzTarPerm extractEntry src/locale/mk.js
131367 silly gunzTarPerm modified mode [ 'src/locale/mk.js', 420, 438 ]
131368 silly gunzTarPerm extractEntry 2016/CreateMethodProperty.js
131369 silly gunzTarPerm modified mode [ '2016/CreateMethodProperty.js', 420, 438 ]
131370 silly gunzTarPerm extractEntry 2017/CreateMethodProperty.js
131371 silly gunzTarPerm modified mode [ '2017/CreateMethodProperty.js', 420, 438 ]
131372 silly gunzTarPerm extractEntry fn/reflect/construct.js
131373 silly gunzTarPerm extractEntry library/fn/reflect/construct.js
131374 silly gunzTarPerm extractEntry fp/bind.js
131375 silly gunzTarPerm modified mode [ 'fp/bind.js', 420, 438 ]
131376 silly gunzTarPerm extractEntry bindAll.js
131377 silly gunzTarPerm modified mode [ 'bindAll.js', 420, 438 ]
131378 silly gunzTarPerm extractEntry json/safe-stringify.js
131379 silly gunzTarPerm modified mode [ 'json/safe-stringify.js', 420, 438 ]
131380 silly gunzTarPerm extractEntry safe-to-string.js
131381 silly gunzTarPerm modified mode [ 'safe-to-string.js', 420, 438 ]
131382 silly gunzTarPerm extractEntry data/features/feature-policy.js
131383 silly gunzTarPerm modified mode [ 'data/features/feature-policy.js', 420, 438 ]
131384 silly gunzTarPerm extractEntry dist/unpacker/feature.js
131385 silly gunzTarPerm modified mode [ 'dist/unpacker/feature.js', 420, 438 ]
131386 silly gunzTarPerm extractEntry dist/locale/ml.js
131387 silly gunzTarPerm modified mode [ 'dist/locale/ml.js', 420, 438 ]
131388 silly gunzTarPerm extractEntry locale/ml.js
131389 silly gunzTarPerm modified mode [ 'locale/ml.js', 420, 438 ]
131390 silly gunzTarPerm extractEntry 2018/CreateMethodProperty.js
131391 silly gunzTarPerm modified mode [ '2018/CreateMethodProperty.js', 420, 438 ]
131392 silly gunzTarPerm extractEntry 2019/CreateMethodProperty.js
131393 silly gunzTarPerm modified mode [ '2019/CreateMethodProperty.js', 420, 438 ]
131394 silly gunzTarPerm extractEntry fn/number/constructor.js
131395 silly gunzTarPerm extractEntry fn/regexp/constructor.js
131396 silly gunzTarPerm extractEntry fp/bindAll.js
131397 silly gunzTarPerm modified mode [ 'fp/bindAll.js', 420, 438 ]
131398 silly gunzTarPerm extractEntry bindKey.js
131399 silly gunzTarPerm modified mode [ 'bindKey.js', 420, 438 ]
131400 silly gunzTarPerm extractEntry object/safe-traverse.js
131401 silly gunzTarPerm modified mode [ 'object/safe-traverse.js', 420, 438 ]
131402 silly gunzTarPerm extractEntry array/#/separate.js
131403 silly gunzTarPerm modified mode [ 'array/#/separate.js', 420, 438 ]
131404 silly gunzTarPerm extractEntry data/features.js
131405 silly gunzTarPerm modified mode [ 'data/features.js', 420, 438 ]
131406 silly gunzTarPerm extractEntry dist/unpacker/features.js
131407 silly gunzTarPerm modified mode [ 'dist/unpacker/features.js', 420, 438 ]
131408 silly gunzTarPerm extractEntry src/locale/ml.js
131409 silly gunzTarPerm modified mode [ 'src/locale/ml.js', 420, 438 ]
131410 silly gunzTarPerm extractEntry dist/locale/mn.js
131411 silly gunzTarPerm modified mode [ 'dist/locale/mn.js', 420, 438 ]
131412 silly gunzTarPerm extractEntry 2020/CreateMethodProperty.js
131413 silly gunzTarPerm modified mode [ '2020/CreateMethodProperty.js', 420, 438 ]
131414 silly gunzTarPerm extractEntry 2021/CreateMethodProperty.js
131415 silly gunzTarPerm modified mode [ '2021/CreateMethodProperty.js', 420, 438 ]
131416 silly gunzTarPerm extractEntry library/fn/number/constructor.js
131417 silly gunzTarPerm extractEntry library/fn/regexp/constructor.js
131418 silly gunzTarPerm extractEntry object/serialize.js
131419 silly gunzTarPerm modified mode [ 'object/serialize.js', 420, 438 ]
131420 silly gunzTarPerm extractEntry array/#/@@iterator/shim.js
131421 silly gunzTarPerm modified mode [ 'array/#/@@iterator/shim.js', 420, 438 ]
131422 silly gunzTarPerm extractEntry fp/bindKey.js
131423 silly gunzTarPerm modified mode [ 'fp/bindKey.js', 420, 438 ]
131424 silly gunzTarPerm extractEntry camelCase.js
131425 silly gunzTarPerm modified mode [ 'camelCase.js', 420, 438 ]
131426 silly gunzTarPerm extractEntry data/features/fetch.js
131427 silly gunzTarPerm modified mode [ 'data/features/fetch.js', 420, 438 ]
131428 silly gunzTarPerm extractEntry data/regions/FI.js
131429 silly gunzTarPerm modified mode [ 'data/regions/FI.js', 420, 438 ]
131430 silly gunzTarPerm extractEntry locale/mn.js
131431 silly gunzTarPerm modified mode [ 'locale/mn.js', 420, 438 ]
131432 silly gunzTarPerm extractEntry src/locale/mn.js
131433 silly gunzTarPerm modified mode [ 'src/locale/mn.js', 420, 438 ]
131434 silly gunzTarPerm extractEntry 2022/CreateMethodProperty.js
131435 silly gunzTarPerm modified mode [ '2022/CreateMethodProperty.js', 420, 438 ]
131436 silly gunzTarPerm extractEntry 2023/CreateMethodProperty.js
131437 silly gunzTarPerm modified mode [ '2023/CreateMethodProperty.js', 420, 438 ]
131438 silly gunzTarPerm extractEntry fn/array/copy-within.js
131439 silly gunzTarPerm extractEntry fn/array/virtual/copy-within.js
131440 silly gunzTarPerm extractEntry array/#/concat/shim.js
131441 silly gunzTarPerm modified mode [ 'array/#/concat/shim.js', 420, 438 ]
131442 silly gunzTarPerm extractEntry array/#/copy-within/shim.js
131443 silly gunzTarPerm modified mode [ 'array/#/copy-within/shim.js', 420, 438 ]
131444 silly gunzTarPerm extractEntry fp/camelCase.js
131445 silly gunzTarPerm modified mode [ 'fp/camelCase.js', 420, 438 ]
131446 silly gunzTarPerm extractEntry capitalize.js
131447 silly gunzTarPerm modified mode [ 'capitalize.js', 420, 438 ]
131448 silly gunzTarPerm extractEntry data/features/fieldset-disabled.js
131449 silly gunzTarPerm modified mode [ 'data/features/fieldset-disabled.js', 420, 438 ]
131450 silly gunzTarPerm extractEntry data/features/fileapi.js
131451 silly gunzTarPerm modified mode [ 'data/features/fileapi.js', 420, 438 ]
131452 silly gunzTarPerm extractEntry 2022/CreateNonEnumerableDataPropertyOrThrow.js
131453 silly gunzTarPerm modified mode [ '2022/CreateNonEnumerableDataPropertyOrThrow.js', 420, 438 ]
131454 silly gunzTarPerm extractEntry 2023/CreateNonEnumerableDataPropertyOrThrow.js
131455 silly gunzTarPerm modified mode [ '2023/CreateNonEnumerableDataPropertyOrThrow.js', 420, 438 ]
131456 silly gunzTarPerm extractEntry src/lib/utils/mod.js
131457 silly gunzTarPerm modified mode [ 'src/lib/utils/mod.js', 420, 438 ]
131458 silly gunzTarPerm extractEntry min/moment-with-locales.js
131459 silly gunzTarPerm modified mode [ 'min/moment-with-locales.js', 420, 438 ]
131460 silly gunzTarPerm extractEntry library/fn/array/copy-within.js
131461 silly gunzTarPerm extractEntry library/fn/array/virtual/copy-within.js
131462 silly gunzTarPerm extractEntry array/#/entries/shim.js
131463 silly gunzTarPerm modified mode [ 'array/#/entries/shim.js', 420, 438 ]
131464 silly gunzTarPerm extractEntry array/#/fill/shim.js
131465 silly gunzTarPerm modified mode [ 'array/#/fill/shim.js', 420, 438 ]
131466 silly gunzTarPerm extractEntry fp/capitalize.js
131467 silly gunzTarPerm modified mode [ 'fp/capitalize.js', 420, 438 ]
131468 silly gunzTarPerm extractEntry castArray.js
131469 silly gunzTarPerm modified mode [ 'castArray.js', 420, 438 ]
131470 silly gunzTarPerm extractEntry 2024/CreateNonEnumerableDataPropertyOrThrow.js
131471 silly gunzTarPerm modified mode [ '2024/CreateNonEnumerableDataPropertyOrThrow.js', 420, 438 ]
131472 silly gunzTarPerm extractEntry 2020/CreateRegExpStringIterator.js
131473 silly gunzTarPerm modified mode [ '2020/CreateRegExpStringIterator.js', 420, 438 ]
131474 silly gunzTarPerm extractEntry data/features/filereader.js
131475 silly gunzTarPerm modified mode [ 'data/features/filereader.js', 420, 438 ]
131476 silly gunzTarPerm extractEntry data/features/filereadersync.js
131477 silly gunzTarPerm modified mode [ 'data/features/filereadersync.js', 420, 438 ]
131478 silly gunzTarPerm extractEntry library/modules/core.delay.js
131479 silly gunzTarPerm extractEntry modules/core.delay.js
131480 silly gunzTarPerm extractEntry array/#/filter/shim.js
131481 silly gunzTarPerm modified mode [ 'array/#/filter/shim.js', 420, 438 ]
131482 silly gunzTarPerm extractEntry array/#/find-index/shim.js
131483 silly gunzTarPerm modified mode [ 'array/#/find-index/shim.js', 420, 438 ]
131484 silly gunzTarPerm extractEntry fp/castArray.js
131485 silly gunzTarPerm modified mode [ 'fp/castArray.js', 420, 438 ]
131486 silly gunzTarPerm extractEntry ceil.js
131487 silly gunzTarPerm modified mode [ 'ceil.js', 420, 438 ]
131488 silly gunzTarPerm extractEntry min/moment-with-locales.min.js
131489 silly gunzTarPerm modified mode [ 'min/moment-with-locales.min.js', 420, 438 ]
131490 silly gunzTarPerm extractEntry 2021/CreateRegExpStringIterator.js
131491 silly gunzTarPerm modified mode [ '2021/CreateRegExpStringIterator.js', 420, 438 ]
131492 silly gunzTarPerm extractEntry 2022/CreateRegExpStringIterator.js
131493 silly gunzTarPerm modified mode [ '2022/CreateRegExpStringIterator.js', 420, 438 ]
131494 silly gunzTarPerm extractEntry library/modules/core.dict.js
131495 silly gunzTarPerm extractEntry modules/core.dict.js
131496 silly gunzTarPerm extractEntry data/features/filesystem.js
131497 silly gunzTarPerm modified mode [ 'data/features/filesystem.js', 420, 438 ]
131498 silly gunzTarPerm extractEntry data/regions/FJ.js
131499 silly gunzTarPerm modified mode [ 'data/regions/FJ.js', 420, 438 ]
131500 silly gunzTarPerm extractEntry array/#/find/shim.js
131501 silly gunzTarPerm modified mode [ 'array/#/find/shim.js', 420, 438 ]
131502 silly gunzTarPerm extractEntry array/#/keys/shim.js
131503 silly gunzTarPerm modified mode [ 'array/#/keys/shim.js', 420, 438 ]
131504 silly gunzTarPerm extractEntry fp/ceil.js
131505 silly gunzTarPerm modified mode [ 'fp/ceil.js', 420, 438 ]
131506 silly gunzTarPerm extractEntry chain.js
131507 silly gunzTarPerm modified mode [ 'chain.js', 420, 438 ]
131508 silly gunzTarPerm extractEntry 2023/CreateRegExpStringIterator.js
131509 silly gunzTarPerm modified mode [ '2023/CreateRegExpStringIterator.js', 420, 438 ]
131510 silly gunzTarPerm extractEntry 2024/CreateRegExpStringIterator.js
131511 silly gunzTarPerm modified mode [ '2024/CreateRegExpStringIterator.js', 420, 438 ]
131512 silly gunzTarPerm extractEntry library/modules/core.function.part.js
131513 silly gunzTarPerm extractEntry modules/core.function.part.js
131514 silly gunzTarPerm extractEntry data/regions/FK.js
131515 silly gunzTarPerm modified mode [ 'data/regions/FK.js', 420, 438 ]
131516 silly gunzTarPerm extractEntry data/features/flac.js
131517 silly gunzTarPerm modified mode [ 'data/features/flac.js', 420, 438 ]
131518 silly gunzTarPerm extractEntry array/#/map/shim.js
131519 silly gunzTarPerm modified mode [ 'array/#/map/shim.js', 420, 438 ]
131520 silly gunzTarPerm extractEntry array/#/slice/shim.js
131521 silly gunzTarPerm modified mode [ 'array/#/slice/shim.js', 420, 438 ]
131522 silly gunzTarPerm extractEntry fp/chain.js
131523 silly gunzTarPerm modified mode [ 'fp/chain.js', 420, 438 ]
131524 silly gunzTarPerm extractEntry chunk.js
131525 silly gunzTarPerm modified mode [ 'chunk.js', 420, 438 ]
131526 silly gunzTarPerm extractEntry helpers/records/data-view-with-buffer-witness-record.js
131527 silly gunzTarPerm modified mode [ 'helpers/records/data-view-with-buffer-witness-record.js',
131527 silly gunzTarPerm   420,
131527 silly gunzTarPerm   438 ]
131528 silly gunzTarPerm extractEntry 2015/DateFromTime.js
131529 silly gunzTarPerm modified mode [ '2015/DateFromTime.js', 420, 438 ]
131530 silly gunzTarPerm extractEntry library/modules/core.get-iterator-method.js
131531 silly gunzTarPerm extractEntry modules/core.get-iterator-method.js
131532 silly gunzTarPerm extractEntry array/#/splice/shim.js
131533 silly gunzTarPerm modified mode [ 'array/#/splice/shim.js', 420, 438 ]
131534 silly gunzTarPerm extractEntry array/#/values/shim.js
131535 silly gunzTarPerm modified mode [ 'array/#/values/shim.js', 420, 438 ]
131536 silly gunzTarPerm extractEntry data/features/flexbox-gap.js
131537 silly gunzTarPerm modified mode [ 'data/features/flexbox-gap.js', 420, 438 ]
131538 silly gunzTarPerm extractEntry data/features/flexbox.js
131539 silly gunzTarPerm modified mode [ 'data/features/flexbox.js', 420, 438 ]
131540 silly gunzTarPerm extractEntry 2016/DateFromTime.js
131541 silly gunzTarPerm modified mode [ '2016/DateFromTime.js', 420, 438 ]
131542 silly gunzTarPerm extractEntry 2017/DateFromTime.js
131543 silly gunzTarPerm modified mode [ '2017/DateFromTime.js', 420, 438 ]
131544 silly gunzTarPerm extractEntry library/modules/core.get-iterator.js
131545 silly gunzTarPerm extractEntry modules/core.get-iterator.js
131546 silly gunzTarPerm extractEntry dist/moment.js
131547 silly gunzTarPerm modified mode [ 'dist/moment.js', 420, 438 ]
131548 silly gunzTarPerm extractEntry fp/chunk.js
131549 silly gunzTarPerm modified mode [ 'fp/chunk.js', 420, 438 ]
131550 silly gunzTarPerm extractEntry clamp.js
131551 silly gunzTarPerm modified mode [ 'clamp.js', 420, 438 ]
131552 silly gunzTarPerm extractEntry array/from/shim.js
131553 silly gunzTarPerm modified mode [ 'array/from/shim.js', 420, 438 ]
131554 silly gunzTarPerm extractEntry array/of/shim.js
131555 silly gunzTarPerm modified mode [ 'array/of/shim.js', 420, 438 ]
131556 silly gunzTarPerm extractEntry data/features/flow-root.js
131557 silly gunzTarPerm modified mode [ 'data/features/flow-root.js', 420, 438 ]
131558 silly gunzTarPerm extractEntry data/regions/FM.js
131559 silly gunzTarPerm modified mode [ 'data/regions/FM.js', 420, 438 ]
131560 silly gunzTarPerm extractEntry 2018/DateFromTime.js
131561 silly gunzTarPerm modified mode [ '2018/DateFromTime.js', 420, 438 ]
131562 silly gunzTarPerm extractEntry 2019/DateFromTime.js
131563 silly gunzTarPerm modified mode [ '2019/DateFromTime.js', 420, 438 ]
131564 silly gunzTarPerm extractEntry library/modules/core.is-iterable.js
131565 silly gunzTarPerm extractEntry modules/core.is-iterable.js
131566 silly gunzTarPerm extractEntry fp/clamp.js
131567 silly gunzTarPerm modified mode [ 'fp/clamp.js', 420, 438 ]
131568 silly gunzTarPerm extractEntry clone.js
131569 silly gunzTarPerm modified mode [ 'clone.js', 420, 438 ]
131570 silly gunzTarPerm extractEntry math/acosh/shim.js
131571 silly gunzTarPerm modified mode [ 'math/acosh/shim.js', 420, 438 ]
131572 silly gunzTarPerm extractEntry math/asinh/shim.js
131573 silly gunzTarPerm modified mode [ 'math/asinh/shim.js', 420, 438 ]
131574 silly gunzTarPerm extractEntry moment.js
131575 silly gunzTarPerm modified mode [ 'moment.js', 420, 438 ]
131576 silly gunzTarPerm extractEntry data/regions/FO.js
131577 silly gunzTarPerm modified mode [ 'data/regions/FO.js', 420, 438 ]
131578 silly gunzTarPerm extractEntry data/features/focusin-focusout-events.js
131579 silly gunzTarPerm modified mode [ 'data/features/focusin-focusout-events.js', 420, 438 ]
131580 silly gunzTarPerm extractEntry 2020/DateFromTime.js
131581 silly gunzTarPerm modified mode [ '2020/DateFromTime.js', 420, 438 ]
131582 silly gunzTarPerm extractEntry 2021/DateFromTime.js
131583 silly gunzTarPerm modified mode [ '2021/DateFromTime.js', 420, 438 ]
131584 silly gunzTarPerm extractEntry fp/clone.js
131585 silly gunzTarPerm modified mode [ 'fp/clone.js', 420, 438 ]
131586 silly gunzTarPerm extractEntry cloneDeep.js
131587 silly gunzTarPerm modified mode [ 'cloneDeep.js', 420, 438 ]
131588 silly gunzTarPerm extractEntry client/core.js
131589 silly gunzTarPerm extractEntry client/core.min.js
131590 silly gunzTarPerm extractEntry math/atanh/shim.js
131591 silly gunzTarPerm modified mode [ 'math/atanh/shim.js', 420, 438 ]
131592 silly gunzTarPerm extractEntry math/cbrt/shim.js
131593 silly gunzTarPerm modified mode [ 'math/cbrt/shim.js', 420, 438 ]
131594 silly gunzTarPerm extractEntry 2022/DateFromTime.js
131595 silly gunzTarPerm modified mode [ '2022/DateFromTime.js', 420, 438 ]
131596 silly gunzTarPerm extractEntry 2023/DateFromTime.js
131597 silly gunzTarPerm modified mode [ '2023/DateFromTime.js', 420, 438 ]
131598 silly gunzTarPerm extractEntry data/features/font-family-system-ui.js
131599 silly gunzTarPerm modified mode [ 'data/features/font-family-system-ui.js', 420, 438 ]
131600 silly gunzTarPerm extractEntry data/features/font-feature.js
131601 silly gunzTarPerm modified mode [ 'data/features/font-feature.js', 420, 438 ]
131602 silly gunzTarPerm extractEntry library/modules/core.number.iterator.js
131603 silly gunzTarPerm extractEntry modules/core.number.iterator.js
131604 silly gunzTarPerm extractEntry src/lib/moment/moment.js
131605 silly gunzTarPerm modified mode [ 'src/lib/moment/moment.js', 420, 438 ]
131606 silly gunzTarPerm extractEntry fp/cloneDeep.js
131607 silly gunzTarPerm modified mode [ 'fp/cloneDeep.js', 420, 438 ]
131608 silly gunzTarPerm extractEntry cloneDeepWith.js
131609 silly gunzTarPerm modified mode [ 'cloneDeepWith.js', 420, 438 ]
131610 silly gunzTarPerm extractEntry math/clz32/shim.js
131611 silly gunzTarPerm modified mode [ 'math/clz32/shim.js', 420, 438 ]
131612 silly gunzTarPerm extractEntry math/cosh/shim.js
131613 silly gunzTarPerm modified mode [ 'math/cosh/shim.js', 420, 438 ]
131614 silly gunzTarPerm extractEntry 2024/DateFromTime.js
131615 silly gunzTarPerm modified mode [ '2024/DateFromTime.js', 420, 438 ]
131616 silly gunzTarPerm extractEntry 5/DateFromTime.js
131617 silly gunzTarPerm modified mode [ '5/DateFromTime.js', 420, 438 ]
131618 silly gunzTarPerm extractEntry src/moment.js
131619 silly gunzTarPerm modified mode [ 'src/moment.js', 420, 438 ]
131620 silly gunzTarPerm extractEntry min/moment.min.js
131621 silly gunzTarPerm modified mode [ 'min/moment.min.js', 420, 438 ]
131622 silly gunzTarPerm extractEntry data/features/font-kerning.js
131623 silly gunzTarPerm modified mode [ 'data/features/font-kerning.js', 420, 438 ]
131624 silly gunzTarPerm extractEntry data/features/font-loading.js
131625 silly gunzTarPerm modified mode [ 'data/features/font-loading.js', 420, 438 ]
131626 silly gunzTarPerm extractEntry fp/cloneDeepWith.js
131627 silly gunzTarPerm modified mode [ 'fp/cloneDeepWith.js', 420, 438 ]
131628 silly gunzTarPerm extractEntry cloneWith.js
131629 silly gunzTarPerm modified mode [ 'cloneWith.js', 420, 438 ]
131630 silly gunzTarPerm extractEntry library/modules/core.object.classof.js
131631 silly gunzTarPerm extractEntry modules/core.object.classof.js
131632 silly gunzTarPerm extractEntry math/expm1/shim.js
131633 silly gunzTarPerm modified mode [ 'math/expm1/shim.js', 420, 438 ]
131634 silly gunzTarPerm extractEntry math/fround/shim.js
131635 silly gunzTarPerm modified mode [ 'math/fround/shim.js', 420, 438 ]
131636 silly gunzTarPerm extractEntry 2018/DateString.js
131637 silly gunzTarPerm modified mode [ '2018/DateString.js', 420, 438 ]
131638 silly gunzTarPerm extractEntry 2019/DateString.js
131639 silly gunzTarPerm modified mode [ '2019/DateString.js', 420, 438 ]
131640 silly gunzTarPerm extractEntry src/lib/units/month.js
131641 silly gunzTarPerm modified mode [ 'src/lib/units/month.js', 420, 438 ]
131642 silly gunzTarPerm extractEntry data/features/font-size-adjust.js
131643 silly gunzTarPerm modified mode [ 'data/features/font-size-adjust.js', 420, 438 ]
131644 silly gunzTarPerm extractEntry data/features/font-smooth.js
131645 silly gunzTarPerm modified mode [ 'data/features/font-smooth.js', 420, 438 ]
131646 silly gunzTarPerm extractEntry library/modules/core.object.define.js
131647 silly gunzTarPerm extractEntry modules/core.object.define.js
131648 silly gunzTarPerm extractEntry fp/cloneWith.js
131649 silly gunzTarPerm modified mode [ 'fp/cloneWith.js', 420, 438 ]
131650 silly gunzTarPerm extractEntry collection.js
131651 silly gunzTarPerm modified mode [ 'collection.js', 420, 438 ]
131652 silly gunzTarPerm extractEntry math/hypot/shim.js
131653 silly gunzTarPerm modified mode [ 'math/hypot/shim.js', 420, 438 ]
131654 silly gunzTarPerm extractEntry math/imul/shim.js
131655 silly gunzTarPerm modified mode [ 'math/imul/shim.js', 420, 438 ]
131656 silly gunzTarPerm extractEntry 2020/DateString.js
131657 silly gunzTarPerm modified mode [ '2020/DateString.js', 420, 438 ]
131658 silly gunzTarPerm extractEntry 2021/DateString.js
131659 silly gunzTarPerm modified mode [ '2021/DateString.js', 420, 438 ]
131660 silly gunzTarPerm extractEntry dist/locale/mr.js
131661 silly gunzTarPerm modified mode [ 'dist/locale/mr.js', 420, 438 ]
131662 silly gunzTarPerm extractEntry locale/mr.js
131663 silly gunzTarPerm modified mode [ 'locale/mr.js', 420, 438 ]
131664 silly gunzTarPerm extractEntry library/modules/core.object.is-object.js
131665 silly gunzTarPerm extractEntry modules/core.object.is-object.js
131666 silly gunzTarPerm extractEntry data/features/font-unicode-range.js
131667 silly gunzTarPerm modified mode [ 'data/features/font-unicode-range.js', 420, 438 ]
131668 silly gunzTarPerm extractEntry data/features/font-variant-alternates.js
131669 silly gunzTarPerm modified mode [ 'data/features/font-variant-alternates.js', 420, 438 ]
131670 silly gunzTarPerm extractEntry fp/collection.js
131671 silly gunzTarPerm modified mode [ 'fp/collection.js', 420, 438 ]
131672 silly gunzTarPerm extractEntry commit.js
131673 silly gunzTarPerm modified mode [ 'commit.js', 420, 438 ]
131674 silly gunzTarPerm extractEntry math/log10/shim.js
131675 silly gunzTarPerm modified mode [ 'math/log10/shim.js', 420, 438 ]
131676 silly gunzTarPerm extractEntry math/log1p/shim.js
131677 silly gunzTarPerm modified mode [ 'math/log1p/shim.js', 420, 438 ]
131678 silly gunzTarPerm extractEntry 2022/DateString.js
131679 silly gunzTarPerm modified mode [ '2022/DateString.js', 420, 438 ]
131680 silly gunzTarPerm extractEntry 2023/DateString.js
131681 silly gunzTarPerm modified mode [ '2023/DateString.js', 420, 438 ]
131682 silly gunzTarPerm extractEntry library/modules/core.object.make.js
131683 silly gunzTarPerm extractEntry modules/core.object.make.js
131684 silly gunzTarPerm extractEntry data/features/font-variant-numeric.js
131685 silly gunzTarPerm modified mode [ 'data/features/font-variant-numeric.js', 420, 438 ]
131686 silly gunzTarPerm extractEntry data/features/fontface.js
131687 silly gunzTarPerm modified mode [ 'data/features/fontface.js', 420, 438 ]
131688 silly gunzTarPerm extractEntry math/log2/shim.js
131689 silly gunzTarPerm modified mode [ 'math/log2/shim.js', 420, 438 ]
131690 silly gunzTarPerm extractEntry math/sign/shim.js
131691 silly gunzTarPerm modified mode [ 'math/sign/shim.js', 420, 438 ]
131692 silly gunzTarPerm extractEntry fp/commit.js
131693 silly gunzTarPerm modified mode [ 'fp/commit.js', 420, 438 ]
131694 silly gunzTarPerm extractEntry compact.js
131695 silly gunzTarPerm modified mode [ 'compact.js', 420, 438 ]
131696 silly gunzTarPerm extractEntry src/locale/mr.js
131697 silly gunzTarPerm modified mode [ 'src/locale/mr.js', 420, 438 ]
131698 silly gunzTarPerm extractEntry dist/locale/ms-my.js
131699 silly gunzTarPerm modified mode [ 'dist/locale/ms-my.js', 420, 438 ]
131700 silly gunzTarPerm extractEntry 2024/DateString.js
131701 silly gunzTarPerm modified mode [ '2024/DateString.js', 420, 438 ]
131702 silly gunzTarPerm extractEntry 2015/Day.js
131703 silly gunzTarPerm modified mode [ '2015/Day.js', 420, 438 ]
131704 silly gunzTarPerm extractEntry library/modules/core.regexp.escape.js
131705 silly gunzTarPerm extractEntry modules/core.regexp.escape.js
131706 silly gunzTarPerm extractEntry math/sinh/shim.js
131707 silly gunzTarPerm modified mode [ 'math/sinh/shim.js', 420, 438 ]
131708 silly gunzTarPerm extractEntry math/tanh/shim.js
131709 silly gunzTarPerm modified mode [ 'math/tanh/shim.js', 420, 438 ]
131710 silly gunzTarPerm extractEntry fp/compact.js
131711 silly gunzTarPerm modified mode [ 'fp/compact.js', 420, 438 ]
131712 silly gunzTarPerm extractEntry fp/complement.js
131713 silly gunzTarPerm modified mode [ 'fp/complement.js', 420, 438 ]
131714 silly gunzTarPerm extractEntry data/features/form-attribute.js
131715 silly gunzTarPerm modified mode [ 'data/features/form-attribute.js', 420, 438 ]
131716 silly gunzTarPerm extractEntry data/features/form-submit-attributes.js
131717 silly gunzTarPerm modified mode [ 'data/features/form-submit-attributes.js', 420, 438 ]
131718 silly gunzTarPerm extractEntry locale/ms-my.js
131719 silly gunzTarPerm modified mode [ 'locale/ms-my.js', 420, 438 ]
131720 silly gunzTarPerm extractEntry src/locale/ms-my.js
131721 silly gunzTarPerm modified mode [ 'src/locale/ms-my.js', 420, 438 ]
131722 silly gunzTarPerm extractEntry 2016/Day.js
131723 silly gunzTarPerm modified mode [ '2016/Day.js', 420, 438 ]
131724 silly gunzTarPerm extractEntry 2017/Day.js
131725 silly gunzTarPerm modified mode [ '2017/Day.js', 420, 438 ]
131726 silly gunzTarPerm extractEntry library/modules/core.string.escape-html.js
131727 silly gunzTarPerm extractEntry modules/core.string.escape-html.js
131728 silly gunzTarPerm extractEntry math/trunc/shim.js
131729 silly gunzTarPerm modified mode [ 'math/trunc/shim.js', 420, 438 ]
131730 silly gunzTarPerm extractEntry number/is-finite/shim.js
131731 silly gunzTarPerm modified mode [ 'number/is-finite/shim.js', 420, 438 ]
131732 silly gunzTarPerm extractEntry fp/compose.js
131733 silly gunzTarPerm modified mode [ 'fp/compose.js', 420, 438 ]
131734 silly gunzTarPerm extractEntry concat.js
131735 silly gunzTarPerm modified mode [ 'concat.js', 420, 438 ]
131736 silly gunzTarPerm extractEntry data/features/form-validation.js
131737 silly gunzTarPerm modified mode [ 'data/features/form-validation.js', 420, 438 ]
131738 silly gunzTarPerm extractEntry data/features/forms.js
131739 silly gunzTarPerm modified mode [ 'data/features/forms.js', 420, 438 ]
131740 silly gunzTarPerm extractEntry 2018/Day.js
131741 silly gunzTarPerm modified mode [ '2018/Day.js', 420, 438 ]
131742 silly gunzTarPerm extractEntry 2019/Day.js
131743 silly gunzTarPerm modified mode [ '2019/Day.js', 420, 438 ]
131744 silly gunzTarPerm extractEntry dist/locale/ms.js
131745 silly gunzTarPerm modified mode [ 'dist/locale/ms.js', 420, 438 ]
131746 silly gunzTarPerm extractEntry locale/ms.js
131747 silly gunzTarPerm modified mode [ 'locale/ms.js', 420, 438 ]
131748 silly gunzTarPerm extractEntry library/modules/core.string.unescape-html.js
131749 silly gunzTarPerm extractEntry modules/core.string.unescape-html.js
131750 silly gunzTarPerm extractEntry number/is-integer/shim.js
131751 silly gunzTarPerm modified mode [ 'number/is-integer/shim.js', 420, 438 ]
131752 silly gunzTarPerm extractEntry number/is-nan/shim.js
131753 silly gunzTarPerm modified mode [ 'number/is-nan/shim.js', 420, 438 ]
131754 silly gunzTarPerm extractEntry fp/concat.js
131755 silly gunzTarPerm modified mode [ 'fp/concat.js', 420, 438 ]
131756 silly gunzTarPerm extractEntry cond.js
131757 silly gunzTarPerm modified mode [ 'cond.js', 420, 438 ]
131758 silly gunzTarPerm extractEntry 2020/Day.js
131759 silly gunzTarPerm modified mode [ '2020/Day.js', 420, 438 ]
131760 silly gunzTarPerm extractEntry 2021/Day.js
131761 silly gunzTarPerm modified mode [ '2021/Day.js', 420, 438 ]
131762 silly gunzTarPerm extractEntry data/regions/FR.js
131763 silly gunzTarPerm modified mode [ 'data/regions/FR.js', 420, 438 ]
131764 silly gunzTarPerm extractEntry data/features/fullscreen.js
131765 silly gunzTarPerm modified mode [ 'data/features/fullscreen.js', 420, 438 ]
131766 silly gunzTarPerm extractEntry src/locale/ms.js
131767 silly gunzTarPerm modified mode [ 'src/locale/ms.js', 420, 438 ]
131768 silly gunzTarPerm extractEntry dist/locale/mt.js
131769 silly gunzTarPerm modified mode [ 'dist/locale/mt.js', 420, 438 ]
131770 silly gunzTarPerm extractEntry fn/math/cosh.js
131771 silly gunzTarPerm extractEntry library/fn/math/cosh.js
131772 silly gunzTarPerm extractEntry number/is-safe-integer/shim.js
131773 silly gunzTarPerm modified mode [ 'number/is-safe-integer/shim.js', 420, 438 ]
131774 silly gunzTarPerm extractEntry object/assign/shim.js
131775 silly gunzTarPerm modified mode [ 'object/assign/shim.js', 420, 438 ]
131776 silly gunzTarPerm extractEntry fp/cond.js
131777 silly gunzTarPerm modified mode [ 'fp/cond.js', 420, 438 ]
131778 silly gunzTarPerm extractEntry conforms.js
131779 silly gunzTarPerm modified mode [ 'conforms.js', 420, 438 ]
131780 silly gunzTarPerm extractEntry 2022/Day.js
131781 silly gunzTarPerm modified mode [ '2022/Day.js', 420, 438 ]
131782 silly gunzTarPerm extractEntry 2023/Day.js
131783 silly gunzTarPerm modified mode [ '2023/Day.js', 420, 438 ]
131784 silly gunzTarPerm extractEntry data/regions/GA.js
131785 silly gunzTarPerm modified mode [ 'data/regions/GA.js', 420, 438 ]
131786 silly gunzTarPerm extractEntry data/features/gamepad.js
131787 silly gunzTarPerm modified mode [ 'data/features/gamepad.js', 420, 438 ]
131788 silly gunzTarPerm extractEntry locale/mt.js
131789 silly gunzTarPerm modified mode [ 'locale/mt.js', 420, 438 ]
131790 silly gunzTarPerm extractEntry src/locale/mt.js
131791 silly gunzTarPerm modified mode [ 'src/locale/mt.js', 420, 438 ]
131792 silly gunzTarPerm extractEntry fn/object/create.js
131793 silly gunzTarPerm extractEntry library/fn/object/create.js
131794 silly gunzTarPerm extractEntry fp/conforms.js
131795 silly gunzTarPerm modified mode [ 'fp/conforms.js', 420, 438 ]
131796 silly gunzTarPerm extractEntry conformsTo.js
131797 silly gunzTarPerm modified mode [ 'conformsTo.js', 420, 438 ]
131798 silly gunzTarPerm extractEntry 2024/Day.js
131799 silly gunzTarPerm modified mode [ '2024/Day.js', 420, 438 ]
131800 silly gunzTarPerm extractEntry 5/Day.js
131801 silly gunzTarPerm modified mode [ '5/Day.js', 420, 438 ]
131802 silly gunzTarPerm extractEntry object/entries/shim.js
131803 silly gunzTarPerm modified mode [ 'object/entries/shim.js', 420, 438 ]
131804 silly gunzTarPerm extractEntry object/keys/shim.js
131805 silly gunzTarPerm modified mode [ 'object/keys/shim.js', 420, 438 ]
131806 silly gunzTarPerm extractEntry data/regions/GB.js
131807 silly gunzTarPerm modified mode [ 'data/regions/GB.js', 420, 438 ]
131808 silly gunzTarPerm extractEntry data/regions/GD.js
131809 silly gunzTarPerm modified mode [ 'data/regions/GD.js', 420, 438 ]
131810 silly gunzTarPerm extractEntry fn/typed/data-view.js
131811 silly gunzTarPerm extractEntry library/fn/typed/data-view.js
131812 silly gunzTarPerm extractEntry dist/locale/my.js
131813 silly gunzTarPerm modified mode [ 'dist/locale/my.js', 420, 438 ]
131814 silly gunzTarPerm extractEntry locale/my.js
131815 silly gunzTarPerm modified mode [ 'locale/my.js', 420, 438 ]
131816 silly gunzTarPerm extractEntry fp/conformsTo.js
131817 silly gunzTarPerm modified mode [ 'fp/conformsTo.js', 420, 438 ]
131818 silly gunzTarPerm extractEntry constant.js
131819 silly gunzTarPerm modified mode [ 'constant.js', 420, 438 ]
131820 silly gunzTarPerm extractEntry object/set-prototype-of/shim.js
131821 silly gunzTarPerm modified mode [ 'object/set-prototype-of/shim.js', 420, 438 ]
131822 silly gunzTarPerm extractEntry promise/#/finally/shim.js
131823 silly gunzTarPerm modified mode [ 'promise/#/finally/shim.js', 420, 438 ]
131824 silly gunzTarPerm extractEntry 2015/DayFromYear.js
131825 silly gunzTarPerm modified mode [ '2015/DayFromYear.js', 420, 438 ]
131826 silly gunzTarPerm extractEntry 2016/DayFromYear.js
131827 silly gunzTarPerm modified mode [ '2016/DayFromYear.js', 420, 438 ]
131828 silly gunzTarPerm extractEntry es6/date.js
131829 silly gunzTarPerm extractEntry library/es6/date.js
131830 silly gunzTarPerm extractEntry data/regions/GE.js
131831 silly gunzTarPerm modified mode [ 'data/regions/GE.js', 420, 438 ]
131832 silly gunzTarPerm extractEntry data/features/geolocation.js
131833 silly gunzTarPerm modified mode [ 'data/features/geolocation.js', 420, 438 ]
131834 silly gunzTarPerm extractEntry src/locale/my.js
131835 silly gunzTarPerm modified mode [ 'src/locale/my.js', 420, 438 ]
131836 silly gunzTarPerm extractEntry dist/locale/nb.js
131837 silly gunzTarPerm modified mode [ 'dist/locale/nb.js', 420, 438 ]
131838 silly gunzTarPerm extractEntry fp/constant.js
131839 silly gunzTarPerm modified mode [ 'fp/constant.js', 420, 438 ]
131840 silly gunzTarPerm extractEntry fp/contains.js
131841 silly gunzTarPerm modified mode [ 'fp/contains.js', 420, 438 ]
131842 silly gunzTarPerm extractEntry reg-exp/#/match/shim.js
131843 silly gunzTarPerm modified mode [ 'reg-exp/#/match/shim.js', 420, 438 ]
131844 silly gunzTarPerm extractEntry reg-exp/#/replace/shim.js
131845 silly gunzTarPerm modified mode [ 'reg-exp/#/replace/shim.js', 420, 438 ]
131846 silly gunzTarPerm extractEntry 2017/DayFromYear.js
131847 silly gunzTarPerm modified mode [ '2017/DayFromYear.js', 420, 438 ]
131848 silly gunzTarPerm extractEntry 2018/DayFromYear.js
131849 silly gunzTarPerm modified mode [ '2018/DayFromYear.js', 420, 438 ]
131850 silly gunzTarPerm extractEntry fn/object/define-getter.js
131851 silly gunzTarPerm extractEntry library/fn/object/define-getter.js
131852 silly gunzTarPerm extractEntry data/features/getboundingclientrect.js
131853 silly gunzTarPerm modified mode [ 'data/features/getboundingclientrect.js', 420, 438 ]
131854 silly gunzTarPerm extractEntry data/features/getcomputedstyle.js
131855 silly gunzTarPerm modified mode [ 'data/features/getcomputedstyle.js', 420, 438 ]
131856 silly gunzTarPerm extractEntry locale/nb.js
131857 silly gunzTarPerm modified mode [ 'locale/nb.js', 420, 438 ]
131858 silly gunzTarPerm extractEntry src/locale/nb.js
131859 silly gunzTarPerm modified mode [ 'src/locale/nb.js', 420, 438 ]
131860 silly gunzTarPerm extractEntry fp/convert.js
131861 silly gunzTarPerm modified mode [ 'fp/convert.js', 420, 438 ]
131862 silly gunzTarPerm extractEntry core.js
131863 silly gunzTarPerm modified mode [ 'core.js', 420, 438 ]
131864 silly gunzTarPerm extractEntry reg-exp/#/search/shim.js
131865 silly gunzTarPerm modified mode [ 'reg-exp/#/search/shim.js', 420, 438 ]
131866 silly gunzTarPerm extractEntry reg-exp/#/split/shim.js
131867 silly gunzTarPerm modified mode [ 'reg-exp/#/split/shim.js', 420, 438 ]
131868 silly gunzTarPerm extractEntry fn/reflect/define-metadata.js
131869 silly gunzTarPerm extractEntry library/fn/reflect/define-metadata.js
131870 silly gunzTarPerm extractEntry 2019/DayFromYear.js
131871 silly gunzTarPerm modified mode [ '2019/DayFromYear.js', 420, 438 ]
131872 silly gunzTarPerm extractEntry 2020/DayFromYear.js
131873 silly gunzTarPerm modified mode [ '2020/DayFromYear.js', 420, 438 ]
131874 silly gunzTarPerm extractEntry data/features/getelementsbyclassname.js
131875 silly gunzTarPerm modified mode [ 'data/features/getelementsbyclassname.js', 420, 438 ]
131876 silly gunzTarPerm extractEntry data/features/getrandomvalues.js
131877 silly gunzTarPerm modified mode [ 'data/features/getrandomvalues.js', 420, 438 ]
131878 silly gunzTarPerm extractEntry dist/locale/ne.js
131879 silly gunzTarPerm modified mode [ 'dist/locale/ne.js', 420, 438 ]
131880 silly gunzTarPerm extractEntry locale/ne.js
131881 silly gunzTarPerm modified mode [ 'locale/ne.js', 420, 438 ]
131882 silly gunzTarPerm extractEntry string/#/@@iterator/shim.js
131883 silly gunzTarPerm modified mode [ 'string/#/@@iterator/shim.js', 420, 438 ]
131884 silly gunzTarPerm extractEntry string/#/code-point-at/shim.js
131885 silly gunzTarPerm modified mode [ 'string/#/code-point-at/shim.js', 420, 438 ]
131886 silly gunzTarPerm extractEntry core.min.js
131887 silly gunzTarPerm modified mode [ 'core.min.js', 420, 438 ]
131888 silly gunzTarPerm extractEntry countBy.js
131889 silly gunzTarPerm modified mode [ 'countBy.js', 420, 438 ]
131890 silly gunzTarPerm extractEntry fn/object/define-properties.js
131891 silly gunzTarPerm extractEntry library/fn/object/define-properties.js
131892 silly gunzTarPerm extractEntry 2021/DayFromYear.js
131893 silly gunzTarPerm modified mode [ '2021/DayFromYear.js', 420, 438 ]
131894 silly gunzTarPerm extractEntry 2022/DayFromYear.js
131895 silly gunzTarPerm modified mode [ '2022/DayFromYear.js', 420, 438 ]
131896 silly gunzTarPerm extractEntry string/#/contains/shim.js
131897 silly gunzTarPerm modified mode [ 'string/#/contains/shim.js', 420, 438 ]
131898 silly gunzTarPerm extractEntry string/#/ends-with/shim.js
131899 silly gunzTarPerm modified mode [ 'string/#/ends-with/shim.js', 420, 438 ]
131900 silly gunzTarPerm extractEntry fp/countBy.js
131901 silly gunzTarPerm modified mode [ 'fp/countBy.js', 420, 438 ]
131902 silly gunzTarPerm extractEntry create.js
131903 silly gunzTarPerm modified mode [ 'create.js', 420, 438 ]
131904 silly gunzTarPerm extractEntry data/regions/GF.js
131905 silly gunzTarPerm modified mode [ 'data/regions/GF.js', 420, 438 ]
131906 silly gunzTarPerm extractEntry data/regions/GG.js
131907 silly gunzTarPerm modified mode [ 'data/regions/GG.js', 420, 438 ]
131908 silly gunzTarPerm extractEntry src/locale/ne.js
131909 silly gunzTarPerm modified mode [ 'src/locale/ne.js', 420, 438 ]
131910 silly gunzTarPerm extractEntry dist/locale/nl-be.js
131911 silly gunzTarPerm modified mode [ 'dist/locale/nl-be.js', 420, 438 ]
131912 silly gunzTarPerm extractEntry fn/object/define-property.js
131913 silly gunzTarPerm extractEntry fn/reflect/define-property.js
131914 silly gunzTarPerm extractEntry 2023/DayFromYear.js
131915 silly gunzTarPerm modified mode [ '2023/DayFromYear.js', 420, 438 ]
131916 silly gunzTarPerm extractEntry 2024/DayFromYear.js
131917 silly gunzTarPerm modified mode [ '2024/DayFromYear.js', 420, 438 ]
131918 silly gunzTarPerm extractEntry string/#/normalize/shim.js
131919 silly gunzTarPerm modified mode [ 'string/#/normalize/shim.js', 420, 438 ]
131920 silly gunzTarPerm extractEntry string/#/repeat/shim.js
131921 silly gunzTarPerm modified mode [ 'string/#/repeat/shim.js', 420, 438 ]
131922 silly gunzTarPerm extractEntry fp/create.js
131923 silly gunzTarPerm modified mode [ 'fp/create.js', 420, 438 ]
131924 silly gunzTarPerm extractEntry curry.js
131925 silly gunzTarPerm modified mode [ 'curry.js', 420, 438 ]
131926 silly gunzTarPerm extractEntry data/regions/GH.js
131927 silly gunzTarPerm modified mode [ 'data/regions/GH.js', 420, 438 ]
131928 silly gunzTarPerm extractEntry data/regions/GI.js
131929 silly gunzTarPerm modified mode [ 'data/regions/GI.js', 420, 438 ]
131930 silly gunzTarPerm extractEntry locale/nl-be.js
131931 silly gunzTarPerm modified mode [ 'locale/nl-be.js', 420, 438 ]
131932 silly gunzTarPerm extractEntry src/locale/nl-be.js
131933 silly gunzTarPerm modified mode [ 'src/locale/nl-be.js', 420, 438 ]
131934 silly gunzTarPerm extractEntry library/fn/object/define-property.js
131935 silly gunzTarPerm extractEntry library/fn/reflect/define-property.js
131936 silly gunzTarPerm extractEntry string/#/starts-with/shim.js
131937 silly gunzTarPerm modified mode [ 'string/#/starts-with/shim.js', 420, 438 ]
131938 silly gunzTarPerm extractEntry string/from-code-point/shim.js
131939 silly gunzTarPerm modified mode [ 'string/from-code-point/shim.js', 420, 438 ]
131940 silly gunzTarPerm extractEntry 5/DayFromYear.js
131941 silly gunzTarPerm modified mode [ '5/DayFromYear.js', 420, 438 ]
131942 silly gunzTarPerm extractEntry 2015/DaysInYear.js
131943 silly gunzTarPerm modified mode [ '2015/DaysInYear.js', 420, 438 ]
131944 silly gunzTarPerm extractEntry fp/curry.js
131945 silly gunzTarPerm modified mode [ 'fp/curry.js', 420, 438 ]
131946 silly gunzTarPerm extractEntry fp/curryN.js
131947 silly gunzTarPerm modified mode [ 'fp/curryN.js', 420, 438 ]
131948 silly gunzTarPerm extractEntry data/regions/GL.js
131949 silly gunzTarPerm modified mode [ 'data/regions/GL.js', 420, 438 ]
131950 silly gunzTarPerm extractEntry data/regions/GM.js
131951 silly gunzTarPerm modified mode [ 'data/regions/GM.js', 420, 438 ]
131952 silly gunzTarPerm extractEntry dist/locale/nl.js
131953 silly gunzTarPerm modified mode [ 'dist/locale/nl.js', 420, 438 ]
131954 silly gunzTarPerm extractEntry locale/nl.js
131955 silly gunzTarPerm modified mode [ 'locale/nl.js', 420, 438 ]
131956 silly gunzTarPerm extractEntry fn/object/define-setter.js
131957 silly gunzTarPerm extractEntry library/fn/object/define-setter.js
131958 silly gunzTarPerm extractEntry data.json
131959 silly gunzTarPerm modified mode [ 'data.json', 420, 438 ]
131960 silly gunzTarPerm extractEntry string/raw/shim.js
131961 silly gunzTarPerm modified mode [ 'string/raw/shim.js', 420, 438 ]
131962 silly gunzTarPerm extractEntry array/#/some-right.js
131963 silly gunzTarPerm modified mode [ 'array/#/some-right.js', 420, 438 ]
131964 silly gunzTarPerm extractEntry curryRight.js
131965 silly gunzTarPerm modified mode [ 'curryRight.js', 420, 438 ]
131966 silly gunzTarPerm extractEntry fp/curryRight.js
131967 silly gunzTarPerm modified mode [ 'fp/curryRight.js', 420, 438 ]
131968 silly gunzTarPerm extractEntry 2016/DaysInYear.js
131969 silly gunzTarPerm modified mode [ '2016/DaysInYear.js', 420, 438 ]
131970 silly gunzTarPerm extractEntry 2017/DaysInYear.js
131971 silly gunzTarPerm modified mode [ '2017/DaysInYear.js', 420, 438 ]
131972 silly gunzTarPerm extractEntry data/regions/GN.js
131973 silly gunzTarPerm modified mode [ 'data/regions/GN.js', 420, 438 ]
131974 silly gunzTarPerm extractEntry data/regions/GP.js
131975 silly gunzTarPerm modified mode [ 'data/regions/GP.js', 420, 438 ]
131976 silly gunzTarPerm extractEntry src/locale/nl.js
131977 silly gunzTarPerm modified mode [ 'src/locale/nl.js', 420, 438 ]
131978 silly gunzTarPerm extractEntry dist/locale/nn.js
131979 silly gunzTarPerm modified mode [ 'dist/locale/nn.js', 420, 438 ]
131980 silly gunzTarPerm extractEntry fn/object/define.js
131981 silly gunzTarPerm extractEntry library/fn/object/define.js
131982 silly gunzTarPerm extractEntry object/some.js
131983 silly gunzTarPerm modified mode [ 'object/some.js', 420, 438 ]
131984 silly gunzTarPerm extractEntry function/#/spread.js
131985 silly gunzTarPerm modified mode [ 'function/#/spread.js', 420, 438 ]
131986 silly gunzTarPerm extractEntry fp/curryRightN.js
131987 silly gunzTarPerm modified mode [ 'fp/curryRightN.js', 420, 438 ]
131988 silly gunzTarPerm extractEntry date.js
131989 silly gunzTarPerm modified mode [ 'date.js', 420, 438 ]
131990 silly gunzTarPerm extractEntry 2018/DaysInYear.js
131991 silly gunzTarPerm modified mode [ '2018/DaysInYear.js', 420, 438 ]
131992 silly gunzTarPerm extractEntry 2019/DaysInYear.js
131993 silly gunzTarPerm modified mode [ '2019/DaysInYear.js', 420, 438 ]
131994 silly gunzTarPerm extractEntry data/regions/GQ.js
131995 silly gunzTarPerm modified mode [ 'data/regions/GQ.js', 420, 438 ]
131996 silly gunzTarPerm extractEntry data/regions/GR.js
131997 silly gunzTarPerm modified mode [ 'data/regions/GR.js', 420, 438 ]
131998 silly gunzTarPerm extractEntry locale/nn.js
131999 silly gunzTarPerm modified mode [ 'locale/nn.js', 420, 438 ]
132000 silly gunzTarPerm extractEntry src/locale/nn.js
132001 silly gunzTarPerm modified mode [ 'src/locale/nn.js', 420, 438 ]
132002 silly gunzTarPerm extractEntry fn/math/deg-per-rad.js
132003 silly gunzTarPerm extractEntry library/fn/math/deg-per-rad.js
132004 silly gunzTarPerm extractEntry error/#/throw.js
132005 silly gunzTarPerm modified mode [ 'error/#/throw.js', 420, 438 ]
132006 silly gunzTarPerm extractEntry array/to-array.js
132007 silly gunzTarPerm modified mode [ 'array/to-array.js', 420, 438 ]
132008 silly gunzTarPerm extractEntry fp/date.js
132009 silly gunzTarPerm modified mode [ 'fp/date.js', 420, 438 ]
132010 silly gunzTarPerm extractEntry debounce.js
132011 silly gunzTarPerm modified mode [ 'debounce.js', 420, 438 ]
132012 silly gunzTarPerm extractEntry 2020/DaysInYear.js
132013 silly gunzTarPerm modified mode [ '2020/DaysInYear.js', 420, 438 ]
132014 silly gunzTarPerm extractEntry 2021/DaysInYear.js
132015 silly gunzTarPerm modified mode [ '2021/DaysInYear.js', 420, 438 ]
132016 silly gunzTarPerm extractEntry data/regions/GT.js
132017 silly gunzTarPerm modified mode [ 'data/regions/GT.js', 420, 438 ]
132018 silly gunzTarPerm extractEntry data/regions/GU.js
132019 silly gunzTarPerm modified mode [ 'data/regions/GU.js', 420, 438 ]
132020 silly gunzTarPerm extractEntry fn/math/degrees.js
132021 silly gunzTarPerm extractEntry library/fn/math/degrees.js
132022 silly gunzTarPerm extractEntry src/lib/moment/now.js
132023 silly gunzTarPerm modified mode [ 'src/lib/moment/now.js', 420, 438 ]
132024 silly gunzTarPerm extractEntry dist/locale/oc-lnc.js
132025 silly gunzTarPerm modified mode [ 'dist/locale/oc-lnc.js', 420, 438 ]
132026 silly gunzTarPerm extractEntry object/to-array.js
132027 silly gunzTarPerm modified mode [ 'object/to-array.js', 420, 438 ]
132028 silly gunzTarPerm extractEntry number/to-integer.js
132029 silly gunzTarPerm modified mode [ 'number/to-integer.js', 420, 438 ]
132030 silly gunzTarPerm extractEntry fp/debounce.js
132031 silly gunzTarPerm modified mode [ 'fp/debounce.js', 420, 438 ]
132032 silly gunzTarPerm extractEntry deburr.js
132033 silly gunzTarPerm modified mode [ 'deburr.js', 420, 438 ]
132034 silly gunzTarPerm extractEntry 2022/DaysInYear.js
132035 silly gunzTarPerm modified mode [ '2022/DaysInYear.js', 420, 438 ]
132036 silly gunzTarPerm extractEntry 2023/DaysInYear.js
132037 silly gunzTarPerm modified mode [ '2023/DaysInYear.js', 420, 438 ]
132038 silly gunzTarPerm extractEntry data/regions/GW.js
132039 silly gunzTarPerm modified mode [ 'data/regions/GW.js', 420, 438 ]
132040 silly gunzTarPerm extractEntry data/regions/GY.js
132041 silly gunzTarPerm modified mode [ 'data/regions/GY.js', 420, 438 ]
132042 silly gunzTarPerm extractEntry core/delay.js
132043 silly gunzTarPerm extractEntry fn/delay.js
132044 silly gunzTarPerm extractEntry locale/oc-lnc.js
132045 silly gunzTarPerm modified mode [ 'locale/oc-lnc.js', 420, 438 ]
132046 silly gunzTarPerm extractEntry src/locale/oc-lnc.js
132047 silly gunzTarPerm modified mode [ 'src/locale/oc-lnc.js', 420, 438 ]
132048 silly gunzTarPerm extractEntry number/to-pos-integer.js
132049 silly gunzTarPerm modified mode [ 'number/to-pos-integer.js', 420, 438 ]
132050 silly gunzTarPerm extractEntry to-short-string-representation.js
132051 silly gunzTarPerm modified mode [ 'to-short-string-representation.js', 420, 438 ]
132052 silly gunzTarPerm extractEntry fp/deburr.js
132053 silly gunzTarPerm modified mode [ 'fp/deburr.js', 420, 438 ]
132054 silly gunzTarPerm extractEntry defaults.js
132055 silly gunzTarPerm modified mode [ 'defaults.js', 420, 438 ]
132056 silly gunzTarPerm extractEntry 2024/DaysInYear.js
132057 silly gunzTarPerm modified mode [ '2024/DaysInYear.js', 420, 438 ]
132058 silly gunzTarPerm extractEntry 5/DaysInYear.js
132059 silly gunzTarPerm modified mode [ '5/DaysInYear.js', 420, 438 ]
132060 silly gunzTarPerm extractEntry library/core/delay.js
132061 silly gunzTarPerm extractEntry library/fn/delay.js
132062 silly gunzTarPerm extractEntry data/features/gyroscope.js
132063 silly gunzTarPerm modified mode [ 'data/features/gyroscope.js', 420, 438 ]
132064 silly gunzTarPerm extractEntry data/features/hardwareconcurrency.js
132065 silly gunzTarPerm modified mode [ 'data/features/hardwareconcurrency.js', 420, 438 ]
132066 silly gunzTarPerm extractEntry function/#/to-string-tokens.js
132067 silly gunzTarPerm modified mode [ 'function/#/to-string-tokens.js', 420, 438 ]
132068 silly gunzTarPerm extractEntry number/to-uint32.js
132069 silly gunzTarPerm modified mode [ 'number/to-uint32.js', 420, 438 ]
132070 silly gunzTarPerm extractEntry src/lib/units/offset.js
132071 silly gunzTarPerm modified mode [ 'src/lib/units/offset.js', 420, 438 ]
132072 silly gunzTarPerm extractEntry src/lib/locale/ordinal.js
132073 silly gunzTarPerm modified mode [ 'src/lib/locale/ordinal.js', 420, 438 ]
132074 silly gunzTarPerm extractEntry fp/defaults.js
132075 silly gunzTarPerm modified mode [ 'fp/defaults.js', 420, 438 ]
132076 silly gunzTarPerm extractEntry fp/defaultsAll.js
132077 silly gunzTarPerm modified mode [ 'fp/defaultsAll.js', 420, 438 ]
132078 silly gunzTarPerm extractEntry 2015/DayWithinYear.js
132079 silly gunzTarPerm modified mode [ '2015/DayWithinYear.js', 420, 438 ]
132080 silly gunzTarPerm extractEntry 2016/DayWithinYear.js
132081 silly gunzTarPerm modified mode [ '2016/DayWithinYear.js', 420, 438 ]
132082 silly gunzTarPerm extractEntry fn/reflect/delete-metadata.js
132083 silly gunzTarPerm extractEntry library/fn/reflect/delete-metadata.js
132084 silly gunzTarPerm extractEntry string/#/uncapitalize.js
132085 silly gunzTarPerm modified mode [ 'string/#/uncapitalize.js', 420, 438 ]
132086 silly gunzTarPerm extractEntry array/#/uniq.js
132087 silly gunzTarPerm modified mode [ 'array/#/uniq.js', 420, 438 ]
132088 silly gunzTarPerm extractEntry data/features/hashchange.js
132089 silly gunzTarPerm modified mode [ 'data/features/hashchange.js', 420, 438 ]
132090 silly gunzTarPerm extractEntry data/features/heif.js
132091 silly gunzTarPerm modified mode [ 'data/features/heif.js', 420, 438 ]
132092 silly gunzTarPerm extractEntry dist/locale/pa-in.js
132093 silly gunzTarPerm modified mode [ 'dist/locale/pa-in.js', 420, 438 ]
132094 silly gunzTarPerm extractEntry locale/pa-in.js
132095 silly gunzTarPerm modified mode [ 'locale/pa-in.js', 420, 438 ]
132096 silly gunzTarPerm extractEntry defaultsDeep.js
132097 silly gunzTarPerm modified mode [ 'defaultsDeep.js', 420, 438 ]
132098 silly gunzTarPerm extractEntry fp/defaultsDeep.js
132099 silly gunzTarPerm modified mode [ 'fp/defaultsDeep.js', 420, 438 ]
132100 silly gunzTarPerm extractEntry fn/reflect/delete-property.js
132101 silly gunzTarPerm extractEntry library/fn/reflect/delete-property.js
132102 silly gunzTarPerm extractEntry 2017/DayWithinYear.js
132103 silly gunzTarPerm modified mode [ '2017/DayWithinYear.js', 420, 438 ]
132104 silly gunzTarPerm extractEntry 2018/DayWithinYear.js
132105 silly gunzTarPerm modified mode [ '2018/DayWithinYear.js', 420, 438 ]
132106 silly gunzTarPerm extractEntry object/unserialize.js
132107 silly gunzTarPerm modified mode [ 'object/unserialize.js', 420, 438 ]
132108 silly gunzTarPerm extractEntry array/valid-array.js
132109 silly gunzTarPerm modified mode [ 'array/valid-array.js', 420, 438 ]
132110 silly gunzTarPerm extractEntry src/locale/pa-in.js
132111 silly gunzTarPerm modified mode [ 'src/locale/pa-in.js', 420, 438 ]
132112 silly gunzTarPerm extractEntry package.js
132113 silly gunzTarPerm modified mode [ 'package.js', 420, 438 ]
132114 silly gunzTarPerm extractEntry data/features/hevc.js
132115 silly gunzTarPerm modified mode [ 'data/features/hevc.js', 420, 438 ]
132116 silly gunzTarPerm extractEntry data/features/hidden.js
132117 silly gunzTarPerm modified mode [ 'data/features/hidden.js', 420, 438 ]
132118 silly gunzTarPerm extractEntry fp/defaultsDeepAll.js
132119 silly gunzTarPerm modified mode [ 'fp/defaultsDeepAll.js', 420, 438 ]
132120 silly gunzTarPerm extractEntry defaultTo.js
132121 silly gunzTarPerm modified mode [ 'defaultTo.js', 420, 438 ]
132122 silly gunzTarPerm extractEntry core/dict.js
132123 silly gunzTarPerm extractEntry fn/dict.js
132124 silly gunzTarPerm extractEntry object/valid-callable.js
132125 silly gunzTarPerm modified mode [ 'object/valid-callable.js', 420, 438 ]
132126 silly gunzTarPerm extractEntry date/valid-date.js
132127 silly gunzTarPerm modified mode [ 'date/valid-date.js', 420, 438 ]
132128 silly gunzTarPerm extractEntry 2019/DayWithinYear.js
132129 silly gunzTarPerm modified mode [ '2019/DayWithinYear.js', 420, 438 ]
132130 silly gunzTarPerm extractEntry 2020/DayWithinYear.js
132131 silly gunzTarPerm modified mode [ '2020/DayWithinYear.js', 420, 438 ]
132132 silly gunzTarPerm extractEntry src/lib/create/parsing-flags.js
132133 silly gunzTarPerm modified mode [ 'src/lib/create/parsing-flags.js', 420, 438 ]
132134 silly gunzTarPerm extractEntry dist/locale/pl.js
132135 silly gunzTarPerm modified mode [ 'dist/locale/pl.js', 420, 438 ]
132136 silly gunzTarPerm extractEntry data/features/high-resolution-time.js
132137 silly gunzTarPerm modified mode [ 'data/features/high-resolution-time.js', 420, 438 ]
132138 silly gunzTarPerm extractEntry data/features/history.js
132139 silly gunzTarPerm modified mode [ 'data/features/history.js', 420, 438 ]
132140 silly gunzTarPerm extractEntry fp/defaultTo.js
132141 silly gunzTarPerm modified mode [ 'fp/defaultTo.js', 420, 438 ]
132142 silly gunzTarPerm extractEntry defer.js
132143 silly gunzTarPerm modified mode [ 'defer.js', 420, 438 ]
132144 silly gunzTarPerm extractEntry library/core/dict.js
132145 silly gunzTarPerm extractEntry library/fn/dict.js
132146 silly gunzTarPerm extractEntry error/valid-error.js
132147 silly gunzTarPerm modified mode [ 'error/valid-error.js', 420, 438 ]
132148 silly gunzTarPerm extractEntry function/valid-function.js
132149 silly gunzTarPerm modified mode [ 'function/valid-function.js', 420, 438 ]
132150 silly gunzTarPerm extractEntry 2021/DayWithinYear.js
132151 silly gunzTarPerm modified mode [ '2021/DayWithinYear.js', 420, 438 ]
132152 silly gunzTarPerm extractEntry 2022/DayWithinYear.js
132153 silly gunzTarPerm modified mode [ '2022/DayWithinYear.js', 420, 438 ]
132154 silly gunzTarPerm extractEntry locale/pl.js
132155 silly gunzTarPerm modified mode [ 'locale/pl.js', 420, 438 ]
132156 silly gunzTarPerm extractEntry src/locale/pl.js
132157 silly gunzTarPerm modified mode [ 'src/locale/pl.js', 420, 438 ]
132158 silly gunzTarPerm extractEntry fp/defer.js
132159 silly gunzTarPerm modified mode [ 'fp/defer.js', 420, 438 ]
132160 silly gunzTarPerm extractEntry delay.js
132161 silly gunzTarPerm modified mode [ 'delay.js', 420, 438 ]
132162 silly gunzTarPerm extractEntry data/regions/HK.js
132163 silly gunzTarPerm modified mode [ 'data/regions/HK.js', 420, 438 ]
132164 silly gunzTarPerm extractEntry data/regions/HN.js
132165 silly gunzTarPerm modified mode [ 'data/regions/HN.js', 420, 438 ]
132166 silly gunzTarPerm extractEntry library/web/dom-collections.js
132167 silly gunzTarPerm extractEntry web/dom-collections.js
132168 silly gunzTarPerm extractEntry object/valid-object.js
132169 silly gunzTarPerm modified mode [ 'object/valid-object.js', 420, 438 ]
132170 silly gunzTarPerm extractEntry reg-exp/valid-reg-exp.js
132171 silly gunzTarPerm modified mode [ 'reg-exp/valid-reg-exp.js', 420, 438 ]
132172 silly gunzTarPerm extractEntry 2023/DayWithinYear.js
132173 silly gunzTarPerm modified mode [ '2023/DayWithinYear.js', 420, 438 ]
132174 silly gunzTarPerm extractEntry 2024/DayWithinYear.js
132175 silly gunzTarPerm modified mode [ '2024/DayWithinYear.js', 420, 438 ]
132176 silly gunzTarPerm extractEntry fn/string/ends-with.js
132177 silly gunzTarPerm extractEntry fn/string/virtual/ends-with.js
132178 silly gunzTarPerm extractEntry fp/delay.js
132179 silly gunzTarPerm modified mode [ 'fp/delay.js', 420, 438 ]
132180 silly gunzTarPerm extractEntry difference.js
132181 silly gunzTarPerm modified mode [ 'difference.js', 420, 438 ]
132182 silly gunzTarPerm extractEntry src/lib/locale/pre-post-format.js
132183 silly gunzTarPerm modified mode [ 'src/lib/locale/pre-post-format.js', 420, 438 ]
132184 silly gunzTarPerm extractEntry src/lib/units/priorities.js
132185 silly gunzTarPerm modified mode [ 'src/lib/units/priorities.js', 420, 438 ]
132186 silly gunzTarPerm extractEntry data/regions/HR.js
132187 silly gunzTarPerm modified mode [ 'data/regions/HR.js', 420, 438 ]
132188 silly gunzTarPerm extractEntry data/regions/HT.js
132189 silly gunzTarPerm modified mode [ 'data/regions/HT.js', 420, 438 ]
132190 silly gunzTarPerm extractEntry object/valid-value.js
132191 silly gunzTarPerm modified mode [ 'object/valid-value.js', 420, 438 ]
132192 silly gunzTarPerm extractEntry object/validate-array-like-object.js
132193 silly gunzTarPerm modified mode [ 'object/validate-array-like-object.js', 420, 438 ]
132194 silly gunzTarPerm extractEntry 5/DayWithinYear.js
132195 silly gunzTarPerm modified mode [ '5/DayWithinYear.js', 420, 438 ]
132196 silly gunzTarPerm extractEntry helpers/defaultEndianness.js
132197 silly gunzTarPerm modified mode [ 'helpers/defaultEndianness.js', 420, 438 ]
132198 silly gunzTarPerm extractEntry library/fn/string/ends-with.js
132199 silly gunzTarPerm extractEntry library/fn/string/virtual/ends-with.js
132200 silly gunzTarPerm extractEntry fp/difference.js
132201 silly gunzTarPerm modified mode [ 'fp/difference.js', 420, 438 ]
132202 silly gunzTarPerm extractEntry differenceBy.js
132203 silly gunzTarPerm modified mode [ 'differenceBy.js', 420, 438 ]
132204 silly gunzTarPerm extractEntry object/validate-array-like.js
132205 silly gunzTarPerm modified mode [ 'object/validate-array-like.js', 420, 438 ]
132206 silly gunzTarPerm extractEntry iterable/validate-object.js
132207 silly gunzTarPerm modified mode [ 'iterable/validate-object.js', 420, 438 ]
132208 silly gunzTarPerm extractEntry src/lib/duration/prototype.js
132209 silly gunzTarPerm modified mode [ 'src/lib/duration/prototype.js', 420, 438 ]
132210 silly gunzTarPerm extractEntry src/lib/locale/prototype.js
132211 silly gunzTarPerm modified mode [ 'src/lib/locale/prototype.js', 420, 438 ]
132212 silly gunzTarPerm extractEntry data/features/html-media-capture.js
132213 silly gunzTarPerm modified mode [ 'data/features/html-media-capture.js', 420, 438 ]
132214 silly gunzTarPerm extractEntry data/features/html5semantic.js
132215 silly gunzTarPerm modified mode [ 'data/features/html5semantic.js', 420, 438 ]
132216 silly gunzTarPerm extractEntry 2023/DefaultTimeZone.js
132217 silly gunzTarPerm modified mode [ '2023/DefaultTimeZone.js', 420, 438 ]
132218 silly gunzTarPerm extractEntry 2022/DefineMethodProperty.js
132219 silly gunzTarPerm modified mode [ '2022/DefineMethodProperty.js', 420, 438 ]
132220 silly gunzTarPerm extractEntry object/validate-stringifiable-value.js
132221 silly gunzTarPerm modified mode [ 'object/validate-stringifiable-value.js', 420, 438 ]
132222 silly gunzTarPerm extractEntry object/validate-stringifiable.js
132223 silly gunzTarPerm modified mode [ 'object/validate-stringifiable.js', 420, 438 ]
132224 silly gunzTarPerm extractEntry fn/array/entries.js
132225 silly gunzTarPerm extractEntry fn/array/virtual/entries.js
132226 silly gunzTarPerm extractEntry fp/differenceBy.js
132227 silly gunzTarPerm modified mode [ 'fp/differenceBy.js', 420, 438 ]
132228 silly gunzTarPerm extractEntry differenceWith.js
132229 silly gunzTarPerm modified mode [ 'differenceWith.js', 420, 438 ]
132230 silly gunzTarPerm extractEntry src/lib/moment/prototype.js
132231 silly gunzTarPerm modified mode [ 'src/lib/moment/prototype.js', 420, 438 ]
132232 silly gunzTarPerm extractEntry dist/locale/pt-br.js
132233 silly gunzTarPerm modified mode [ 'dist/locale/pt-br.js', 420, 438 ]
132234 silly gunzTarPerm extractEntry data/features/http-live-streaming.js
132235 silly gunzTarPerm modified mode [ 'data/features/http-live-streaming.js', 420, 438 ]
132236 silly gunzTarPerm extractEntry data/features/http2.js
132237 silly gunzTarPerm modified mode [ 'data/features/http2.js', 420, 438 ]
132238 silly gunzTarPerm extractEntry 2023/DefineMethodProperty.js
132239 silly gunzTarPerm modified mode [ '2023/DefineMethodProperty.js', 420, 438 ]
132240 silly gunzTarPerm extractEntry 2024/DefineMethodProperty.js
132241 silly gunzTarPerm modified mode [ '2024/DefineMethodProperty.js', 420, 438 ]
132242 silly gunzTarPerm extractEntry iterable/validate.js
132243 silly gunzTarPerm modified mode [ 'iterable/validate.js', 420, 438 ]
132244 silly gunzTarPerm extractEntry promise/.eslintrc.json
132245 silly gunzTarPerm modified mode [ 'promise/.eslintrc.json', 420, 438 ]
132246 silly gunzTarPerm extractEntry locale/pt-br.js
132247 silly gunzTarPerm modified mode [ 'locale/pt-br.js', 420, 438 ]
132248 silly gunzTarPerm extractEntry src/locale/pt-br.js
132249 silly gunzTarPerm modified mode [ 'src/locale/pt-br.js', 420, 438 ]
132250 silly gunzTarPerm extractEntry fn/object/entries.js
132251 silly gunzTarPerm extractEntry library/fn/array/entries.js
132252 silly gunzTarPerm extractEntry fp/differenceWith.js
132253 silly gunzTarPerm modified mode [ 'fp/differenceWith.js', 420, 438 ]
132254 silly gunzTarPerm extractEntry fp/dissoc.js
132255 silly gunzTarPerm modified mode [ 'fp/dissoc.js', 420, 438 ]
132256 silly gunzTarPerm extractEntry data/features/http3.js
132257 silly gunzTarPerm modified mode [ 'data/features/http3.js', 420, 438 ]
132258 silly gunzTarPerm extractEntry data/regions/HU.js
132259 silly gunzTarPerm modified mode [ 'data/regions/HU.js', 420, 438 ]
132260 silly gunzTarPerm extractEntry helpers/DefineOwnProperty.js
132261 silly gunzTarPerm modified mode [ 'helpers/DefineOwnProperty.js', 420, 438 ]
132262 silly gunzTarPerm extractEntry 2015/DefinePropertyOrThrow.js
132263 silly gunzTarPerm modified mode [ '2015/DefinePropertyOrThrow.js', 420, 438 ]
132264 silly gunzTarPerm extractEntry package.json
132265 silly gunzTarPerm modified mode [ 'package.json', 420, 438 ]
132266 silly gunzTarPerm extractEntry CHANGELOG.md
132267 silly gunzTarPerm modified mode [ 'CHANGELOG.md', 420, 438 ]
132268 silly gunzTarPerm extractEntry dist/locale/pt.js
132269 silly gunzTarPerm modified mode [ 'dist/locale/pt.js', 420, 438 ]
132270 silly gunzTarPerm extractEntry locale/pt.js
132271 silly gunzTarPerm modified mode [ 'locale/pt.js', 420, 438 ]
132272 silly gunzTarPerm extractEntry fp/dissocPath.js
132273 silly gunzTarPerm modified mode [ 'fp/dissocPath.js', 420, 438 ]
132274 silly gunzTarPerm extractEntry divide.js
132275 silly gunzTarPerm modified mode [ 'divide.js', 420, 438 ]
132276 silly gunzTarPerm extractEntry library/fn/array/virtual/entries.js
132277 silly gunzTarPerm extractEntry library/fn/object/entries.js
132278 silly gunzTarPerm extractEntry 2016/DefinePropertyOrThrow.js
132279 silly gunzTarPerm modified mode [ '2016/DefinePropertyOrThrow.js', 420, 438 ]
132280 silly gunzTarPerm extractEntry 2017/DefinePropertyOrThrow.js
132281 silly gunzTarPerm modified mode [ '2017/DefinePropertyOrThrow.js', 420, 438 ]
132282 silly gunzTarPerm extractEntry data/regions/ID.js
132283 silly gunzTarPerm modified mode [ 'data/regions/ID.js', 420, 438 ]
132284 silly gunzTarPerm extractEntry data/regions/IE.js
132285 silly gunzTarPerm modified mode [ 'data/regions/IE.js', 420, 438 ]
132286 silly gunzTarPerm extractEntry README.md
132287 silly gunzTarPerm modified mode [ 'README.md', 420, 438 ]
132288 silly gunzTarPerm extractEntry fn/reflect/enumerate.js
132289 silly gunzTarPerm extractEntry library/fn/reflect/enumerate.js
132290 silly gunzTarPerm extractEntry src/locale/pt.js
132291 silly gunzTarPerm modified mode [ 'src/locale/pt.js', 420, 438 ]
132292 silly gunzTarPerm extractEntry src/lib/units/quarter.js
132293 silly gunzTarPerm modified mode [ 'src/lib/units/quarter.js', 420, 438 ]
132294 silly gunzTarPerm extractEntry fp/divide.js
132295 silly gunzTarPerm modified mode [ 'fp/divide.js', 420, 438 ]
132296 silly gunzTarPerm extractEntry drop.js
132297 silly gunzTarPerm modified mode [ 'drop.js', 420, 438 ]
132298 silly gunzTarPerm extractEntry 2018/DefinePropertyOrThrow.js
132299 silly gunzTarPerm modified mode [ '2018/DefinePropertyOrThrow.js', 420, 438 ]
132300 silly gunzTarPerm extractEntry 2019/DefinePropertyOrThrow.js
132301 silly gunzTarPerm modified mode [ '2019/DefinePropertyOrThrow.js', 420, 438 ]
132302 silly gunzTarPerm extractEntry data/features/iframe-sandbox.js
132303 silly gunzTarPerm modified mode [ 'data/features/iframe-sandbox.js', 420, 438 ]
132304 silly gunzTarPerm extractEntry data/features/iframe-seamless.js
132305 silly gunzTarPerm modified mode [ 'data/features/iframe-seamless.js', 420, 438 ]
132306 silly gunzTarPerm extractEntry fn/number/epsilon.js
132307 silly gunzTarPerm extractEntry library/fn/number/epsilon.js
132308 silly gunzTarPerm extractEntry fp/drop.js
132309 silly gunzTarPerm modified mode [ 'fp/drop.js', 420, 438 ]
132310 silly gunzTarPerm extractEntry fp/dropLast.js
132311 silly gunzTarPerm modified mode [ 'fp/dropLast.js', 420, 438 ]
132312 silly gunzTarPerm extractEntry src/lib/parse/regex.js
132313 silly gunzTarPerm modified mode [ 'src/lib/parse/regex.js', 420, 438 ]
132314 silly gunzTarPerm extractEntry src/lib/locale/relative.js
132315 silly gunzTarPerm modified mode [ 'src/lib/locale/relative.js', 420, 438 ]
132316 silly gunzTarPerm extractEntry 2020/DefinePropertyOrThrow.js
132317 silly gunzTarPerm modified mode [ '2020/DefinePropertyOrThrow.js', 420, 438 ]
132318 silly gunzTarPerm extractEntry 2021/DefinePropertyOrThrow.js
132319 silly gunzTarPerm modified mode [ '2021/DefinePropertyOrThrow.js', 420, 438 ]
132320 silly gunzTarPerm extractEntry data/features/iframe-srcdoc.js
132321 silly gunzTarPerm modified mode [ 'data/features/iframe-srcdoc.js', 420, 438 ]
132322 silly gunzTarPerm extractEntry data/regions/IL.js
132323 silly gunzTarPerm modified mode [ 'data/regions/IL.js', 420, 438 ]
132324 silly gunzTarPerm extractEntry es7/error.js
132325 silly gunzTarPerm extractEntry library/es7/error.js
132326 silly gunzTarPerm extractEntry fp/dropLastWhile.js
132327 silly gunzTarPerm modified mode [ 'fp/dropLastWhile.js', 420, 438 ]
132328 silly gunzTarPerm extractEntry dropRight.js
132329 silly gunzTarPerm modified mode [ 'dropRight.js', 420, 438 ]
132330 silly gunzTarPerm extractEntry 2022/DefinePropertyOrThrow.js
132331 silly gunzTarPerm modified mode [ '2022/DefinePropertyOrThrow.js', 420, 438 ]
132332 silly gunzTarPerm extractEntry 2023/DefinePropertyOrThrow.js
132333 silly gunzTarPerm modified mode [ '2023/DefinePropertyOrThrow.js', 420, 438 ]
132334 silly gunzTarPerm extractEntry dist/locale/ro.js
132335 silly gunzTarPerm modified mode [ 'dist/locale/ro.js', 420, 438 ]
132336 silly gunzTarPerm extractEntry locale/ro.js
132337 silly gunzTarPerm modified mode [ 'locale/ro.js', 420, 438 ]
132338 silly gunzTarPerm extractEntry data/regions/IM.js
132339 silly gunzTarPerm modified mode [ 'data/regions/IM.js', 420, 438 ]
132340 silly gunzTarPerm extractEntry data/features/imagecapture.js
132341 silly gunzTarPerm modified mode [ 'data/features/imagecapture.js', 420, 438 ]
132342 silly gunzTarPerm extractEntry library/modules/es5.js
132343 silly gunzTarPerm extractEntry modules/es5.js
132344 silly gunzTarPerm extractEntry 2024/DefinePropertyOrThrow.js
132345 silly gunzTarPerm modified mode [ '2024/DefinePropertyOrThrow.js', 420, 438 ]
132346 silly gunzTarPerm extractEntry 2015/DeletePropertyOrThrow.js
132347 silly gunzTarPerm modified mode [ '2015/DeletePropertyOrThrow.js', 420, 438 ]
132348 silly gunzTarPerm extractEntry fp/dropRight.js
132349 silly gunzTarPerm modified mode [ 'fp/dropRight.js', 420, 438 ]
132350 silly gunzTarPerm extractEntry dropRightWhile.js
132351 silly gunzTarPerm modified mode [ 'dropRightWhile.js', 420, 438 ]
132352 silly gunzTarPerm extractEntry src/locale/ro.js
132353 silly gunzTarPerm modified mode [ 'src/locale/ro.js', 420, 438 ]
132354 silly gunzTarPerm extractEntry dist/locale/ru.js
132355 silly gunzTarPerm modified mode [ 'dist/locale/ru.js', 420, 438 ]
132356 silly gunzTarPerm extractEntry data/features/ime.js
132357 silly gunzTarPerm modified mode [ 'data/features/ime.js', 420, 438 ]
132358 silly gunzTarPerm extractEntry data/features/img-naturalwidth-naturalheight.js
132359 silly gunzTarPerm modified mode [ 'data/features/img-naturalwidth-naturalheight.js', 420, 438 ]
132360 silly gunzTarPerm extractEntry library/modules/es6.array.copy-within.js
132361 silly gunzTarPerm extractEntry modules/es6.array.copy-within.js
132362 silly gunzTarPerm extractEntry 2016/DeletePropertyOrThrow.js
132363 silly gunzTarPerm modified mode [ '2016/DeletePropertyOrThrow.js', 420, 438 ]
132364 silly gunzTarPerm extractEntry 2017/DeletePropertyOrThrow.js
132365 silly gunzTarPerm modified mode [ '2017/DeletePropertyOrThrow.js', 420, 438 ]
132366 silly gunzTarPerm extractEntry fp/dropRightWhile.js
132367 silly gunzTarPerm modified mode [ 'fp/dropRightWhile.js', 420, 438 ]
132368 silly gunzTarPerm extractEntry dropWhile.js
132369 silly gunzTarPerm modified mode [ 'dropWhile.js', 420, 438 ]
132370 silly gunzTarPerm extractEntry locale/ru.js
132371 silly gunzTarPerm modified mode [ 'locale/ru.js', 420, 438 ]
132372 silly gunzTarPerm extractEntry src/locale/ru.js
132373 silly gunzTarPerm modified mode [ 'src/locale/ru.js', 420, 438 ]
132374 silly gunzTarPerm extractEntry data/features/import-maps.js
132375 silly gunzTarPerm modified mode [ 'data/features/import-maps.js', 420, 438 ]
132376 silly gunzTarPerm extractEntry data/features/imports.js
132377 silly gunzTarPerm modified mode [ 'data/features/imports.js', 420, 438 ]
132378 silly gunzTarPerm extractEntry library/modules/es6.array.every.js
132379 silly gunzTarPerm extractEntry modules/es6.array.every.js
132380 silly gunzTarPerm extractEntry fp/dropWhile.js
132381 silly gunzTarPerm modified mode [ 'fp/dropWhile.js', 420, 438 ]
132382 silly gunzTarPerm extractEntry each.js
132383 silly gunzTarPerm modified mode [ 'each.js', 420, 438 ]
132384 silly gunzTarPerm extractEntry 2018/DeletePropertyOrThrow.js
132385 silly gunzTarPerm modified mode [ '2018/DeletePropertyOrThrow.js', 420, 438 ]
132386 silly gunzTarPerm extractEntry 2019/DeletePropertyOrThrow.js
132387 silly gunzTarPerm modified mode [ '2019/DeletePropertyOrThrow.js', 420, 438 ]
132388 silly gunzTarPerm extractEntry dist/locale/sd.js
132389 silly gunzTarPerm modified mode [ 'dist/locale/sd.js', 420, 438 ]
132390 silly gunzTarPerm extractEntry locale/sd.js
132391 silly gunzTarPerm modified mode [ 'locale/sd.js', 420, 438 ]
132392 silly gunzTarPerm extractEntry library/modules/es6.array.fill.js
132393 silly gunzTarPerm extractEntry modules/es6.array.fill.js
132394 silly gunzTarPerm extractEntry data/regions/IN.js
132395 silly gunzTarPerm modified mode [ 'data/regions/IN.js', 420, 438 ]
132396 silly gunzTarPerm extractEntry data/features/indeterminate-checkbox.js
132397 silly gunzTarPerm modified mode [ 'data/features/indeterminate-checkbox.js', 420, 438 ]
132398 silly gunzTarPerm extractEntry fp/each.js
132399 silly gunzTarPerm modified mode [ 'fp/each.js', 420, 438 ]
132400 silly gunzTarPerm extractEntry eachRight.js
132401 silly gunzTarPerm modified mode [ 'eachRight.js', 420, 438 ]
132402 silly gunzTarPerm extractEntry 2020/DeletePropertyOrThrow.js
132403 silly gunzTarPerm modified mode [ '2020/DeletePropertyOrThrow.js', 420, 438 ]
132404 silly gunzTarPerm extractEntry 2021/DeletePropertyOrThrow.js
132405 silly gunzTarPerm modified mode [ '2021/DeletePropertyOrThrow.js', 420, 438 ]
132406 silly gunzTarPerm extractEntry src/locale/sd.js
132407 silly gunzTarPerm modified mode [ 'src/locale/sd.js', 420, 438 ]
132408 silly gunzTarPerm extractEntry dist/locale/se.js
132409 silly gunzTarPerm modified mode [ 'dist/locale/se.js', 420, 438 ]
132410 silly gunzTarPerm extractEntry library/modules/es6.array.filter.js
132411 silly gunzTarPerm extractEntry modules/es6.array.filter.js
132412 silly gunzTarPerm extractEntry dist/unpacker/index.js
132413 silly gunzTarPerm modified mode [ 'dist/unpacker/index.js', 420, 438 ]
132414 silly gunzTarPerm extractEntry data/features/indexeddb.js
132415 silly gunzTarPerm modified mode [ 'data/features/indexeddb.js', 420, 438 ]
132416 silly gunzTarPerm extractEntry 2022/DeletePropertyOrThrow.js
132417 silly gunzTarPerm modified mode [ '2022/DeletePropertyOrThrow.js', 420, 438 ]
132418 silly gunzTarPerm extractEntry 2023/DeletePropertyOrThrow.js
132419 silly gunzTarPerm modified mode [ '2023/DeletePropertyOrThrow.js', 420, 438 ]
132420 silly gunzTarPerm extractEntry fp/eachRight.js
132421 silly gunzTarPerm modified mode [ 'fp/eachRight.js', 420, 438 ]
132422 silly gunzTarPerm extractEntry endsWith.js
132423 silly gunzTarPerm modified mode [ 'endsWith.js', 420, 438 ]
132424 silly gentlyRm C:\Users\Dell\Documents\INV\inventory\node_modules\.staging\@babel\types-c682dd6b\node_modules is being purged
132425 verbose gentlyRm don't care about contents; nuking C:\Users\Dell\Documents\INV\inventory\node_modules\.staging\@babel\types-c682dd6b\node_modules
132426 silly gunzTarPerm extractEntry library/modules/es6.array.find-index.js
132427 silly gunzTarPerm extractEntry modules/es6.array.find-index.js
132428 silly gunzTarPerm extractEntry locale/se.js
132429 silly gunzTarPerm modified mode [ 'locale/se.js', 420, 438 ]
132430 silly gunzTarPerm extractEntry src/locale/se.js
132431 silly gunzTarPerm modified mode [ 'src/locale/se.js', 420, 438 ]
132432 silly gunzTarPerm extractEntry data/features/indexeddb2.js
132433 silly gunzTarPerm modified mode [ 'data/features/indexeddb2.js', 420, 438 ]
132434 silly gunzTarPerm extractEntry data/features/inline-block.js
132435 silly gunzTarPerm modified mode [ 'data/features/inline-block.js', 420, 438 ]
132436 silly gunzTarPerm extractEntry 2024/DeletePropertyOrThrow.js
132437 silly gunzTarPerm modified mode [ '2024/DeletePropertyOrThrow.js', 420, 438 ]
132438 silly gunzTarPerm extractEntry 2015/DetachArrayBuffer.js
132439 silly gunzTarPerm modified mode [ '2015/DetachArrayBuffer.js', 420, 438 ]
132440 silly gunzTarPerm extractEntry fp/endsWith.js
132441 silly gunzTarPerm modified mode [ 'fp/endsWith.js', 420, 438 ]
132442 silly gunzTarPerm extractEntry entries.js
132443 silly gunzTarPerm modified mode [ 'entries.js', 420, 438 ]
132444 silly gunzTarPerm extractEntry library/modules/es6.array.find.js
132445 silly gunzTarPerm extractEntry modules/es6.array.find.js
132446 silly gunzTarPerm extractEntry src/lib/units/second.js
132447 silly gunzTarPerm modified mode [ 'src/lib/units/second.js', 420, 438 ]
132448 silly gunzTarPerm extractEntry src/lib/locale/set.js
132449 silly gunzTarPerm modified mode [ 'src/lib/locale/set.js', 420, 438 ]
132450 silly gunzTarPerm extractEntry data/features/innertext.js
132451 silly gunzTarPerm modified mode [ 'data/features/innertext.js', 420, 438 ]
132452 silly gunzTarPerm extractEntry data/features/input-autocomplete-onoff.js
132453 silly gunzTarPerm modified mode [ 'data/features/input-autocomplete-onoff.js', 420, 438 ]
132454 silly gunzTarPerm extractEntry 2016/DetachArrayBuffer.js
132455 silly gunzTarPerm modified mode [ '2016/DetachArrayBuffer.js', 420, 438 ]
132456 silly gunzTarPerm extractEntry 2017/DetachArrayBuffer.js
132457 silly gunzTarPerm modified mode [ '2017/DetachArrayBuffer.js', 420, 438 ]
132458 silly gunzTarPerm extractEntry fp/entries.js
132459 silly gunzTarPerm modified mode [ 'fp/entries.js', 420, 438 ]
132460 silly gunzTarPerm extractEntry entriesIn.js
132461 silly gunzTarPerm modified mode [ 'entriesIn.js', 420, 438 ]
132462 silly gunzTarPerm extractEntry library/modules/es6.array.for-each.js
132463 silly gunzTarPerm extractEntry modules/es6.array.for-each.js
132464 silly gunzTarPerm extractEntry dist/locale/si.js
132465 silly gunzTarPerm modified mode [ 'dist/locale/si.js', 420, 438 ]
132466 silly gunzTarPerm extractEntry locale/si.js
132467 silly gunzTarPerm modified mode [ 'locale/si.js', 420, 438 ]
132468 silly gunzTarPerm extractEntry data/features/input-color.js
132469 silly gunzTarPerm modified mode [ 'data/features/input-color.js', 420, 438 ]
132470 silly gunzTarPerm extractEntry data/features/input-datetime.js
132471 silly gunzTarPerm modified mode [ 'data/features/input-datetime.js', 420, 438 ]
132472 silly gunzTarPerm extractEntry library/modules/es6.array.from.js
132473 silly gunzTarPerm extractEntry modules/es6.array.from.js
132474 silly gunzTarPerm extractEntry 2018/DetachArrayBuffer.js
132475 silly gunzTarPerm modified mode [ '2018/DetachArrayBuffer.js', 420, 438 ]
132476 silly gunzTarPerm extractEntry 2019/DetachArrayBuffer.js
132477 silly gunzTarPerm modified mode [ '2019/DetachArrayBuffer.js', 420, 438 ]
132478 silly gunzTarPerm extractEntry fp/entriesIn.js
132479 silly gunzTarPerm modified mode [ 'fp/entriesIn.js', 420, 438 ]
132480 silly gunzTarPerm extractEntry eq.js
132481 silly gunzTarPerm modified mode [ 'eq.js', 420, 438 ]
132482 silly gunzTarPerm extractEntry src/locale/si.js
132483 silly gunzTarPerm modified mode [ 'src/locale/si.js', 420, 438 ]
132484 silly gunzTarPerm extractEntry dist/locale/sk.js
132485 silly gunzTarPerm modified mode [ 'dist/locale/sk.js', 420, 438 ]
132486 silly gunzTarPerm extractEntry data/features/input-email-tel-url.js
132487 silly gunzTarPerm modified mode [ 'data/features/input-email-tel-url.js', 420, 438 ]
132488 silly gunzTarPerm extractEntry data/features/input-event.js
132489 silly gunzTarPerm modified mode [ 'data/features/input-event.js', 420, 438 ]
132490 silly gunzTarPerm extractEntry library/modules/es6.array.index-of.js
132491 silly gunzTarPerm extractEntry modules/es6.array.index-of.js
132492 silly gunzTarPerm extractEntry fp/eq.js
132493 silly gunzTarPerm modified mode [ 'fp/eq.js', 420, 438 ]
132494 silly gunzTarPerm extractEntry fp/equals.js
132495 silly gunzTarPerm modified mode [ 'fp/equals.js', 420, 438 ]
132496 silly gunzTarPerm extractEntry 2020/DetachArrayBuffer.js
132497 silly gunzTarPerm modified mode [ '2020/DetachArrayBuffer.js', 420, 438 ]
132498 silly gunzTarPerm extractEntry 2021/DetachArrayBuffer.js
132499 silly gunzTarPerm modified mode [ '2021/DetachArrayBuffer.js', 420, 438 ]
132500 silly gunzTarPerm extractEntry locale/sk.js
132501 silly gunzTarPerm modified mode [ 'locale/sk.js', 420, 438 ]
132502 silly gunzTarPerm extractEntry src/locale/sk.js
132503 silly gunzTarPerm modified mode [ 'src/locale/sk.js', 420, 438 ]
132504 silly gunzTarPerm extractEntry data/features/input-file-accept.js
132505 silly gunzTarPerm modified mode [ 'data/features/input-file-accept.js', 420, 438 ]
132506 silly gunzTarPerm extractEntry data/features/input-file-directory.js
132507 silly gunzTarPerm modified mode [ 'data/features/input-file-directory.js', 420, 438 ]
132508 silly gunzTarPerm extractEntry library/modules/es6.array.is-array.js
132509 silly gunzTarPerm extractEntry modules/es6.array.is-array.js
132510 silly gunzTarPerm extractEntry escape.js
132511 silly gunzTarPerm modified mode [ 'escape.js', 420, 438 ]
132512 silly gunzTarPerm extractEntry fp/escape.js
132513 silly gunzTarPerm modified mode [ 'fp/escape.js', 420, 438 ]
132514 silly gunzTarPerm extractEntry 2022/DetachArrayBuffer.js
132515 silly gunzTarPerm modified mode [ '2022/DetachArrayBuffer.js', 420, 438 ]
132516 silly gunzTarPerm extractEntry 2023/DetachArrayBuffer.js
132517 silly gunzTarPerm modified mode [ '2023/DetachArrayBuffer.js', 420, 438 ]
132518 silly gentlyRm C:\Users\Dell\Documents\INV\inventory\node_modules\.staging\babel-runtime-4b5d94fc\node_modules is being purged
132519 verbose gentlyRm don't care about contents; nuking C:\Users\Dell\Documents\INV\inventory\node_modules\.staging\babel-runtime-4b5d94fc\node_modules
132520 silly gunzTarPerm extractEntry dist/locale/sl.js
132521 silly gunzTarPerm modified mode [ 'dist/locale/sl.js', 420, 438 ]
132522 silly gunzTarPerm extractEntry locale/sl.js
132523 silly gunzTarPerm modified mode [ 'locale/sl.js', 420, 438 ]
132524 silly gunzTarPerm extractEntry data/features/input-file-multiple.js
132525 silly gunzTarPerm modified mode [ 'data/features/input-file-multiple.js', 420, 438 ]
132526 silly gunzTarPerm extractEntry data/features/input-inputmode.js
132527 silly gunzTarPerm modified mode [ 'data/features/input-inputmode.js', 420, 438 ]
132528 silly gunzTarPerm extractEntry escapeRegExp.js
132529 silly gunzTarPerm modified mode [ 'escapeRegExp.js', 420, 438 ]
132530 silly gunzTarPerm extractEntry fp/escapeRegExp.js
132531 silly gunzTarPerm modified mode [ 'fp/escapeRegExp.js', 420, 438 ]
132532 silly gunzTarPerm extractEntry library/modules/es6.array.iterator.js
132533 silly gunzTarPerm extractEntry modules/es6.array.iterator.js
132534 silly gunzTarPerm extractEntry 2024/DetachArrayBuffer.js
132535 silly gunzTarPerm modified mode [ '2024/DetachArrayBuffer.js', 420, 438 ]
132536 silly gunzTarPerm extractEntry 2020/BigInt/divide.js
132537 silly gunzTarPerm modified mode [ '2020/BigInt/divide.js', 420, 438 ]
132538 silly gunzTarPerm extractEntry src/locale/sl.js
132539 silly gunzTarPerm modified mode [ 'src/locale/sl.js', 420, 438 ]
132540 silly gunzTarPerm extractEntry src/lib/utils/some.js
132541 silly gunzTarPerm modified mode [ 'src/lib/utils/some.js', 420, 438 ]
132542 silly gunzTarPerm extractEntry library/modules/es6.array.join.js
132543 silly gunzTarPerm extractEntry modules/es6.array.join.js
132544 silly gunzTarPerm extractEntry data/features/input-minlength.js
132545 silly gunzTarPerm modified mode [ 'data/features/input-minlength.js', 420, 438 ]
132546 silly gunzTarPerm extractEntry data/features/input-number.js
132547 silly gunzTarPerm modified mode [ 'data/features/input-number.js', 420, 438 ]
132548 silly gunzTarPerm extractEntry every.js
132549 silly gunzTarPerm modified mode [ 'every.js', 420, 438 ]
132550 silly gunzTarPerm extractEntry fp/every.js
132551 silly gunzTarPerm modified mode [ 'fp/every.js', 420, 438 ]
132552 silly gunzTarPerm extractEntry 2020/Number/divide.js
132553 silly gunzTarPerm modified mode [ '2020/Number/divide.js', 420, 438 ]
132554 silly gunzTarPerm extractEntry 2021/BigInt/divide.js
132555 silly gunzTarPerm modified mode [ '2021/BigInt/divide.js', 420, 438 ]
132556 silly gunzTarPerm extractEntry library/modules/es6.array.last-index-of.js
132557 silly gunzTarPerm extractEntry modules/es6.array.last-index-of.js
132558 silly gunzTarPerm extractEntry dist/locale/sq.js
132559 silly gunzTarPerm modified mode [ 'dist/locale/sq.js', 420, 438 ]
132560 silly gunzTarPerm extractEntry locale/sq.js
132561 silly gunzTarPerm modified mode [ 'locale/sq.js', 420, 438 ]
132562 silly gunzTarPerm extractEntry extend.js
132563 silly gunzTarPerm modified mode [ 'extend.js', 420, 438 ]
132564 silly gunzTarPerm extractEntry fp/extend.js
132565 silly gunzTarPerm modified mode [ 'fp/extend.js', 420, 438 ]
132566 silly gunzTarPerm extractEntry data/features/input-pattern.js
132567 silly gunzTarPerm modified mode [ 'data/features/input-pattern.js', 420, 438 ]
132568 silly gunzTarPerm extractEntry data/features/input-placeholder.js
132569 silly gunzTarPerm modified mode [ 'data/features/input-placeholder.js', 420, 438 ]
132570 silly gunzTarPerm extractEntry 2021/Number/divide.js
132571 silly gunzTarPerm modified mode [ '2021/Number/divide.js', 420, 438 ]
132572 silly gunzTarPerm extractEntry 2022/BigInt/divide.js
132573 silly gunzTarPerm modified mode [ '2022/BigInt/divide.js', 420, 438 ]
132574 silly gunzTarPerm extractEntry fp/extendAll.js
132575 silly gunzTarPerm modified mode [ 'fp/extendAll.js', 420, 438 ]
132576 silly gunzTarPerm extractEntry fp/extendAllWith.js
132577 silly gunzTarPerm modified mode [ 'fp/extendAllWith.js', 420, 438 ]
132578 silly gunzTarPerm extractEntry library/modules/es6.array.map.js
132579 silly gunzTarPerm extractEntry modules/es6.array.map.js
132580 silly gunzTarPerm extractEntry src/locale/sq.js
132581 silly gunzTarPerm modified mode [ 'src/locale/sq.js', 420, 438 ]
132582 silly gunzTarPerm extractEntry dist/locale/sr-cyrl.js
132583 silly gunzTarPerm modified mode [ 'dist/locale/sr-cyrl.js', 420, 438 ]
132584 silly gunzTarPerm extractEntry data/features/input-range.js
132585 silly gunzTarPerm modified mode [ 'data/features/input-range.js', 420, 438 ]
132586 silly gunzTarPerm extractEntry data/features/input-search.js
132587 silly gunzTarPerm modified mode [ 'data/features/input-search.js', 420, 438 ]
132588 silly gunzTarPerm extractEntry 2022/Number/divide.js
132589 silly gunzTarPerm modified mode [ '2022/Number/divide.js', 420, 438 ]
132590 silly gunzTarPerm extractEntry 2023/BigInt/divide.js
132591 silly gunzTarPerm modified mode [ '2023/BigInt/divide.js', 420, 438 ]
132592 silly gunzTarPerm extractEntry extendWith.js
132593 silly gunzTarPerm modified mode [ 'extendWith.js', 420, 438 ]
132594 silly gunzTarPerm extractEntry fp/extendWith.js
132595 silly gunzTarPerm modified mode [ 'fp/extendWith.js', 420, 438 ]
132596 silly gunzTarPerm extractEntry locale/sr-cyrl.js
132597 silly gunzTarPerm modified mode [ 'locale/sr-cyrl.js', 420, 438 ]
132598 silly gunzTarPerm extractEntry src/locale/sr-cyrl.js
132599 silly gunzTarPerm modified mode [ 'src/locale/sr-cyrl.js', 420, 438 ]
132600 silly gunzTarPerm extractEntry library/modules/es6.array.of.js
132601 silly gunzTarPerm extractEntry modules/es6.array.of.js
132602 silly gunzTarPerm extractEntry data/features/input-selection.js
132603 silly gunzTarPerm modified mode [ 'data/features/input-selection.js', 420, 438 ]
132604 silly gunzTarPerm extractEntry data/features/insert-adjacent.js
132605 silly gunzTarPerm modified mode [ 'data/features/insert-adjacent.js', 420, 438 ]
132606 silly gunzTarPerm extractEntry 2023/Number/divide.js
132607 silly gunzTarPerm modified mode [ '2023/Number/divide.js', 420, 438 ]
132608 silly gunzTarPerm extractEntry 2024/BigInt/divide.js
132609 silly gunzTarPerm modified mode [ '2024/BigInt/divide.js', 420, 438 ]
132610 silly gunzTarPerm extractEntry features-json/datalist.json
132611 silly gunzTarPerm modified mode [ 'features-json/datalist.json', 420, 438 ]
132612 silly gunzTarPerm extractEntry fp/F.js
132613 silly gunzTarPerm modified mode [ 'fp/F.js', 420, 438 ]
132614 silly gunzTarPerm extractEntry fill.js
132615 silly gunzTarPerm modified mode [ 'fill.js', 420, 438 ]
132616 silly gunzTarPerm extractEntry dist/locale/sr.js
132617 silly gunzTarPerm modified mode [ 'dist/locale/sr.js', 420, 438 ]
132618 silly gunzTarPerm extractEntry locale/sr.js
132619 silly gunzTarPerm modified mode [ 'locale/sr.js', 420, 438 ]
132620 silly gunzTarPerm extractEntry library/modules/es6.array.reduce-right.js
132621 silly gunzTarPerm extractEntry modules/es6.array.reduce-right.js
132622 silly gunzTarPerm extractEntry data/features/insertadjacenthtml.js
132623 silly gunzTarPerm modified mode [ 'data/features/insertadjacenthtml.js', 420, 438 ]
132624 silly gunzTarPerm extractEntry data/features/internationalization.js
132625 silly gunzTarPerm modified mode [ 'data/features/internationalization.js', 420, 438 ]
132626 silly gunzTarPerm extractEntry 2024/Number/divide.js
132627 silly gunzTarPerm modified mode [ '2024/Number/divide.js', 420, 438 ]
132628 silly gunzTarPerm extractEntry 2015/EnumerableOwnNames.js
132629 silly gunzTarPerm modified mode [ '2015/EnumerableOwnNames.js', 420, 438 ]
132630 silly gunzTarPerm extractEntry features-json/dataset.json
132631 silly gunzTarPerm modified mode [ 'features-json/dataset.json', 420, 438 ]
132632 silly gunzTarPerm extractEntry features-json/datauri.json
132633 silly gunzTarPerm modified mode [ 'features-json/datauri.json', 420, 438 ]
132634 silly gunzTarPerm extractEntry fp/fill.js
132635 silly gunzTarPerm modified mode [ 'fp/fill.js', 420, 438 ]
132636 silly gunzTarPerm extractEntry filter.js
132637 silly gunzTarPerm modified mode [ 'filter.js', 420, 438 ]
132638 silly gunzTarPerm extractEntry src/locale/sr.js
132639 silly gunzTarPerm modified mode [ 'src/locale/sr.js', 420, 438 ]
132640 silly gunzTarPerm extractEntry dist/locale/ss.js
132641 silly gunzTarPerm modified mode [ 'dist/locale/ss.js', 420, 438 ]
132642 silly gunzTarPerm extractEntry library/modules/es6.array.reduce.js
132643 silly gunzTarPerm extractEntry modules/es6.array.reduce.js
132644 silly gunzTarPerm extractEntry data/features/intersectionobserver-v2.js
132645 silly gunzTarPerm modified mode [ 'data/features/intersectionobserver-v2.js', 420, 438 ]
132646 silly gunzTarPerm extractEntry data/features/intersectionobserver.js
132647 silly gunzTarPerm modified mode [ 'data/features/intersectionobserver.js', 420, 438 ]
132648 silly gunzTarPerm extractEntry 2016/EnumerableOwnNames.js
132649 silly gunzTarPerm modified mode [ '2016/EnumerableOwnNames.js', 420, 438 ]
132650 silly gunzTarPerm extractEntry 2017/EnumerableOwnProperties.js
132651 silly gunzTarPerm modified mode [ '2017/EnumerableOwnProperties.js', 420, 438 ]
132652 silly gunzTarPerm extractEntry features-json/date-tolocaledatestring.json
132653 silly gunzTarPerm modified mode [ 'features-json/date-tolocaledatestring.json', 420, 438 ]
132654 silly gunzTarPerm extractEntry region-usage-json/DE.json
132655 silly gunzTarPerm modified mode [ 'region-usage-json/DE.json', 420, 438 ]
132656 silly gunzTarPerm extractEntry fp/filter.js
132657 silly gunzTarPerm modified mode [ 'fp/filter.js', 420, 438 ]
132658 silly gunzTarPerm extractEntry find.js
132659 silly gunzTarPerm modified mode [ 'find.js', 420, 438 ]
132660 silly gunzTarPerm extractEntry library/modules/es6.array.slice.js
132661 silly gunzTarPerm extractEntry modules/es6.array.slice.js
132662 silly gunzTarPerm extractEntry locale/ss.js
132663 silly gunzTarPerm modified mode [ 'locale/ss.js', 420, 438 ]
132664 silly gunzTarPerm extractEntry src/locale/ss.js
132665 silly gunzTarPerm modified mode [ 'src/locale/ss.js', 420, 438 ]
132666 silly gunzTarPerm extractEntry data/features/intl-pluralrules.js
132667 silly gunzTarPerm modified mode [ 'data/features/intl-pluralrules.js', 420, 438 ]
132668 silly gunzTarPerm extractEntry data/features/intrinsic-width.js
132669 silly gunzTarPerm modified mode [ 'data/features/intrinsic-width.js', 420, 438 ]
132670 silly gunzTarPerm extractEntry 2023/EnumerableOwnProperties.js
132671 silly gunzTarPerm modified mode [ '2023/EnumerableOwnProperties.js', 420, 438 ]
132672 silly gunzTarPerm extractEntry 2024/EnumerableOwnProperties.js
132673 silly gunzTarPerm modified mode [ '2024/EnumerableOwnProperties.js', 420, 438 ]
132674 silly gunzTarPerm extractEntry features-json/declarative-shadow-dom.json
132675 silly gunzTarPerm modified mode [ 'features-json/declarative-shadow-dom.json', 420, 438 ]
132676 silly gunzTarPerm extractEntry features-json/decorators.json
132677 silly gunzTarPerm modified mode [ 'features-json/decorators.json', 420, 438 ]
132678 silly gunzTarPerm extractEntry library/modules/es6.array.some.js
132679 silly gunzTarPerm extractEntry modules/es6.array.some.js
132680 silly gunzTarPerm extractEntry src/lib/moment/start-end-of.js
132681 silly gunzTarPerm modified mode [ 'src/lib/moment/start-end-of.js', 420, 438 ]
132682 silly gunzTarPerm extractEntry dist/locale/sv.js
132683 silly gunzTarPerm modified mode [ 'dist/locale/sv.js', 420, 438 ]
132684 silly gunzTarPerm extractEntry data/regions/IQ.js
132685 silly gunzTarPerm modified mode [ 'data/regions/IQ.js', 420, 438 ]
132686 silly gunzTarPerm extractEntry data/regions/IR.js
132687 silly gunzTarPerm modified mode [ 'data/regions/IR.js', 420, 438 ]
132688 silly gunzTarPerm extractEntry fp/find.js
132689 silly gunzTarPerm modified mode [ 'fp/find.js', 420, 438 ]
132690 silly gunzTarPerm extractEntry fp/findFrom.js
132691 silly gunzTarPerm modified mode [ 'fp/findFrom.js', 420, 438 ]
132692 silly gunzTarPerm extractEntry 2018/EnumerableOwnPropertyNames.js
132693 silly gunzTarPerm modified mode [ '2018/EnumerableOwnPropertyNames.js', 420, 438 ]
132694 silly gunzTarPerm extractEntry 2019/EnumerableOwnPropertyNames.js
132695 silly gunzTarPerm modified mode [ '2019/EnumerableOwnPropertyNames.js', 420, 438 ]
132696 silly gunzTarPerm extractEntry library/modules/es6.array.sort.js
132697 silly gunzTarPerm extractEntry modules/es6.array.sort.js
132698 silly gunzTarPerm extractEntry features-json/details.json
132699 silly gunzTarPerm modified mode [ 'features-json/details.json', 420, 438 ]
132700 silly gunzTarPerm extractEntry features-json/deviceorientation.json
132701 silly gunzTarPerm modified mode [ 'features-json/deviceorientation.json', 420, 438 ]
132702 silly gunzTarPerm extractEntry locale/sv.js
132703 silly gunzTarPerm modified mode [ 'locale/sv.js', 420, 438 ]
132704 silly gunzTarPerm extractEntry src/locale/sv.js
132705 silly gunzTarPerm modified mode [ 'src/locale/sv.js', 420, 438 ]
132706 silly gunzTarPerm extractEntry findIndex.js
132707 silly gunzTarPerm modified mode [ 'findIndex.js', 420, 438 ]
132708 silly gunzTarPerm extractEntry fp/findIndex.js
132709 silly gunzTarPerm modified mode [ 'fp/findIndex.js', 420, 438 ]
132710 silly gunzTarPerm extractEntry data/regions/IS.js
132711 silly gunzTarPerm modified mode [ 'data/regions/IS.js', 420, 438 ]
132712 silly gunzTarPerm extractEntry data/regions/IT.js
132713 silly gunzTarPerm modified mode [ 'data/regions/IT.js', 420, 438 ]
132714 silly gunzTarPerm extractEntry 2020/EnumerableOwnPropertyNames.js
132715 silly gunzTarPerm modified mode [ '2020/EnumerableOwnPropertyNames.js', 420, 438 ]
132716 silly gunzTarPerm extractEntry 2021/EnumerableOwnPropertyNames.js
132717 silly gunzTarPerm modified mode [ '2021/EnumerableOwnPropertyNames.js', 420, 438 ]
132718 silly gunzTarPerm extractEntry library/modules/es6.array.species.js
132719 silly gunzTarPerm extractEntry modules/es6.array.species.js
132720 silly gunzTarPerm extractEntry features-json/devicepixelratio.json
132721 silly gunzTarPerm modified mode [ 'features-json/devicepixelratio.json', 420, 438 ]
132722 silly gunzTarPerm extractEntry features-json/dialog.json
132723 silly gunzTarPerm modified mode [ 'features-json/dialog.json', 420, 438 ]
132724 silly gunzTarPerm extractEntry fp/findIndexFrom.js
132725 silly gunzTarPerm modified mode [ 'fp/findIndexFrom.js', 420, 438 ]
132726 silly gunzTarPerm extractEntry findKey.js
132727 silly gunzTarPerm modified mode [ 'findKey.js', 420, 438 ]
132728 silly gunzTarPerm extractEntry dist/locale/sw.js
132729 silly gunzTarPerm modified mode [ 'dist/locale/sw.js', 420, 438 ]
132730 silly gunzTarPerm extractEntry locale/sw.js
132731 silly gunzTarPerm modified mode [ 'locale/sw.js', 420, 438 ]
132732 silly gunzTarPerm extractEntry data/regions/JE.js
132733 silly gunzTarPerm modified mode [ 'data/regions/JE.js', 420, 438 ]
132734 silly gunzTarPerm extractEntry data/regions/JM.js
132735 silly gunzTarPerm modified mode [ 'data/regions/JM.js', 420, 438 ]
132736 silly gunzTarPerm extractEntry 2022/EnumerableOwnPropertyNames.js
132737 silly gunzTarPerm modified mode [ '2022/EnumerableOwnPropertyNames.js', 420, 438 ]
132738 silly gunzTarPerm extractEntry 2020/BigInt/equal.js
132739 silly gunzTarPerm modified mode [ '2020/BigInt/equal.js', 420, 438 ]
132740 silly gunzTarPerm extractEntry library/modules/es6.date.now.js
132741 silly gunzTarPerm extractEntry modules/es6.date.now.js
132742 silly gunzTarPerm extractEntry features-json/dispatchevent.json
132743 silly gunzTarPerm modified mode [ 'features-json/dispatchevent.json', 420, 438 ]
132744 silly gunzTarPerm extractEntry region-usage-json/DJ.json
132745 silly gunzTarPerm modified mode [ 'region-usage-json/DJ.json', 420, 438 ]
132746 silly gunzTarPerm extractEntry src/locale/sw.js
132747 silly gunzTarPerm modified mode [ 'src/locale/sw.js', 420, 438 ]
132748 silly gunzTarPerm extractEntry dist/locale/ta.js
132749 silly gunzTarPerm modified mode [ 'dist/locale/ta.js', 420, 438 ]
132750 silly gunzTarPerm extractEntry fp/findKey.js
132751 silly gunzTarPerm modified mode [ 'fp/findKey.js', 420, 438 ]
132752 silly gunzTarPerm extractEntry findLast.js
132753 silly gunzTarPerm modified mode [ 'findLast.js', 420, 438 ]
132754 silly gunzTarPerm extractEntry data/regions/JO.js
132755 silly gunzTarPerm modified mode [ 'data/regions/JO.js', 420, 438 ]
132756 silly gunzTarPerm extractEntry data/regions/JP.js
132757 silly gunzTarPerm modified mode [ 'data/regions/JP.js', 420, 438 ]
132758 silly gunzTarPerm extractEntry 2020/Number/equal.js
132759 silly gunzTarPerm modified mode [ '2020/Number/equal.js', 420, 438 ]
132760 silly gunzTarPerm extractEntry 2021/BigInt/equal.js
132761 silly gunzTarPerm modified mode [ '2021/BigInt/equal.js', 420, 438 ]
132762 silly gunzTarPerm extractEntry library/modules/es6.date.to-iso-string.js
132763 silly gunzTarPerm extractEntry modules/es6.date.to-iso-string.js
132764 silly gunzTarPerm extractEntry fp/findLast.js
132765 silly gunzTarPerm modified mode [ 'fp/findLast.js', 420, 438 ]
132766 silly gunzTarPerm extractEntry fp/findLastFrom.js
132767 silly gunzTarPerm modified mode [ 'fp/findLastFrom.js', 420, 438 ]
132768 silly gunzTarPerm extractEntry locale/ta.js
132769 silly gunzTarPerm modified mode [ 'locale/ta.js', 420, 438 ]
132770 silly gunzTarPerm extractEntry src/locale/ta.js
132771 silly gunzTarPerm modified mode [ 'src/locale/ta.js', 420, 438 ]
132772 silly gunzTarPerm extractEntry region-usage-json/DK.json
132773 silly gunzTarPerm modified mode [ 'region-usage-json/DK.json', 420, 438 ]
132774 silly gunzTarPerm extractEntry region-usage-json/DM.json
132775 silly gunzTarPerm modified mode [ 'region-usage-json/DM.json', 420, 438 ]
132776 silly gunzTarPerm extractEntry data/features/jpeg2000.js
132777 silly gunzTarPerm modified mode [ 'data/features/jpeg2000.js', 420, 438 ]
132778 silly gunzTarPerm extractEntry data/features/jpegxl.js
132779 silly gunzTarPerm modified mode [ 'data/features/jpegxl.js', 420, 438 ]
132780 silly gunzTarPerm extractEntry 2021/Number/equal.js
132781 silly gunzTarPerm modified mode [ '2021/Number/equal.js', 420, 438 ]
132782 silly gunzTarPerm extractEntry 2022/BigInt/equal.js
132783 silly gunzTarPerm modified mode [ '2022/BigInt/equal.js', 420, 438 ]
132784 silly gunzTarPerm extractEntry library/modules/es6.date.to-json.js
132785 silly gunzTarPerm extractEntry modules/es6.date.to-json.js
132786 silly gunzTarPerm extractEntry findLastIndex.js
132787 silly gunzTarPerm modified mode [ 'findLastIndex.js', 420, 438 ]
132788 silly gunzTarPerm extractEntry fp/findLastIndex.js
132789 silly gunzTarPerm modified mode [ 'fp/findLastIndex.js', 420, 438 ]
132790 silly gunzTarPerm extractEntry dist/locale/te.js
132791 silly gunzTarPerm modified mode [ 'dist/locale/te.js', 420, 438 ]
132792 silly gunzTarPerm extractEntry locale/te.js
132793 silly gunzTarPerm modified mode [ 'locale/te.js', 420, 438 ]
132794 silly gunzTarPerm extractEntry features-json/dnssec.json
132795 silly gunzTarPerm modified mode [ 'features-json/dnssec.json', 420, 438 ]
132796 silly gunzTarPerm extractEntry data/features/jpegxr.js
132797 silly gunzTarPerm modified mode [ 'data/features/jpegxr.js', 420, 438 ]
132798 silly gunzTarPerm extractEntry data/features/js-regexp-lookbehind.js
132799 silly gunzTarPerm modified mode [ 'data/features/js-regexp-lookbehind.js', 420, 438 ]
132800 silly gunzTarPerm extractEntry 2022/Number/equal.js
132801 silly gunzTarPerm modified mode [ '2022/Number/equal.js', 420, 438 ]
132802 silly gunzTarPerm extractEntry 2023/BigInt/equal.js
132803 silly gunzTarPerm modified mode [ '2023/BigInt/equal.js', 420, 438 ]
132804 silly gunzTarPerm extractEntry fp/findLastIndexFrom.js
132805 silly gunzTarPerm modified mode [ 'fp/findLastIndexFrom.js', 420, 438 ]
132806 silly gunzTarPerm extractEntry findLastKey.js
132807 silly gunzTarPerm modified mode [ 'findLastKey.js', 420, 438 ]
132808 silly gunzTarPerm extractEntry modules/library/es6.date.to-json.js
132809 silly gunzTarPerm extractEntry library/modules/es6.date.to-primitive.js
132810 silly gunzTarPerm extractEntry src/locale/te.js
132811 silly gunzTarPerm modified mode [ 'src/locale/te.js', 420, 438 ]
132812 silly gunzTarPerm extractEntry dist/locale/tet.js
132813 silly gunzTarPerm modified mode [ 'dist/locale/tet.js', 420, 438 ]
132814 silly gunzTarPerm extractEntry features-json/do-not-track.json
132815 silly gunzTarPerm modified mode [ 'features-json/do-not-track.json', 420, 438 ]
132816 silly gunzTarPerm extractEntry region-usage-json/DO.json
132817 silly gunzTarPerm modified mode [ 'region-usage-json/DO.json', 420, 438 ]
132818 silly gunzTarPerm extractEntry data/features/json.js
132819 silly gunzTarPerm modified mode [ 'data/features/json.js', 420, 438 ]
132820 silly gunzTarPerm extractEntry data/features/justify-content-space-evenly.js
132821 silly gunzTarPerm modified mode [ 'data/features/justify-content-space-evenly.js', 420, 438 ]
132822 silly gunzTarPerm extractEntry 2023/Number/equal.js
132823 silly gunzTarPerm modified mode [ '2023/Number/equal.js', 420, 438 ]
132824 silly gunzTarPerm extractEntry 2024/BigInt/equal.js
132825 silly gunzTarPerm modified mode [ '2024/BigInt/equal.js', 420, 438 ]
132826 silly gunzTarPerm extractEntry modules/es6.date.to-primitive.js
132827 silly gunzTarPerm extractEntry modules/library/es6.date.to-primitive.js
132828 silly gunzTarPerm extractEntry fp/findLastKey.js
132829 silly gunzTarPerm modified mode [ 'fp/findLastKey.js', 420, 438 ]
132830 silly gunzTarPerm extractEntry first.js
132831 silly gunzTarPerm modified mode [ 'first.js', 420, 438 ]
132832 silly gunzTarPerm extractEntry locale/tet.js
132833 silly gunzTarPerm modified mode [ 'locale/tet.js', 420, 438 ]
132834 silly gunzTarPerm extractEntry src/locale/tet.js
132835 silly gunzTarPerm modified mode [ 'src/locale/tet.js', 420, 438 ]
132836 silly gunzTarPerm extractEntry features-json/document-currentscript.json
132837 silly gunzTarPerm modified mode [ 'features-json/document-currentscript.json', 420, 438 ]
132838 silly gunzTarPerm extractEntry features-json/document-evaluate-xpath.json
132839 silly gunzTarPerm modified mode [ 'features-json/document-evaluate-xpath.json', 420, 438 ]
132840 silly gunzTarPerm extractEntry data/regions/KE.js
132841 silly gunzTarPerm modified mode [ 'data/regions/KE.js', 420, 438 ]
132842 silly gunzTarPerm extractEntry data/features/kerning-pairs-ligatures.js
132843 silly gunzTarPerm modified mode [ 'data/features/kerning-pairs-ligatures.js', 420, 438 ]
132844 silly gunzTarPerm extractEntry 2024/Number/equal.js
132845 silly gunzTarPerm modified mode [ '2024/Number/equal.js', 420, 438 ]
132846 silly gunzTarPerm extractEntry es2015.js
132847 silly gunzTarPerm modified mode [ 'es2015.js', 420, 438 ]
132848 silly gunzTarPerm extractEntry fp/first.js
132849 silly gunzTarPerm modified mode [ 'fp/first.js', 420, 438 ]
132850 silly gunzTarPerm extractEntry flatMap.js
132851 silly gunzTarPerm modified mode [ 'flatMap.js', 420, 438 ]
132852 silly gunzTarPerm extractEntry library/modules/es6.date.to-string.js
132853 silly gunzTarPerm extractEntry modules/es6.date.to-string.js
132854 silly gunzTarPerm extractEntry dist/locale/tg.js
132855 silly gunzTarPerm modified mode [ 'dist/locale/tg.js', 420, 438 ]
132856 silly gunzTarPerm extractEntry locale/tg.js
132857 silly gunzTarPerm modified mode [ 'locale/tg.js', 420, 438 ]
132858 silly gunzTarPerm extractEntry features-json/document-execcommand.json
132859 silly gunzTarPerm modified mode [ 'features-json/document-execcommand.json', 420, 438 ]
132860 silly gunzTarPerm extractEntry features-json/document-policy.json
132861 silly gunzTarPerm modified mode [ 'features-json/document-policy.json', 420, 438 ]
132862 silly gunzTarPerm extractEntry data/features/keyboardevent-charcode.js
132863 silly gunzTarPerm modified mode [ 'data/features/keyboardevent-charcode.js', 420, 438 ]
132864 silly gunzTarPerm extractEntry data/features/keyboardevent-code.js
132865 silly gunzTarPerm modified mode [ 'data/features/keyboardevent-code.js', 420, 438 ]
132866 silly gunzTarPerm extractEntry modules/library/es6.date.to-string.js
132867 silly gunzTarPerm extractEntry library/modules/es6.function.bind.js
132868 silly gunzTarPerm extractEntry es2016.js
132869 silly gunzTarPerm modified mode [ 'es2016.js', 420, 438 ]
132870 silly gunzTarPerm extractEntry es2017.js
132871 silly gunzTarPerm modified mode [ 'es2017.js', 420, 438 ]
132872 silly gunzTarPerm extractEntry fp/flatMap.js
132873 silly gunzTarPerm modified mode [ 'fp/flatMap.js', 420, 438 ]
132874 silly gunzTarPerm extractEntry flatMapDeep.js
132875 silly gunzTarPerm modified mode [ 'flatMapDeep.js', 420, 438 ]
132876 silly gunzTarPerm extractEntry src/locale/tg.js
132877 silly gunzTarPerm modified mode [ 'src/locale/tg.js', 420, 438 ]
132878 silly gunzTarPerm extractEntry dist/locale/th.js
132879 silly gunzTarPerm modified mode [ 'dist/locale/th.js', 420, 438 ]
132880 silly gunzTarPerm extractEntry features-json/document-scrollingelement.json
132881 silly gunzTarPerm modified mode [ 'features-json/document-scrollingelement.json', 420, 438 ]
132882 silly gunzTarPerm extractEntry features-json/documenthead.json
132883 silly gunzTarPerm modified mode [ 'features-json/documenthead.json', 420, 438 ]
132884 silly gunzTarPerm extractEntry modules/es6.function.bind.js
132885 silly gunzTarPerm extractEntry library/modules/es6.function.has-instance.js
132886 silly gunzTarPerm extractEntry fp/flatMapDeep.js
132887 silly gunzTarPerm modified mode [ 'fp/flatMapDeep.js', 420, 438 ]
132888 silly gunzTarPerm extractEntry flatMapDepth.js
132889 silly gunzTarPerm modified mode [ 'flatMapDepth.js', 420, 438 ]
132890 silly gunzTarPerm extractEntry data/features/keyboardevent-getmodifierstate.js
132891 silly gunzTarPerm modified mode [ 'data/features/keyboardevent-getmodifierstate.js', 420, 438 ]
132892 silly gunzTarPerm extractEntry data/features/keyboardevent-key.js
132893 silly gunzTarPerm modified mode [ 'data/features/keyboardevent-key.js', 420, 438 ]
132894 silly gunzTarPerm extractEntry es2018.js
132895 silly gunzTarPerm modified mode [ 'es2018.js', 420, 438 ]
132896 silly gunzTarPerm extractEntry es2019.js
132897 silly gunzTarPerm modified mode [ 'es2019.js', 420, 438 ]
132898 silly gunzTarPerm extractEntry locale/th.js
132899 silly gunzTarPerm modified mode [ 'locale/th.js', 420, 438 ]
132900 silly gunzTarPerm extractEntry src/locale/th.js
132901 silly gunzTarPerm modified mode [ 'src/locale/th.js', 420, 438 ]
132902 silly gunzTarPerm extractEntry features-json/dom-manip-convenience.json
132903 silly gunzTarPerm modified mode [ 'features-json/dom-manip-convenience.json', 420, 438 ]
132904 silly gunzTarPerm extractEntry features-json/dom-range.json
132905 silly gunzTarPerm modified mode [ 'features-json/dom-range.json', 420, 438 ]
132906 silly gunzTarPerm extractEntry modules/es6.function.has-instance.js
132907 silly gunzTarPerm extractEntry library/modules/es6.function.name.js
132908 silly gunzTarPerm extractEntry fp/flatMapDepth.js
132909 silly gunzTarPerm modified mode [ 'fp/flatMapDepth.js', 420, 438 ]
132910 silly gunzTarPerm extractEntry flatten.js
132911 silly gunzTarPerm modified mode [ 'flatten.js', 420, 438 ]
132912 silly gunzTarPerm extractEntry data/features/keyboardevent-location.js
132913 silly gunzTarPerm modified mode [ 'data/features/keyboardevent-location.js', 420, 438 ]
132914 silly gunzTarPerm extractEntry data/features/keyboardevent-which.js
132915 silly gunzTarPerm modified mode [ 'data/features/keyboardevent-which.js', 420, 438 ]
132916 silly gunzTarPerm extractEntry es2020.js
132917 silly gunzTarPerm modified mode [ 'es2020.js', 420, 438 ]
132918 silly gunzTarPerm extractEntry es2021.js
132919 silly gunzTarPerm modified mode [ 'es2021.js', 420, 438 ]
132920 silly gunzTarPerm extractEntry modules/es6.function.name.js
132921 silly gunzTarPerm extractEntry modules/library/es6.function.name.js
132922 silly gunzTarPerm extractEntry src/lib/units/timestamp.js
132923 silly gunzTarPerm modified mode [ 'src/lib/units/timestamp.js', 420, 438 ]
132924 silly gunzTarPerm extractEntry src/lib/units/timezone.js
132925 silly gunzTarPerm modified mode [ 'src/lib/units/timezone.js', 420, 438 ]
132926 silly gunzTarPerm extractEntry fp/flatten.js
132927 silly gunzTarPerm modified mode [ 'fp/flatten.js', 420, 438 ]
132928 silly gunzTarPerm extractEntry flattenDeep.js
132929 silly gunzTarPerm modified mode [ 'flattenDeep.js', 420, 438 ]
132930 silly gunzTarPerm extractEntry features-json/domcontentloaded.json
132931 silly gunzTarPerm modified mode [ 'features-json/domcontentloaded.json', 420, 438 ]
132932 silly gunzTarPerm extractEntry features-json/dommatrix.json
132933 silly gunzTarPerm modified mode [ 'features-json/dommatrix.json', 420, 438 ]
132934 silly gunzTarPerm extractEntry data/regions/KG.js
132935 silly gunzTarPerm modified mode [ 'data/regions/KG.js', 420, 438 ]
132936 silly gunzTarPerm extractEntry data/regions/KH.js
132937 silly gunzTarPerm modified mode [ 'data/regions/KH.js', 420, 438 ]
132938 silly gunzTarPerm extractEntry es2022.js
132939 silly gunzTarPerm modified mode [ 'es2022.js', 420, 438 ]
132940 silly gunzTarPerm extractEntry es2023.js
132941 silly gunzTarPerm modified mode [ 'es2023.js', 420, 438 ]
132942 silly gunzTarPerm extractEntry library/modules/es6.map.js
132943 silly gunzTarPerm extractEntry modules/es6.map.js
132944 silly gunzTarPerm extractEntry fp/flattenDeep.js
132945 silly gunzTarPerm modified mode [ 'fp/flattenDeep.js', 420, 438 ]
132946 silly gunzTarPerm extractEntry flattenDepth.js
132947 silly gunzTarPerm modified mode [ 'flattenDepth.js', 420, 438 ]
132948 silly gunzTarPerm extractEntry dist/locale/tk.js
132949 silly gunzTarPerm modified mode [ 'dist/locale/tk.js', 420, 438 ]
132950 silly gunzTarPerm extractEntry locale/tk.js
132951 silly gunzTarPerm modified mode [ 'locale/tk.js', 420, 438 ]
132952 silly gunzTarPerm extractEntry features-json/download.json
132953 silly gunzTarPerm modified mode [ 'features-json/download.json', 420, 438 ]
132954 silly gunzTarPerm extractEntry features-json/dragndrop.json
132955 silly gunzTarPerm modified mode [ 'features-json/dragndrop.json', 420, 438 ]
132956 silly gunzTarPerm extractEntry es2024.js
132957 silly gunzTarPerm modified mode [ 'es2024.js', 420, 438 ]
132958 silly gunzTarPerm extractEntry es5.js
132959 silly gunzTarPerm modified mode [ 'es5.js', 420, 438 ]
132960 silly gunzTarPerm extractEntry data/regions/KI.js
132961 silly gunzTarPerm modified mode [ 'data/regions/KI.js', 420, 438 ]
132962 silly gunzTarPerm extractEntry data/regions/KM.js
132963 silly gunzTarPerm modified mode [ 'data/regions/KM.js', 420, 438 ]
132964 silly gunzTarPerm extractEntry library/modules/es6.math.acosh.js
132965 silly gunzTarPerm extractEntry modules/es6.math.acosh.js
132966 silly gunzTarPerm extractEntry fp/flattenDepth.js
132967 silly gunzTarPerm modified mode [ 'fp/flattenDepth.js', 420, 438 ]
132968 silly gunzTarPerm extractEntry flip.js
132969 silly gunzTarPerm modified mode [ 'flip.js', 420, 438 ]
132970 silly gunzTarPerm extractEntry src/locale/tk.js
132971 silly gunzTarPerm modified mode [ 'src/locale/tk.js', 420, 438 ]
132972 silly gunzTarPerm extractEntry dist/locale/tl-ph.js
132973 silly gunzTarPerm modified mode [ 'dist/locale/tl-ph.js', 420, 438 ]
132974 silly gunzTarPerm extractEntry region-usage-json/DZ.json
132975 silly gunzTarPerm modified mode [ 'region-usage-json/DZ.json', 420, 438 ]
132976 silly gunzTarPerm extractEntry es6.js
132977 silly gunzTarPerm modified mode [ 'es6.js', 420, 438 ]
132978 silly gunzTarPerm extractEntry es7.js
132979 silly gunzTarPerm modified mode [ 'es7.js', 420, 438 ]
132980 silly gunzTarPerm extractEntry data/regions/KN.js
132981 silly gunzTarPerm modified mode [ 'data/regions/KN.js', 420, 438 ]
132982 silly gunzTarPerm extractEntry data/regions/KP.js
132983 silly gunzTarPerm modified mode [ 'data/regions/KP.js', 420, 438 ]
132984 silly gunzTarPerm extractEntry region-usage-json/EC.json
132985 silly gunzTarPerm modified mode [ 'region-usage-json/EC.json', 420, 438 ]
132986 silly gunzTarPerm extractEntry library/modules/es6.math.asinh.js
132987 silly gunzTarPerm extractEntry modules/es6.math.asinh.js
132988 silly gunzTarPerm extractEntry fp/flip.js
132989 silly gunzTarPerm modified mode [ 'fp/flip.js', 420, 438 ]
132990 silly gunzTarPerm extractEntry floor.js
132991 silly gunzTarPerm modified mode [ 'floor.js', 420, 438 ]
132992 silly gunzTarPerm extractEntry locale/tl-ph.js
132993 silly gunzTarPerm modified mode [ 'locale/tl-ph.js', 420, 438 ]
132994 silly gunzTarPerm extractEntry src/locale/tl-ph.js
132995 silly gunzTarPerm modified mode [ 'src/locale/tl-ph.js', 420, 438 ]
132996 silly gunzTarPerm extractEntry helpers/every.js
132997 silly gunzTarPerm modified mode [ 'helpers/every.js', 420, 438 ]
132998 silly gunzTarPerm extractEntry 2020/BigInt/exponentiate.js
132999 silly gunzTarPerm modified mode [ '2020/BigInt/exponentiate.js', 420, 438 ]
133000 silly gunzTarPerm extractEntry region-usage-json/EE.json
133001 silly gunzTarPerm modified mode [ 'region-usage-json/EE.json', 420, 438 ]
133002 silly gunzTarPerm extractEntry region-usage-json/EG.json
133003 silly gunzTarPerm modified mode [ 'region-usage-json/EG.json', 420, 438 ]
133004 silly gunzTarPerm extractEntry data/regions/KR.js
133005 silly gunzTarPerm modified mode [ 'data/regions/KR.js', 420, 438 ]
133006 silly gunzTarPerm extractEntry data/regions/KW.js
133007 silly gunzTarPerm modified mode [ 'data/regions/KW.js', 420, 438 ]
133008 silly gunzTarPerm extractEntry library/modules/es6.math.atanh.js
133009 silly gunzTarPerm extractEntry modules/es6.math.atanh.js
133010 silly gunzTarPerm extractEntry fp/floor.js
133011 silly gunzTarPerm modified mode [ 'fp/floor.js', 420, 438 ]
133012 silly gunzTarPerm extractEntry flow.js
133013 silly gunzTarPerm modified mode [ 'flow.js', 420, 438 ]
133014 silly gunzTarPerm extractEntry 2020/Number/exponentiate.js
133015 silly gunzTarPerm modified mode [ '2020/Number/exponentiate.js', 420, 438 ]
133016 silly gunzTarPerm extractEntry 2021/BigInt/exponentiate.js
133017 silly gunzTarPerm modified mode [ '2021/BigInt/exponentiate.js', 420, 438 ]
133018 silly gunzTarPerm extractEntry dist/locale/tlh.js
133019 silly gunzTarPerm modified mode [ 'dist/locale/tlh.js', 420, 438 ]
133020 silly gunzTarPerm extractEntry locale/tlh.js
133021 silly gunzTarPerm modified mode [ 'locale/tlh.js', 420, 438 ]
133022 silly gunzTarPerm extractEntry library/modules/es6.math.cbrt.js
133023 silly gunzTarPerm extractEntry modules/es6.math.cbrt.js
133024 silly gunzTarPerm extractEntry data/regions/KY.js
133025 silly gunzTarPerm modified mode [ 'data/regions/KY.js', 420, 438 ]
133026 silly gunzTarPerm extractEntry data/regions/KZ.js
133027 silly gunzTarPerm modified mode [ 'data/regions/KZ.js', 420, 438 ]
133028 silly gunzTarPerm extractEntry features-json/element-closest.json
133029 silly gunzTarPerm modified mode [ 'features-json/element-closest.json', 420, 438 ]
133030 silly gunzTarPerm extractEntry features-json/element-from-point.json
133031 silly gunzTarPerm modified mode [ 'features-json/element-from-point.json', 420, 438 ]
133032 silly gunzTarPerm extractEntry fp/flow.js
133033 silly gunzTarPerm modified mode [ 'fp/flow.js', 420, 438 ]
133034 silly gunzTarPerm extractEntry flowRight.js
133035 silly gunzTarPerm modified mode [ 'flowRight.js', 420, 438 ]
133036 silly gunzTarPerm extractEntry 2021/Number/exponentiate.js
133037 silly gunzTarPerm modified mode [ '2021/Number/exponentiate.js', 420, 438 ]
133038 silly gunzTarPerm extractEntry 2022/BigInt/exponentiate.js
133039 silly gunzTarPerm modified mode [ '2022/BigInt/exponentiate.js', 420, 438 ]
133040 silly gunzTarPerm extractEntry library/modules/es6.math.clz32.js
133041 silly gunzTarPerm extractEntry modules/es6.math.clz32.js
133042 silly gunzTarPerm extractEntry src/locale/tlh.js
133043 silly gunzTarPerm modified mode [ 'src/locale/tlh.js', 420, 438 ]
133044 silly gunzTarPerm extractEntry src/lib/utils/to-int.js
133045 silly gunzTarPerm modified mode [ 'src/lib/utils/to-int.js', 420, 438 ]
133046 silly gunzTarPerm extractEntry data/regions/LA.js
133047 silly gunzTarPerm modified mode [ 'data/regions/LA.js', 420, 438 ]
133048 silly gunzTarPerm extractEntry data/features/lazyload.js
133049 silly gunzTarPerm modified mode [ 'data/features/lazyload.js', 420, 438 ]
133050 silly gunzTarPerm extractEntry features-json/element-scroll-methods.json
133051 silly gunzTarPerm modified mode [ 'features-json/element-scroll-methods.json', 420, 438 ]
133052 silly gunzTarPerm extractEntry features-json/eme.json
133053 silly gunzTarPerm modified mode [ 'features-json/eme.json', 420, 438 ]
133054 silly gunzTarPerm extractEntry fp/flowRight.js
133055 silly gunzTarPerm modified mode [ 'fp/flowRight.js', 420, 438 ]
133056 silly gunzTarPerm extractEntry forEach.js
133057 silly gunzTarPerm modified mode [ 'forEach.js', 420, 438 ]
133058 silly gunzTarPerm extractEntry 2022/Number/exponentiate.js
133059 silly gunzTarPerm modified mode [ '2022/Number/exponentiate.js', 420, 438 ]
133060 silly gunzTarPerm extractEntry 2023/BigInt/exponentiate.js
133061 silly gunzTarPerm modified mode [ '2023/BigInt/exponentiate.js', 420, 438 ]
133062 silly gunzTarPerm extractEntry library/modules/es6.math.cosh.js
133063 silly gunzTarPerm extractEntry modules/es6.math.cosh.js
133064 silly gunzTarPerm extractEntry src/lib/moment/to-type.js
133065 silly gunzTarPerm modified mode [ 'src/lib/moment/to-type.js', 420, 438 ]
133066 silly gunzTarPerm extractEntry src/lib/moment/to.js
133067 silly gunzTarPerm modified mode [ 'src/lib/moment/to.js', 420, 438 ]
133068 silly gunzTarPerm extractEntry features-json/eot.json
133069 silly gunzTarPerm modified mode [ 'features-json/eot.json', 420, 438 ]
133070 silly gunzTarPerm extractEntry region-usage-json/ER.json
133071 silly gunzTarPerm modified mode [ 'region-usage-json/ER.json', 420, 438 ]
133072 silly gunzTarPerm extractEntry data/regions/LB.js
133073 silly gunzTarPerm modified mode [ 'data/regions/LB.js', 420, 438 ]
133074 silly gunzTarPerm extractEntry data/regions/LC.js
133075 silly gunzTarPerm modified mode [ 'data/regions/LC.js', 420, 438 ]
133076 silly gunzTarPerm extractEntry fp/forEach.js
133077 silly gunzTarPerm modified mode [ 'fp/forEach.js', 420, 438 ]
133078 silly gunzTarPerm extractEntry forEachRight.js
133079 silly gunzTarPerm modified mode [ 'forEachRight.js', 420, 438 ]
133080 silly gunzTarPerm extractEntry 2023/Number/exponentiate.js
133081 silly gunzTarPerm modified mode [ '2023/Number/exponentiate.js', 420, 438 ]
133082 silly gunzTarPerm extractEntry 2024/BigInt/exponentiate.js
133083 silly gunzTarPerm modified mode [ '2024/BigInt/exponentiate.js', 420, 438 ]
133084 silly gunzTarPerm extractEntry library/modules/es6.math.expm1.js
133085 silly gunzTarPerm extractEntry modules/es6.math.expm1.js
133086 silly gunzTarPerm extractEntry library/modules/es6.math.fround.js
133087 silly gunzTarPerm extractEntry src/lib/parse/token.js
133088 silly gunzTarPerm modified mode [ 'src/lib/parse/token.js', 420, 438 ]
133089 silly gunzTarPerm extractEntry dist/locale/tr.js
133090 silly gunzTarPerm modified mode [ 'dist/locale/tr.js', 420, 438 ]
133091 silly gunzTarPerm extractEntry fp/forEachRight.js
133092 silly gunzTarPerm modified mode [ 'fp/forEachRight.js', 420, 438 ]
133093 silly gunzTarPerm extractEntry forIn.js
133094 silly gunzTarPerm modified mode [ 'forIn.js', 420, 438 ]
133095 silly gunzTarPerm extractEntry data/features/let.js
133096 silly gunzTarPerm modified mode [ 'data/features/let.js', 420, 438 ]
133097 silly gunzTarPerm extractEntry data/regions/LI.js
133098 silly gunzTarPerm modified mode [ 'data/regions/LI.js', 420, 438 ]
133099 silly gunzTarPerm extractEntry modules/es6.math.fround.js
133100 silly gunzTarPerm extractEntry region-usage-json/ES.json
133101 silly gunzTarPerm modified mode [ 'region-usage-json/ES.json', 420, 438 ]
133102 silly gunzTarPerm extractEntry features-json/es5.json
133103 silly gunzTarPerm modified mode [ 'features-json/es5.json', 420, 438 ]
133104 silly gunzTarPerm extractEntry 2024/Number/exponentiate.js
133105 silly gunzTarPerm modified mode [ '2024/Number/exponentiate.js', 420, 438 ]
133106 silly gunzTarPerm extractEntry 2023/FindViaPredicate.js
133107 silly gunzTarPerm modified mode [ '2023/FindViaPredicate.js', 420, 438 ]
133108 silly gunzTarPerm extractEntry locale/tr.js
133109 silly gunzTarPerm modified mode [ 'locale/tr.js', 420, 438 ]
133110 silly gunzTarPerm extractEntry src/locale/tr.js
133111 silly gunzTarPerm modified mode [ 'src/locale/tr.js', 420, 438 ]
133112 silly gunzTarPerm extractEntry fp/forIn.js
133113 silly gunzTarPerm modified mode [ 'fp/forIn.js', 420, 438 ]
133114 silly gunzTarPerm extractEntry forInRight.js
133115 silly gunzTarPerm modified mode [ 'forInRight.js', 420, 438 ]
133116 silly gunzTarPerm extractEntry data/features/link-icon-png.js
133117 silly gunzTarPerm modified mode [ 'data/features/link-icon-png.js', 420, 438 ]
133118 silly gunzTarPerm extractEntry data/features/link-icon-svg.js
133119 silly gunzTarPerm modified mode [ 'data/features/link-icon-svg.js', 420, 438 ]
133120 silly gunzTarPerm extractEntry library/modules/es6.math.hypot.js
133121 silly gunzTarPerm extractEntry modules/es6.math.hypot.js
133122 silly gunzTarPerm extractEntry library/modules/es6.math.imul.js
133123 silly gunzTarPerm extractEntry features-json/es6-class.json
133124 silly gunzTarPerm modified mode [ 'features-json/es6-class.json', 420, 438 ]
133125 silly gunzTarPerm extractEntry features-json/es6-generators.json
133126 silly gunzTarPerm modified mode [ 'features-json/es6-generators.json', 420, 438 ]
133127 silly gunzTarPerm extractEntry 2024/FindViaPredicate.js
133128 silly gunzTarPerm modified mode [ '2024/FindViaPredicate.js', 420, 438 ]
133129 silly gunzTarPerm extractEntry 2019/FlattenIntoArray.js
133130 silly gunzTarPerm modified mode [ '2019/FlattenIntoArray.js', 420, 438 ]
133131 silly gunzTarPerm extractEntry modules/es6.math.imul.js
133132 silly gunzTarPerm extractEntry dist/locale/tzl.js
133133 silly gunzTarPerm modified mode [ 'dist/locale/tzl.js', 420, 438 ]
133134 silly gunzTarPerm extractEntry locale/tzl.js
133135 silly gunzTarPerm modified mode [ 'locale/tzl.js', 420, 438 ]
133136 silly gunzTarPerm extractEntry fp/forInRight.js
133137 silly gunzTarPerm modified mode [ 'fp/forInRight.js', 420, 438 ]
133138 silly gunzTarPerm extractEntry forOwn.js
133139 silly gunzTarPerm modified mode [ 'forOwn.js', 420, 438 ]
133140 silly gunzTarPerm extractEntry 2020/FlattenIntoArray.js
133141 silly gunzTarPerm modified mode [ '2020/FlattenIntoArray.js', 420, 438 ]
133142 silly gunzTarPerm extractEntry 2021/FlattenIntoArray.js
133143 silly gunzTarPerm modified mode [ '2021/FlattenIntoArray.js', 420, 438 ]
133144 silly gunzTarPerm extractEntry data/features/link-rel-dns-prefetch.js
133145 silly gunzTarPerm modified mode [ 'data/features/link-rel-dns-prefetch.js', 420, 438 ]
133146 silly gunzTarPerm extractEntry data/features/link-rel-modulepreload.js
133147 silly gunzTarPerm modified mode [ 'data/features/link-rel-modulepreload.js', 420, 438 ]
133148 silly gunzTarPerm extractEntry features-json/es6-module-dynamic-import.json
133149 silly gunzTarPerm modified mode [ 'features-json/es6-module-dynamic-import.json', 420, 438 ]
133150 silly gunzTarPerm extractEntry features-json/es6-module.json
133151 silly gunzTarPerm modified mode [ 'features-json/es6-module.json', 420, 438 ]
133152 silly gunzTarPerm extractEntry library/modules/es6.math.log10.js
133153 silly gunzTarPerm extractEntry modules/es6.math.log10.js
133154 silly gunzTarPerm extractEntry src/locale/tzl.js
133155 silly gunzTarPerm modified mode [ 'src/locale/tzl.js', 420, 438 ]
133156 silly gunzTarPerm extractEntry dist/locale/tzm-latn.js
133157 silly gunzTarPerm modified mode [ 'dist/locale/tzm-latn.js', 420, 438 ]
133158 silly gunzTarPerm extractEntry fp/forOwn.js
133159 silly gunzTarPerm modified mode [ 'fp/forOwn.js', 420, 438 ]
133160 silly gunzTarPerm extractEntry forOwnRight.js
133161 silly gunzTarPerm modified mode [ 'forOwnRight.js', 420, 438 ]
133162 silly gunzTarPerm extractEntry 2022/FlattenIntoArray.js
133163 silly gunzTarPerm modified mode [ '2022/FlattenIntoArray.js', 420, 438 ]
133164 silly gunzTarPerm extractEntry 2023/FlattenIntoArray.js
133165 silly gunzTarPerm modified mode [ '2023/FlattenIntoArray.js', 420, 438 ]
133166 silly gunzTarPerm extractEntry data/features/link-rel-preconnect.js
133167 silly gunzTarPerm modified mode [ 'data/features/link-rel-preconnect.js', 420, 438 ]
133168 silly gunzTarPerm extractEntry data/features/link-rel-prefetch.js
133169 silly gunzTarPerm modified mode [ 'data/features/link-rel-prefetch.js', 420, 438 ]
133170 silly gunzTarPerm extractEntry features-json/es6-number.json
133171 silly gunzTarPerm modified mode [ 'features-json/es6-number.json', 420, 438 ]
133172 silly gunzTarPerm extractEntry features-json/es6-string-includes.json
133173 silly gunzTarPerm modified mode [ 'features-json/es6-string-includes.json', 420, 438 ]
133174 silly gunzTarPerm extractEntry library/modules/es6.math.log1p.js
133175 silly gunzTarPerm extractEntry modules/es6.math.log1p.js
133176 silly gunzTarPerm extractEntry locale/tzm-latn.js
133177 silly gunzTarPerm modified mode [ 'locale/tzm-latn.js', 420, 438 ]
133178 silly gunzTarPerm extractEntry src/locale/tzm-latn.js
133179 silly gunzTarPerm modified mode [ 'src/locale/tzm-latn.js', 420, 438 ]
133180 silly gunzTarPerm extractEntry fp/forOwnRight.js
133181 silly gunzTarPerm modified mode [ 'fp/forOwnRight.js', 420, 438 ]
133182 silly gunzTarPerm extractEntry fp.js
133183 silly gunzTarPerm modified mode [ 'fp.js', 420, 438 ]
133184 silly gunzTarPerm extractEntry 2024/FlattenIntoArray.js
133185 silly gunzTarPerm modified mode [ '2024/FlattenIntoArray.js', 420, 438 ]
133186 silly gunzTarPerm extractEntry 2015/floor.js
133187 silly gunzTarPerm modified mode [ '2015/floor.js', 420, 438 ]
133188 silly gunzTarPerm extractEntry data/features/link-rel-preload.js
133189 silly gunzTarPerm modified mode [ 'data/features/link-rel-preload.js', 420, 438 ]
133190 silly gunzTarPerm extractEntry data/features/link-rel-prerender.js
133191 silly gunzTarPerm modified mode [ 'data/features/link-rel-prerender.js', 420, 438 ]
133192 silly gunzTarPerm extractEntry features-json/es6.json
133193 silly gunzTarPerm modified mode [ 'features-json/es6.json', 420, 438 ]
133194 silly gunzTarPerm extractEntry region-usage-json/ET.json
133195 silly gunzTarPerm modified mode [ 'region-usage-json/ET.json', 420, 438 ]
133196 silly gunzTarPerm extractEntry dist/locale/tzm.js
133197 silly gunzTarPerm modified mode [ 'dist/locale/tzm.js', 420, 438 ]
133198 silly gunzTarPerm extractEntry locale/tzm.js
133199 silly gunzTarPerm modified mode [ 'locale/tzm.js', 420, 438 ]
133200 silly gunzTarPerm extractEntry library/modules/es6.math.log2.js
133201 silly gunzTarPerm extractEntry modules/es6.math.log2.js
133202 silly gunzTarPerm extractEntry fp/fromPairs.js
133203 silly gunzTarPerm modified mode [ 'fp/fromPairs.js', 420, 438 ]
133204 silly gunzTarPerm extractEntry fromPairs.js
133205 silly gunzTarPerm modified mode [ 'fromPairs.js', 420, 438 ]
133206 silly gunzTarPerm extractEntry 2016/floor.js
133207 silly gunzTarPerm modified mode [ '2016/floor.js', 420, 438 ]
133208 silly gunzTarPerm extractEntry 2017/floor.js
133209 silly gunzTarPerm modified mode [ '2017/floor.js', 420, 438 ]
133210 silly gunzTarPerm extractEntry data/regions/LK.js
133211 silly gunzTarPerm modified mode [ 'data/regions/LK.js', 420, 438 ]
133212 silly gunzTarPerm extractEntry data/features/loading-lazy-attr.js
133213 silly gunzTarPerm modified mode [ 'data/features/loading-lazy-attr.js', 420, 438 ]
133214 silly gunzTarPerm extractEntry src/locale/tzm.js
133215 silly gunzTarPerm modified mode [ 'src/locale/tzm.js', 420, 438 ]
133216 silly gunzTarPerm extractEntry dist/locale/ug-cn.js
133217 silly gunzTarPerm modified mode [ 'dist/locale/ug-cn.js', 420, 438 ]
133218 silly gunzTarPerm extractEntry features-json/eventsource.json
133219 silly gunzTarPerm modified mode [ 'features-json/eventsource.json', 420, 438 ]
133220 silly gunzTarPerm extractEntry features-json/extended-system-fonts.json
133221 silly gunzTarPerm modified mode [ 'features-json/extended-system-fonts.json', 420, 438 ]
133222 silly gunzTarPerm extractEntry library/modules/es6.math.sign.js
133223 silly gunzTarPerm extractEntry modules/es6.math.sign.js
133224 silly gunzTarPerm extractEntry fp/function.js
133225 silly gunzTarPerm modified mode [ 'fp/function.js', 420, 438 ]
133226 silly gunzTarPerm extractEntry function.js
133227 silly gunzTarPerm modified mode [ 'function.js', 420, 438 ]
133228 silly gunzTarPerm extractEntry 2018/floor.js
133229 silly gunzTarPerm modified mode [ '2018/floor.js', 420, 438 ]
133230 silly gunzTarPerm extractEntry 2019/floor.js
133231 silly gunzTarPerm modified mode [ '2019/floor.js', 420, 438 ]
133232 silly gunzTarPerm extractEntry data/features/localecompare.js
133233 silly gunzTarPerm modified mode [ 'data/features/localecompare.js', 420, 438 ]
133234 silly gunzTarPerm extractEntry data/regions/LR.js
133235 silly gunzTarPerm modified mode [ 'data/regions/LR.js', 420, 438 ]
133236 silly gunzTarPerm extractEntry locale/ug-cn.js
133237 silly gunzTarPerm modified mode [ 'locale/ug-cn.js', 420, 438 ]
133238 silly gunzTarPerm extractEntry src/locale/ug-cn.js
133239 silly gunzTarPerm modified mode [ 'src/locale/ug-cn.js', 420, 438 ]
133240 silly gunzTarPerm extractEntry features-json/feature-policy.json
133241 silly gunzTarPerm modified mode [ 'features-json/feature-policy.json', 420, 438 ]
133242 silly gunzTarPerm extractEntry features-json/fetch.json
133243 silly gunzTarPerm modified mode [ 'features-json/fetch.json', 420, 438 ]
133244 silly gunzTarPerm extractEntry library/modules/es6.math.sinh.js
133245 silly gunzTarPerm extractEntry modules/es6.math.sinh.js
133246 silly gunzTarPerm extractEntry fp/functions.js
133247 silly gunzTarPerm modified mode [ 'fp/functions.js', 420, 438 ]
133248 silly gunzTarPerm extractEntry functions.js
133249 silly gunzTarPerm modified mode [ 'functions.js', 420, 438 ]
133250 silly gunzTarPerm extractEntry 2020/floor.js
133251 silly gunzTarPerm modified mode [ '2020/floor.js', 420, 438 ]
133252 silly gunzTarPerm extractEntry 2021/floor.js
133253 silly gunzTarPerm modified mode [ '2021/floor.js', 420, 438 ]
133254 silly gunzTarPerm extractEntry data/regions/LS.js
133255 silly gunzTarPerm modified mode [ 'data/regions/LS.js', 420, 438 ]
133256 silly gunzTarPerm extractEntry data/regions/LT.js
133257 silly gunzTarPerm modified mode [ 'data/regions/LT.js', 420, 438 ]
133258 silly gunzTarPerm extractEntry dist/locale/uk.js
133259 silly gunzTarPerm modified mode [ 'dist/locale/uk.js', 420, 438 ]
133260 silly gunzTarPerm extractEntry locale/uk.js
133261 silly gunzTarPerm modified mode [ 'locale/uk.js', 420, 438 ]
133262 silly gunzTarPerm extractEntry library/modules/es6.math.tanh.js
133263 silly gunzTarPerm extractEntry modules/es6.math.tanh.js
133264 silly gunzTarPerm extractEntry region-usage-json/FI.json
133265 silly gunzTarPerm modified mode [ 'region-usage-json/FI.json', 420, 438 ]
133266 silly gunzTarPerm extractEntry features-json/fieldset-disabled.json
133267 silly gunzTarPerm modified mode [ 'features-json/fieldset-disabled.json', 420, 438 ]
133268 silly gunzTarPerm extractEntry fp/functionsIn.js
133269 silly gunzTarPerm modified mode [ 'fp/functionsIn.js', 420, 438 ]
133270 silly gunzTarPerm extractEntry functionsIn.js
133271 silly gunzTarPerm modified mode [ 'functionsIn.js', 420, 438 ]
133272 silly gunzTarPerm extractEntry 2022/floor.js
133273 silly gunzTarPerm modified mode [ '2022/floor.js', 420, 438 ]
133274 silly gunzTarPerm extractEntry 2023/floor.js
133275 silly gunzTarPerm modified mode [ '2023/floor.js', 420, 438 ]
133276 silly gunzTarPerm extractEntry src/locale/uk.js
133277 silly gunzTarPerm modified mode [ 'src/locale/uk.js', 420, 438 ]
133278 silly gunzTarPerm extractEntry src/lib/units/units.js
133279 silly gunzTarPerm modified mode [ 'src/lib/units/units.js', 420, 438 ]
133280 silly gunzTarPerm extractEntry data/regions/LU.js
133281 silly gunzTarPerm modified mode [ 'data/regions/LU.js', 420, 438 ]
133282 silly gunzTarPerm extractEntry library/modules/es6.math.trunc.js
133283 silly gunzTarPerm extractEntry modules/es6.math.trunc.js
133284 silly gunzTarPerm extractEntry fp/get.js
133285 silly gunzTarPerm modified mode [ 'fp/get.js', 420, 438 ]
133286 silly gunzTarPerm extractEntry get.js
133287 silly gunzTarPerm modified mode [ 'get.js', 420, 438 ]
133288 silly gunzTarPerm extractEntry features-json/fileapi.json
133289 silly gunzTarPerm modified mode [ 'features-json/fileapi.json', 420, 438 ]
133290 silly gunzTarPerm extractEntry features-json/filereader.json
133291 silly gunzTarPerm modified mode [ 'features-json/filereader.json', 420, 438 ]
133292 silly gunzTarPerm extractEntry dist/locale/ur.js
133293 silly gunzTarPerm modified mode [ 'dist/locale/ur.js', 420, 438 ]
133294 silly gunzTarPerm extractEntry locale/ur.js
133295 silly gunzTarPerm modified mode [ 'locale/ur.js', 420, 438 ]
133296 silly gunzTarPerm extractEntry 2024/floor.js
133297 silly gunzTarPerm modified mode [ '2024/floor.js', 420, 438 ]
133298 silly gunzTarPerm extractEntry 5/floor.js
133299 silly gunzTarPerm modified mode [ '5/floor.js', 420, 438 ]
133300 silly gunzTarPerm extractEntry data/regions/LV.js
133301 silly gunzTarPerm modified mode [ 'data/regions/LV.js', 420, 438 ]
133302 silly gunzTarPerm extractEntry data/regions/LY.js
133303 silly gunzTarPerm modified mode [ 'data/regions/LY.js', 420, 438 ]
133304 silly gunzTarPerm extractEntry library/modules/es6.number.constructor.js
133305 silly gunzTarPerm extractEntry modules/es6.number.constructor.js
133306 silly gunzTarPerm extractEntry fp/getOr.js
133307 silly gunzTarPerm modified mode [ 'fp/getOr.js', 420, 438 ]
133308 silly gunzTarPerm extractEntry fp/groupBy.js
133309 silly gunzTarPerm modified mode [ 'fp/groupBy.js', 420, 438 ]
133310 silly gunzTarPerm extractEntry features-json/filereadersync.json
133311 silly gunzTarPerm modified mode [ 'features-json/filereadersync.json', 420, 438 ]
133312 silly gunzTarPerm extractEntry features-json/filesystem.json
133313 silly gunzTarPerm modified mode [ 'features-json/filesystem.json', 420, 438 ]
133314 silly gunzTarPerm extractEntry src/locale/ur.js
133315 silly gunzTarPerm modified mode [ 'src/locale/ur.js', 420, 438 ]
133316 silly gunzTarPerm extractEntry src/lib/create/utc.js
133317 silly gunzTarPerm modified mode [ 'src/lib/create/utc.js', 420, 438 ]
133318 silly gunzTarPerm extractEntry helpers/forEach.js
133319 silly gunzTarPerm modified mode [ 'helpers/forEach.js', 420, 438 ]
133320 silly gunzTarPerm extractEntry helpers/fractionToBinaryString.js
133321 silly gunzTarPerm modified mode [ 'helpers/fractionToBinaryString.js', 420, 438 ]
133322 silly gunzTarPerm extractEntry modules/library/es6.number.constructor.js
133323 silly gunzTarPerm extractEntry library/modules/es6.number.epsilon.js
133324 silly gunzTarPerm extractEntry data/regions/MA.js
133325 silly gunzTarPerm modified mode [ 'data/regions/MA.js', 420, 438 ]
133326 silly gunzTarPerm extractEntry data/features/magnetometer.js
133327 silly gunzTarPerm modified mode [ 'data/features/magnetometer.js', 420, 438 ]
133328 silly gunzTarPerm extractEntry groupBy.js
133329 silly gunzTarPerm modified mode [ 'groupBy.js', 420, 438 ]
133330 silly gunzTarPerm extractEntry fp/gt.js
133331 silly gunzTarPerm modified mode [ 'fp/gt.js', 420, 438 ]
133332 silly gunzTarPerm extractEntry dist/locale/uz-latn.js
133333 silly gunzTarPerm modified mode [ 'dist/locale/uz-latn.js', 420, 438 ]
133334 silly gunzTarPerm extractEntry locale/uz-latn.js
133335 silly gunzTarPerm modified mode [ 'locale/uz-latn.js', 420, 438 ]
133336 silly gunzTarPerm extractEntry region-usage-json/FJ.json
133337 silly gunzTarPerm modified mode [ 'region-usage-json/FJ.json', 420, 438 ]
133338 silly gunzTarPerm extractEntry region-usage-json/FK.json
133339 silly gunzTarPerm modified mode [ 'region-usage-json/FK.json', 420, 438 ]
133340 silly gunzTarPerm extractEntry modules/es6.number.epsilon.js
133341 silly gunzTarPerm extractEntry library/modules/es6.number.is-finite.js
133342 silly gunzTarPerm extractEntry 2015/FromPropertyDescriptor.js
133343 silly gunzTarPerm modified mode [ '2015/FromPropertyDescriptor.js', 420, 438 ]
133344 silly gunzTarPerm extractEntry 2016/FromPropertyDescriptor.js
133345 silly gunzTarPerm modified mode [ '2016/FromPropertyDescriptor.js', 420, 438 ]
133346 silly gunzTarPerm extractEntry data/features/matchesselector.js
133347 silly gunzTarPerm modified mode [ 'data/features/matchesselector.js', 420, 438 ]
133348 silly gunzTarPerm extractEntry data/features/matchmedia.js
133349 silly gunzTarPerm modified mode [ 'data/features/matchmedia.js', 420, 438 ]
133350 silly gunzTarPerm extractEntry gt.js
133351 silly gunzTarPerm modified mode [ 'gt.js', 420, 438 ]
133352 silly gunzTarPerm extractEntry fp/gte.js
133353 silly gunzTarPerm modified mode [ 'fp/gte.js', 420, 438 ]
133354 silly gunzTarPerm extractEntry features-json/flac.json
133355 silly gunzTarPerm modified mode [ 'features-json/flac.json', 420, 438 ]
133356 silly gunzTarPerm extractEntry features-json/flexbox-gap.json
133357 silly gunzTarPerm modified mode [ 'features-json/flexbox-gap.json', 420, 438 ]
133358 silly gunzTarPerm extractEntry src/locale/uz-latn.js
133359 silly gunzTarPerm modified mode [ 'src/locale/uz-latn.js', 420, 438 ]
133360 silly gunzTarPerm extractEntry dist/locale/uz.js
133361 silly gunzTarPerm modified mode [ 'dist/locale/uz.js', 420, 438 ]
133362 silly gunzTarPerm extractEntry modules/es6.number.is-finite.js
133363 silly gunzTarPerm extractEntry library/modules/es6.number.is-integer.js
133364 silly gunzTarPerm extractEntry gte.js
133365 silly gunzTarPerm modified mode [ 'gte.js', 420, 438 ]
133366 silly gunzTarPerm extractEntry fp/has.js
133367 silly gunzTarPerm modified mode [ 'fp/has.js', 420, 438 ]
133368 silly gunzTarPerm extractEntry 2017/FromPropertyDescriptor.js
133369 silly gunzTarPerm modified mode [ '2017/FromPropertyDescriptor.js', 420, 438 ]
133370 silly gunzTarPerm extractEntry 2018/FromPropertyDescriptor.js
133371 silly gunzTarPerm modified mode [ '2018/FromPropertyDescriptor.js', 420, 438 ]
133372 silly gunzTarPerm extractEntry data/features/mathml.js
133373 silly gunzTarPerm modified mode [ 'data/features/mathml.js', 420, 438 ]
133374 silly gunzTarPerm extractEntry data/features/maxlength.js
133375 silly gunzTarPerm modified mode [ 'data/features/maxlength.js', 420, 438 ]
133376 silly gunzTarPerm extractEntry modules/es6.number.is-integer.js
133377 silly gunzTarPerm extractEntry library/modules/es6.number.is-nan.js
133378 silly gunzTarPerm extractEntry features-json/flexbox.json
133379 silly gunzTarPerm modified mode [ 'features-json/flexbox.json', 420, 438 ]
133380 silly gunzTarPerm extractEntry features-json/flow-root.json
133381 silly gunzTarPerm modified mode [ 'features-json/flow-root.json', 420, 438 ]
133382 silly gunzTarPerm extractEntry locale/uz.js
133383 silly gunzTarPerm modified mode [ 'locale/uz.js', 420, 438 ]
133384 silly gunzTarPerm extractEntry src/locale/uz.js
133385 silly gunzTarPerm modified mode [ 'src/locale/uz.js', 420, 438 ]
133386 silly gunzTarPerm extractEntry has.js
133387 silly gunzTarPerm modified mode [ 'has.js', 420, 438 ]
133388 silly gunzTarPerm extractEntry fp/hasIn.js
133389 silly gunzTarPerm modified mode [ 'fp/hasIn.js', 420, 438 ]
133390 silly gunzTarPerm extractEntry 2019/FromPropertyDescriptor.js
133391 silly gunzTarPerm modified mode [ '2019/FromPropertyDescriptor.js', 420, 438 ]
133392 silly gunzTarPerm extractEntry 2020/FromPropertyDescriptor.js
133393 silly gunzTarPerm modified mode [ '2020/FromPropertyDescriptor.js', 420, 438 ]
133394 silly gunzTarPerm extractEntry data/regions/MC.js
133395 silly gunzTarPerm modified mode [ 'data/regions/MC.js', 420, 438 ]
133396 silly gunzTarPerm extractEntry data/regions/MD.js
133397 silly gunzTarPerm modified mode [ 'data/regions/MD.js', 420, 438 ]
133398 silly gunzTarPerm extractEntry modules/es6.number.is-nan.js
133399 silly gunzTarPerm extractEntry library/modules/es6.number.is-safe-integer.js
133400 silly gunzTarPerm extractEntry src/lib/create/valid.js
133401 silly gunzTarPerm modified mode [ 'src/lib/create/valid.js', 420, 438 ]
133402 silly gunzTarPerm extractEntry src/lib/duration/valid.js
133403 silly gunzTarPerm modified mode [ 'src/lib/duration/valid.js', 420, 438 ]
133404 silly gunzTarPerm extractEntry region-usage-json/FM.json
133405 silly gunzTarPerm modified mode [ 'region-usage-json/FM.json', 420, 438 ]
133406 silly gunzTarPerm extractEntry region-usage-json/FO.json
133407 silly gunzTarPerm modified mode [ 'region-usage-json/FO.json', 420, 438 ]
133408 silly gunzTarPerm extractEntry hasIn.js
133409 silly gunzTarPerm modified mode [ 'hasIn.js', 420, 438 ]
133410 silly gunzTarPerm extractEntry fp/head.js
133411 silly gunzTarPerm modified mode [ 'fp/head.js', 420, 438 ]
133412 silly gunzTarPerm extractEntry 2021/FromPropertyDescriptor.js
133413 silly gunzTarPerm modified mode [ '2021/FromPropertyDescriptor.js', 420, 438 ]
133414 silly gunzTarPerm extractEntry 2022/FromPropertyDescriptor.js
133415 silly gunzTarPerm modified mode [ '2022/FromPropertyDescriptor.js', 420, 438 ]
133416 silly gunzTarPerm extractEntry data/features/mdn-css-backdrop-pseudo-element.js
133417 silly gunzTarPerm modified mode [ 'data/features/mdn-css-backdrop-pseudo-element.js', 420, 438 ]
133418 silly gunzTarPerm extractEntry data/features/mdn-css-unicode-bidi-isolate-override.js
133419 silly gunzTarPerm modified mode [ 'data/features/mdn-css-unicode-bidi-isolate-override.js',
133419 silly gunzTarPerm   420,
133419 silly gunzTarPerm   438 ]
133420 silly gunzTarPerm extractEntry modules/es6.number.is-safe-integer.js
133421 silly gunzTarPerm extractEntry library/modules/es6.number.max-safe-integer.js
133422 silly gunzTarPerm extractEntry src/lib/moment/valid.js
133423 silly gunzTarPerm modified mode [ 'src/lib/moment/valid.js', 420, 438 ]
133424 silly gunzTarPerm extractEntry dist/locale/vi.js
133425 silly gunzTarPerm modified mode [ 'dist/locale/vi.js', 420, 438 ]
133426 silly gunzTarPerm extractEntry features-json/focusin-focusout-events.json
133427 silly gunzTarPerm modified mode [ 'features-json/focusin-focusout-events.json', 420, 438 ]
133428 silly gunzTarPerm extractEntry features-json/font-family-system-ui.json
133429 silly gunzTarPerm modified mode [ 'features-json/font-family-system-ui.json', 420, 438 ]
133430 silly gunzTarPerm extractEntry head.js
133431 silly gunzTarPerm modified mode [ 'head.js', 420, 438 ]
133432 silly gunzTarPerm extractEntry fp/identical.js
133433 silly gunzTarPerm modified mode [ 'fp/identical.js', 420, 438 ]
133434 silly gunzTarPerm extractEntry 2023/FromPropertyDescriptor.js
133435 silly gunzTarPerm modified mode [ '2023/FromPropertyDescriptor.js', 420, 438 ]
133436 silly gunzTarPerm extractEntry 2024/FromPropertyDescriptor.js
133437 silly gunzTarPerm modified mode [ '2024/FromPropertyDescriptor.js', 420, 438 ]
133438 silly gunzTarPerm extractEntry data/features/mdn-css-unicode-bidi-isolate.js
133439 silly gunzTarPerm modified mode [ 'data/features/mdn-css-unicode-bidi-isolate.js', 420, 438 ]
133440 silly gunzTarPerm extractEntry data/features/mdn-css-unicode-bidi-plaintext.js
133441 silly gunzTarPerm modified mode [ 'data/features/mdn-css-unicode-bidi-plaintext.js', 420, 438 ]
133442 silly gunzTarPerm extractEntry modules/es6.number.max-safe-integer.js
133443 silly gunzTarPerm extractEntry library/modules/es6.number.min-safe-integer.js
133444 silly gunzTarPerm extractEntry locale/vi.js
133445 silly gunzTarPerm modified mode [ 'locale/vi.js', 420, 438 ]
133446 silly gunzTarPerm extractEntry src/locale/vi.js
133447 silly gunzTarPerm modified mode [ 'src/locale/vi.js', 420, 438 ]
133448 silly gunzTarPerm extractEntry fp/identity.js
133449 silly gunzTarPerm modified mode [ 'fp/identity.js', 420, 438 ]
133450 silly gunzTarPerm extractEntry identity.js
133451 silly gunzTarPerm modified mode [ 'identity.js', 420, 438 ]
133452 silly gunzTarPerm extractEntry features-json/font-feature.json
133453 silly gunzTarPerm modified mode [ 'features-json/font-feature.json', 420, 438 ]
133454 silly gunzTarPerm extractEntry features-json/font-kerning.json
133455 silly gunzTarPerm modified mode [ 'features-json/font-kerning.json', 420, 438 ]
133456 silly gunzTarPerm extractEntry 5/FromPropertyDescriptor.js
133457 silly gunzTarPerm modified mode [ '5/FromPropertyDescriptor.js', 420, 438 ]
133458 silly gunzTarPerm extractEntry helpers/fromPropertyDescriptor.js
133459 silly gunzTarPerm modified mode [ 'helpers/fromPropertyDescriptor.js', 420, 438 ]
133460 silly gunzTarPerm extractEntry data/features/mdn-text-decoration-color.js
133461 silly gunzTarPerm modified mode [ 'data/features/mdn-text-decoration-color.js', 420, 438 ]
133462 silly gunzTarPerm extractEntry data/features/mdn-text-decoration-line.js
133463 silly gunzTarPerm modified mode [ 'data/features/mdn-text-decoration-line.js', 420, 438 ]
133464 silly gunzTarPerm extractEntry modules/es6.number.min-safe-integer.js
133465 silly gunzTarPerm extractEntry library/modules/es6.number.parse-float.js
133466 silly gunzTarPerm extractEntry fp/includes.js
133467 silly gunzTarPerm modified mode [ 'fp/includes.js', 420, 438 ]
133468 silly gunzTarPerm extractEntry includes.js
133469 silly gunzTarPerm modified mode [ 'includes.js', 420, 438 ]
133470 silly gunzTarPerm extractEntry src/lib/units/week-calendar-utils.js
133471 silly gunzTarPerm modified mode [ 'src/lib/units/week-calendar-utils.js', 420, 438 ]
133472 silly gunzTarPerm extractEntry src/lib/units/week-year.js
133473 silly gunzTarPerm modified mode [ 'src/lib/units/week-year.js', 420, 438 ]
133474 silly gunzTarPerm extractEntry features-json/font-loading.json
133475 silly gunzTarPerm modified mode [ 'features-json/font-loading.json', 420, 438 ]
133476 silly gunzTarPerm extractEntry features-json/font-size-adjust.json
133477 silly gunzTarPerm modified mode [ 'features-json/font-size-adjust.json', 420, 438 ]
133478 silly gunzTarPerm extractEntry modules/es6.number.parse-float.js
133479 silly gunzTarPerm extractEntry library/modules/es6.number.parse-int.js
133480 silly gunzTarPerm extractEntry 2015/Get.js
133481 silly gunzTarPerm modified mode [ '2015/Get.js', 420, 438 ]
133482 silly gunzTarPerm extractEntry 2016/Get.js
133483 silly gunzTarPerm modified mode [ '2016/Get.js', 420, 438 ]
133484 silly gunzTarPerm extractEntry data/features/mdn-text-decoration-shorthand.js
133485 silly gunzTarPerm modified mode [ 'data/features/mdn-text-decoration-shorthand.js', 420, 438 ]
133486 silly gunzTarPerm extractEntry data/features/mdn-text-decoration-style.js
133487 silly gunzTarPerm modified mode [ 'data/features/mdn-text-decoration-style.js', 420, 438 ]
133488 silly gunzTarPerm extractEntry fp/includesFrom.js
133489 silly gunzTarPerm modified mode [ 'fp/includesFrom.js', 420, 438 ]
133490 silly gunzTarPerm extractEntry index.js
133491 silly gunzTarPerm modified mode [ 'index.js', 420, 438 ]
133492 silly gunzTarPerm extractEntry src/lib/units/week.js
133493 silly gunzTarPerm modified mode [ 'src/lib/units/week.js', 420, 438 ]
133494 silly gunzTarPerm extractEntry dist/locale/x-pseudo.js
133495 silly gunzTarPerm modified mode [ 'dist/locale/x-pseudo.js', 420, 438 ]
133496 silly gunzTarPerm extractEntry features-json/font-smooth.json
133497 silly gunzTarPerm modified mode [ 'features-json/font-smooth.json', 420, 438 ]
133498 silly gunzTarPerm extractEntry features-json/font-unicode-range.json
133499 silly gunzTarPerm modified mode [ 'features-json/font-unicode-range.json', 420, 438 ]
133500 silly gunzTarPerm extractEntry modules/es6.number.parse-int.js
133501 silly gunzTarPerm extractEntry library/modules/es6.number.to-fixed.js
133502 silly gunzTarPerm extractEntry 2017/Get.js
133503 silly gunzTarPerm modified mode [ '2017/Get.js', 420, 438 ]
133504 silly gunzTarPerm extractEntry 2018/Get.js
133505 silly gunzTarPerm modified mode [ '2018/Get.js', 420, 438 ]
133506 silly gunzTarPerm extractEntry data/regions/ME.js
133507 silly gunzTarPerm modified mode [ 'data/regions/ME.js', 420, 438 ]
133508 silly gunzTarPerm extractEntry data/features/media-fragments.js
133509 silly gunzTarPerm modified mode [ 'data/features/media-fragments.js', 420, 438 ]
133510 silly gunzTarPerm extractEntry fp/indexBy.js
133511 silly gunzTarPerm modified mode [ 'fp/indexBy.js', 420, 438 ]
133512 silly gunzTarPerm extractEntry fp/indexOf.js
133513 silly gunzTarPerm modified mode [ 'fp/indexOf.js', 420, 438 ]
133514 silly gunzTarPerm extractEntry locale/x-pseudo.js
133515 silly gunzTarPerm modified mode [ 'locale/x-pseudo.js', 420, 438 ]
133516 silly gunzTarPerm extractEntry src/locale/x-pseudo.js
133517 silly gunzTarPerm modified mode [ 'src/locale/x-pseudo.js', 420, 438 ]
133518 silly gunzTarPerm extractEntry features-json/font-variant-alternates.json
133519 silly gunzTarPerm modified mode [ 'features-json/font-variant-alternates.json', 420, 438 ]
133520 silly gunzTarPerm extractEntry features-json/font-variant-numeric.json
133521 silly gunzTarPerm modified mode [ 'features-json/font-variant-numeric.json', 420, 438 ]
133522 silly gunzTarPerm extractEntry 2019/Get.js
133523 silly gunzTarPerm modified mode [ '2019/Get.js', 420, 438 ]
133524 silly gunzTarPerm extractEntry 2020/Get.js
133525 silly gunzTarPerm modified mode [ '2020/Get.js', 420, 438 ]
133526 silly gunzTarPerm extractEntry data/features/mediacapture-fromelement.js
133527 silly gunzTarPerm modified mode [ 'data/features/mediacapture-fromelement.js', 420, 438 ]
133528 silly gunzTarPerm extractEntry data/features/mediarecorder.js
133529 silly gunzTarPerm modified mode [ 'data/features/mediarecorder.js', 420, 438 ]
133530 silly gunzTarPerm extractEntry modules/es6.number.to-fixed.js
133531 silly gunzTarPerm extractEntry library/modules/es6.number.to-precision.js
133532 silly gunzTarPerm extractEntry indexOf.js
133533 silly gunzTarPerm modified mode [ 'indexOf.js', 420, 438 ]
133534 silly gunzTarPerm extractEntry fp/indexOfFrom.js
133535 silly gunzTarPerm modified mode [ 'fp/indexOfFrom.js', 420, 438 ]
133536 silly gunzTarPerm extractEntry src/lib/units/year.js
133537 silly gunzTarPerm modified mode [ 'src/lib/units/year.js', 420, 438 ]
133538 silly gunzTarPerm extractEntry dist/locale/yo.js
133539 silly gunzTarPerm modified mode [ 'dist/locale/yo.js', 420, 438 ]
133540 silly gunzTarPerm extractEntry features-json/fontface.json
133541 silly gunzTarPerm modified mode [ 'features-json/fontface.json', 420, 438 ]
133542 silly gunzTarPerm extractEntry features-json/form-attribute.json
133543 silly gunzTarPerm modified mode [ 'features-json/form-attribute.json', 420, 438 ]
133544 silly gunzTarPerm extractEntry 2021/Get.js
133545 silly gunzTarPerm modified mode [ '2021/Get.js', 420, 438 ]
133546 silly gunzTarPerm extractEntry 2022/Get.js
133547 silly gunzTarPerm modified mode [ '2022/Get.js', 420, 438 ]
133548 silly gunzTarPerm extractEntry data/features/mediasource.js
133549 silly gunzTarPerm modified mode [ 'data/features/mediasource.js', 420, 438 ]
133550 silly gunzTarPerm extractEntry data/features/menu.js
133551 silly gunzTarPerm modified mode [ 'data/features/menu.js', 420, 438 ]
133552 silly gunzTarPerm extractEntry modules/es6.number.to-precision.js
133553 silly gunzTarPerm extractEntry library/modules/es6.object.assign.js
133554 silly gunzTarPerm extractEntry fp/init.js
133555 silly gunzTarPerm modified mode [ 'fp/init.js', 420, 438 ]
133556 silly gunzTarPerm extractEntry fp/initial.js
133557 silly gunzTarPerm modified mode [ 'fp/initial.js', 420, 438 ]
133558 silly gunzTarPerm extractEntry locale/yo.js
133559 silly gunzTarPerm modified mode [ 'locale/yo.js', 420, 438 ]
133560 silly gunzTarPerm extractEntry src/locale/yo.js
133561 silly gunzTarPerm modified mode [ 'src/locale/yo.js', 420, 438 ]
133562 silly gunzTarPerm extractEntry features-json/form-submit-attributes.json
133563 silly gunzTarPerm modified mode [ 'features-json/form-submit-attributes.json', 420, 438 ]
133564 silly gunzTarPerm extractEntry features-json/form-validation.json
133565 silly gunzTarPerm modified mode [ 'features-json/form-validation.json', 420, 438 ]
133566 silly gunzTarPerm extractEntry 2023/Get.js
133567 silly gunzTarPerm modified mode [ '2023/Get.js', 420, 438 ]
133568 silly gunzTarPerm extractEntry 2024/Get.js
133569 silly gunzTarPerm modified mode [ '2024/Get.js', 420, 438 ]
133570 silly gunzTarPerm extractEntry initial.js
133571 silly gunzTarPerm modified mode [ 'initial.js', 420, 438 ]
133572 silly gunzTarPerm extractEntry fp/inRange.js
133573 silly gunzTarPerm modified mode [ 'fp/inRange.js', 420, 438 ]
133574 silly gunzTarPerm extractEntry modules/es6.object.assign.js
133575 silly gunzTarPerm extractEntry library/modules/es6.object.create.js
133576 silly gunzTarPerm extractEntry data/features/meta-theme-color.js
133577 silly gunzTarPerm modified mode [ 'data/features/meta-theme-color.js', 420, 438 ]
133578 silly gunzTarPerm extractEntry data/features/meter.js
133579 silly gunzTarPerm modified mode [ 'data/features/meter.js', 420, 438 ]
133580 silly gunzTarPerm extractEntry src/lib/utils/zero-fill.js
133581 silly gunzTarPerm modified mode [ 'src/lib/utils/zero-fill.js', 420, 438 ]
133582 silly gunzTarPerm extractEntry dist/locale/zh-cn.js
133583 silly gunzTarPerm modified mode [ 'dist/locale/zh-cn.js', 420, 438 ]
133584 silly gunzTarPerm extractEntry inRange.js
133585 silly gunzTarPerm modified mode [ 'inRange.js', 420, 438 ]
133586 silly gunzTarPerm extractEntry fp/intersection.js
133587 silly gunzTarPerm modified mode [ 'fp/intersection.js', 420, 438 ]
133588 silly gunzTarPerm extractEntry modules/es6.object.create.js
133589 silly gunzTarPerm extractEntry library/modules/es6.object.define-properties.js
133590 silly gunzTarPerm extractEntry features-json/forms.json
133591 silly gunzTarPerm modified mode [ 'features-json/forms.json', 420, 438 ]
133592 silly gunzTarPerm extractEntry region-usage-json/FR.json
133593 silly gunzTarPerm modified mode [ 'region-usage-json/FR.json', 420, 438 ]
133594 silly gunzTarPerm extractEntry 2024/GetArrayBufferMaxByteLengthOption.js
133595 silly gunzTarPerm modified mode [ '2024/GetArrayBufferMaxByteLengthOption.js', 420, 438 ]
133596 silly gunzTarPerm extractEntry 2015/GetGlobalObject.js
133597 silly gunzTarPerm modified mode [ '2015/GetGlobalObject.js', 420, 438 ]
133598 silly gunzTarPerm extractEntry data/regions/MG.js
133599 silly gunzTarPerm modified mode [ 'data/regions/MG.js', 420, 438 ]
133600 silly gunzTarPerm extractEntry data/regions/MH.js
133601 silly gunzTarPerm modified mode [ 'data/regions/MH.js', 420, 438 ]
133602 silly gunzTarPerm extractEntry locale/zh-cn.js
133603 silly gunzTarPerm modified mode [ 'locale/zh-cn.js', 420, 438 ]
133604 silly gunzTarPerm extractEntry src/locale/zh-cn.js
133605 silly gunzTarPerm modified mode [ 'src/locale/zh-cn.js', 420, 438 ]
133606 silly gunzTarPerm extractEntry intersection.js
133607 silly gunzTarPerm modified mode [ 'intersection.js', 420, 438 ]
133608 silly gunzTarPerm extractEntry fp/intersectionBy.js
133609 silly gunzTarPerm modified mode [ 'fp/intersectionBy.js', 420, 438 ]
133610 silly gunzTarPerm extractEntry modules/es6.object.define-properties.js
133611 silly gunzTarPerm extractEntry library/modules/es6.object.define-property.js
133612 silly gunzTarPerm extractEntry 2016/GetGlobalObject.js
133613 silly gunzTarPerm modified mode [ '2016/GetGlobalObject.js', 420, 438 ]
133614 silly gunzTarPerm extractEntry 2017/GetGlobalObject.js
133615 silly gunzTarPerm modified mode [ '2017/GetGlobalObject.js', 420, 438 ]
133616 silly gunzTarPerm extractEntry features-json/fullscreen.json
133617 silly gunzTarPerm modified mode [ 'features-json/fullscreen.json', 420, 438 ]
133618 silly gunzTarPerm extractEntry region-usage-json/GA.json
133619 silly gunzTarPerm modified mode [ 'region-usage-json/GA.json', 420, 438 ]
133620 silly gunzTarPerm extractEntry data/features/midi.js
133621 silly gunzTarPerm modified mode [ 'data/features/midi.js', 420, 438 ]
133622 silly gunzTarPerm extractEntry data/features/minmaxwh.js
133623 silly gunzTarPerm modified mode [ 'data/features/minmaxwh.js', 420, 438 ]
133624 silly gunzTarPerm extractEntry modules/es6.object.define-property.js
133625 silly gunzTarPerm extractEntry library/modules/es6.object.freeze.js
133626 silly gunzTarPerm extractEntry dist/locale/zh-hk.js
133627 silly gunzTarPerm modified mode [ 'dist/locale/zh-hk.js', 420, 438 ]
133628 silly gunzTarPerm extractEntry locale/zh-hk.js
133629 silly gunzTarPerm modified mode [ 'locale/zh-hk.js', 420, 438 ]
133630 silly gunzTarPerm extractEntry intersectionBy.js
133631 silly gunzTarPerm modified mode [ 'intersectionBy.js', 420, 438 ]
133632 silly gunzTarPerm extractEntry fp/intersectionWith.js
133633 silly gunzTarPerm modified mode [ 'fp/intersectionWith.js', 420, 438 ]
133634 silly gunzTarPerm extractEntry 2018/GetGlobalObject.js
133635 silly gunzTarPerm modified mode [ '2018/GetGlobalObject.js', 420, 438 ]
133636 silly gunzTarPerm extractEntry 2019/GetGlobalObject.js
133637 silly gunzTarPerm modified mode [ '2019/GetGlobalObject.js', 420, 438 ]
133638 silly gunzTarPerm extractEntry features-json/gamepad.json
133639 silly gunzTarPerm modified mode [ 'features-json/gamepad.json', 420, 438 ]
133640 silly gunzTarPerm extractEntry region-usage-json/GB.json
133641 silly gunzTarPerm modified mode [ 'region-usage-json/GB.json', 420, 438 ]
133642 silly gunzTarPerm extractEntry data/regions/MK.js
133643 silly gunzTarPerm modified mode [ 'data/regions/MK.js', 420, 438 ]
133644 silly gunzTarPerm extractEntry data/regions/ML.js
133645 silly gunzTarPerm modified mode [ 'data/regions/ML.js', 420, 438 ]
133646 silly gunzTarPerm extractEntry modules/es6.object.freeze.js
133647 silly gunzTarPerm extractEntry library/modules/es6.object.get-own-property-descriptor.js
133648 silly gunzTarPerm extractEntry intersectionWith.js
133649 silly gunzTarPerm modified mode [ 'intersectionWith.js', 420, 438 ]
133650 silly gunzTarPerm extractEntry fp/invert.js
133651 silly gunzTarPerm modified mode [ 'fp/invert.js', 420, 438 ]
133652 silly gunzTarPerm extractEntry src/locale/zh-hk.js
133653 silly gunzTarPerm modified mode [ 'src/locale/zh-hk.js', 420, 438 ]
133654 silly gunzTarPerm extractEntry dist/locale/zh-mo.js
133655 silly gunzTarPerm modified mode [ 'dist/locale/zh-mo.js', 420, 438 ]
133656 silly gunzTarPerm extractEntry 2020/GetGlobalObject.js
133657 silly gunzTarPerm modified mode [ '2020/GetGlobalObject.js', 420, 438 ]
133658 silly gunzTarPerm extractEntry 2021/GetGlobalObject.js
133659 silly gunzTarPerm modified mode [ '2021/GetGlobalObject.js', 420, 438 ]
133660 silly gunzTarPerm extractEntry data/regions/MM.js
133661 silly gunzTarPerm modified mode [ 'data/regions/MM.js', 420, 438 ]
133662 silly gunzTarPerm extractEntry data/regions/MN.js
133663 silly gunzTarPerm modified mode [ 'data/regions/MN.js', 420, 438 ]
133664 silly gunzTarPerm extractEntry region-usage-json/GD.json
133665 silly gunzTarPerm modified mode [ 'region-usage-json/GD.json', 420, 438 ]
133666 silly gunzTarPerm extractEntry region-usage-json/GE.json
133667 silly gunzTarPerm modified mode [ 'region-usage-json/GE.json', 420, 438 ]
133668 silly gunzTarPerm extractEntry modules/es6.object.get-own-property-descriptor.js
133669 silly gunzTarPerm extractEntry library/modules/es6.object.get-own-property-names.js
133670 silly gunzTarPerm extractEntry locale/zh-mo.js
133671 silly gunzTarPerm modified mode [ 'locale/zh-mo.js', 420, 438 ]
133672 silly gunzTarPerm extractEntry src/locale/zh-mo.js
133673 silly gunzTarPerm modified mode [ 'src/locale/zh-mo.js', 420, 438 ]
133674 silly gunzTarPerm extractEntry invert.js
133675 silly gunzTarPerm modified mode [ 'invert.js', 420, 438 ]
133676 silly gunzTarPerm extractEntry fp/invertBy.js
133677 silly gunzTarPerm modified mode [ 'fp/invertBy.js', 420, 438 ]
133678 silly gunzTarPerm extractEntry 2022/GetGlobalObject.js
133679 silly gunzTarPerm modified mode [ '2022/GetGlobalObject.js', 420, 438 ]
133680 silly gunzTarPerm extractEntry 2023/GetGlobalObject.js
133681 silly gunzTarPerm modified mode [ '2023/GetGlobalObject.js', 420, 438 ]
133682 silly gunzTarPerm extractEntry features-json/geolocation.json
133683 silly gunzTarPerm modified mode [ 'features-json/geolocation.json', 420, 438 ]
133684 silly gunzTarPerm extractEntry data/regions/MO.js
133685 silly gunzTarPerm modified mode [ 'data/regions/MO.js', 420, 438 ]
133686 silly gunzTarPerm extractEntry data/regions/MP.js
133687 silly gunzTarPerm modified mode [ 'data/regions/MP.js', 420, 438 ]
133688 silly gunzTarPerm extractEntry modules/es6.object.get-own-property-names.js
133689 silly gunzTarPerm extractEntry library/modules/es6.object.get-prototype-of.js
133690 silly gunzTarPerm extractEntry features-json/getboundingclientrect.json
133691 silly gunzTarPerm modified mode [ 'features-json/getboundingclientrect.json', 420, 438 ]
133692 silly gunzTarPerm extractEntry dist/locale/zh-tw.js
133693 silly gunzTarPerm modified mode [ 'dist/locale/zh-tw.js', 420, 438 ]
133694 silly gunzTarPerm extractEntry locale/zh-tw.js
133695 silly gunzTarPerm modified mode [ 'locale/zh-tw.js', 420, 438 ]
133696 silly gunzTarPerm extractEntry invertBy.js
133697 silly gunzTarPerm modified mode [ 'invertBy.js', 420, 438 ]
133698 silly gunzTarPerm extractEntry fp/invertObj.js
133699 silly gunzTarPerm modified mode [ 'fp/invertObj.js', 420, 438 ]
133700 silly gunzTarPerm extractEntry 2024/GetGlobalObject.js
133701 silly gunzTarPerm modified mode [ '2024/GetGlobalObject.js', 420, 438 ]
133702 silly gunzTarPerm extractEntry helpers/getInferredName.js
133703 silly gunzTarPerm modified mode [ 'helpers/getInferredName.js', 420, 438 ]
133704 silly gunzTarPerm extractEntry features-json/getcomputedstyle.json
133705 silly gunzTarPerm modified mode [ 'features-json/getcomputedstyle.json', 420, 438 ]
133706 silly gunzTarPerm extractEntry features-json/getelementsbyclassname.json
133707 silly gunzTarPerm modified mode [ 'features-json/getelementsbyclassname.json', 420, 438 ]
133708 silly gunzTarPerm extractEntry features-json/getrandomvalues.json
133709 silly gunzTarPerm modified mode [ 'features-json/getrandomvalues.json', 420, 438 ]
133710 silly gunzTarPerm extractEntry data/features/mp3.js
133711 silly gunzTarPerm modified mode [ 'data/features/mp3.js', 420, 438 ]
133712 silly gunzTarPerm extractEntry data/features/mpeg-dash.js
133713 silly gunzTarPerm modified mode [ 'data/features/mpeg-dash.js', 420, 438 ]
133714 silly gunzTarPerm extractEntry modules/es6.object.get-prototype-of.js
133715 silly gunzTarPerm extractEntry library/modules/es6.object.is-extensible.js
133716 silly gunzTarPerm extractEntry region-usage-json/GF.json
133717 silly gunzTarPerm modified mode [ 'region-usage-json/GF.json', 420, 438 ]
133718 silly gunzTarPerm extractEntry fp/invoke.js
133719 silly gunzTarPerm modified mode [ 'fp/invoke.js', 420, 438 ]
133720 silly gunzTarPerm extractEntry invoke.js
133721 silly gunzTarPerm modified mode [ 'invoke.js', 420, 438 ]
133722 silly gunzTarPerm extractEntry region-usage-json/GG.json
133723 silly gunzTarPerm modified mode [ 'region-usage-json/GG.json', 420, 438 ]
133724 silly gunzTarPerm extractEntry src/locale/zh-tw.js
133725 silly gunzTarPerm modified mode [ 'src/locale/zh-tw.js', 420, 438 ]
133726 silly gunzTarPerm extractEntry package.json
133727 silly gunzTarPerm modified mode [ 'package.json', 420, 438 ]
133728 silly gunzTarPerm extractEntry region-usage-json/GH.json
133729 silly gunzTarPerm modified mode [ 'region-usage-json/GH.json', 420, 438 ]
133730 silly gunzTarPerm extractEntry GetIntrinsic.js
133731 silly gunzTarPerm modified mode [ 'GetIntrinsic.js', 420, 438 ]
133732 silly gunzTarPerm extractEntry 2015/GetIterator.js
133733 silly gunzTarPerm modified mode [ '2015/GetIterator.js', 420, 438 ]
133734 silly gunzTarPerm extractEntry data/features/mpeg4.js
133735 silly gunzTarPerm modified mode [ 'data/features/mpeg4.js', 420, 438 ]
133736 silly gunzTarPerm extractEntry data/regions/MQ.js
133737 silly gunzTarPerm modified mode [ 'data/regions/MQ.js', 420, 438 ]
133738 silly gunzTarPerm extractEntry region-usage-json/GI.json
133739 silly gunzTarPerm modified mode [ 'region-usage-json/GI.json', 420, 438 ]
133740 silly gunzTarPerm extractEntry modules/es6.object.is-extensible.js
133741 silly gunzTarPerm extractEntry library/modules/es6.object.is-frozen.js
133742 silly gunzTarPerm extractEntry fp/invokeArgs.js
133743 silly gunzTarPerm modified mode [ 'fp/invokeArgs.js', 420, 438 ]
133744 silly gunzTarPerm extractEntry fp/invokeArgsMap.js
133745 silly gunzTarPerm modified mode [ 'fp/invokeArgsMap.js', 420, 438 ]
133746 silly gunzTarPerm extractEntry region-usage-json/GL.json
133747 silly gunzTarPerm modified mode [ 'region-usage-json/GL.json', 420, 438 ]
133748 silly gunzTarPerm extractEntry min/locales.min.js.map
133749 silly gunzTarPerm modified mode [ 'min/locales.min.js.map', 420, 438 ]
133750 silly gunzTarPerm extractEntry region-usage-json/GM.json
133751 silly gunzTarPerm modified mode [ 'region-usage-json/GM.json', 420, 438 ]
133752 silly gunzTarPerm extractEntry min/moment-with-locales.min.js.map
133753 silly gunzTarPerm modified mode [ 'min/moment-with-locales.min.js.map', 420, 438 ]
133754 silly gunzTarPerm extractEntry region-usage-json/GN.json
133755 silly gunzTarPerm modified mode [ 'region-usage-json/GN.json', 420, 438 ]
133756 silly gunzTarPerm extractEntry 2016/GetIterator.js
133757 silly gunzTarPerm modified mode [ '2016/GetIterator.js', 420, 438 ]
133758 silly gunzTarPerm extractEntry 2017/GetIterator.js
133759 silly gunzTarPerm modified mode [ '2017/GetIterator.js', 420, 438 ]
133760 silly gunzTarPerm extractEntry data/regions/MR.js
133761 silly gunzTarPerm modified mode [ 'data/regions/MR.js', 420, 438 ]
133762 silly gunzTarPerm extractEntry data/regions/MS.js
133763 silly gunzTarPerm modified mode [ 'data/regions/MS.js', 420, 438 ]
133764 silly gunzTarPerm extractEntry region-usage-json/GP.json
133765 silly gunzTarPerm modified mode [ 'region-usage-json/GP.json', 420, 438 ]
133766 silly gunzTarPerm extractEntry fp/invokeMap.js
133767 silly gunzTarPerm modified mode [ 'fp/invokeMap.js', 420, 438 ]
133768 silly gunzTarPerm extractEntry invokeMap.js
133769 silly gunzTarPerm modified mode [ 'invokeMap.js', 420, 438 ]
133770 silly gunzTarPerm extractEntry modules/es6.object.is-frozen.js
133771 silly gunzTarPerm extractEntry library/modules/es6.object.is-sealed.js
133772 silly gunzTarPerm extractEntry region-usage-json/GQ.json
133773 silly gunzTarPerm modified mode [ 'region-usage-json/GQ.json', 420, 438 ]
133774 silly gunzTarPerm extractEntry min/moment.min.js.map
133775 silly gunzTarPerm modified mode [ 'min/moment.min.js.map', 420, 438 ]
133776 silly gunzTarPerm extractEntry region-usage-json/GR.json
133777 silly gunzTarPerm modified mode [ 'region-usage-json/GR.json', 420, 438 ]
133778 silly gunzTarPerm extractEntry region-usage-json/GT.json
133779 silly gunzTarPerm modified mode [ 'region-usage-json/GT.json', 420, 438 ]
133780 silly gunzTarPerm extractEntry 2018/GetIterator.js
133781 silly gunzTarPerm modified mode [ '2018/GetIterator.js', 420, 438 ]
133782 silly gunzTarPerm extractEntry 2019/GetIterator.js
133783 silly gunzTarPerm modified mode [ '2019/GetIterator.js', 420, 438 ]
133784 silly gunzTarPerm extractEntry data/regions/MT.js
133785 silly gunzTarPerm modified mode [ 'data/regions/MT.js', 420, 438 ]
133786 silly gunzTarPerm extractEntry data/regions/MU.js
133787 silly gunzTarPerm modified mode [ 'data/regions/MU.js', 420, 438 ]
133788 silly gunzTarPerm extractEntry fp/isArguments.js
133789 silly gunzTarPerm modified mode [ 'fp/isArguments.js', 420, 438 ]
133790 silly gunzTarPerm extractEntry isArguments.js
133791 silly gunzTarPerm modified mode [ 'isArguments.js', 420, 438 ]
133792 silly gunzTarPerm extractEntry region-usage-json/GU.json
133793 silly gunzTarPerm modified mode [ 'region-usage-json/GU.json', 420, 438 ]
133794 silly gunzTarPerm extractEntry modules/es6.object.is-sealed.js
133795 silly gunzTarPerm extractEntry library/modules/es6.object.is.js
133796 silly gunzTarPerm extractEntry region-usage-json/GW.json
133797 silly gunzTarPerm modified mode [ 'region-usage-json/GW.json', 420, 438 ]
133798 silly gunzTarPerm extractEntry CHANGELOG.md
133799 silly gunzTarPerm modified mode [ 'CHANGELOG.md', 420, 438 ]
133800 silly gunzTarPerm extractEntry region-usage-json/GY.json
133801 silly gunzTarPerm modified mode [ 'region-usage-json/GY.json', 420, 438 ]
133802 silly gunzTarPerm extractEntry features-json/gyroscope.json
133803 silly gunzTarPerm modified mode [ 'features-json/gyroscope.json', 420, 438 ]
133804 silly gunzTarPerm extractEntry 2020/GetIterator.js
133805 silly gunzTarPerm modified mode [ '2020/GetIterator.js', 420, 438 ]
133806 silly gunzTarPerm extractEntry 2021/GetIterator.js
133807 silly gunzTarPerm modified mode [ '2021/GetIterator.js', 420, 438 ]
133808 silly gunzTarPerm extractEntry data/features/multibackgrounds.js
133809 silly gunzTarPerm modified mode [ 'data/features/multibackgrounds.js', 420, 438 ]
133810 silly gunzTarPerm extractEntry data/features/multicolumn.js
133811 silly gunzTarPerm modified mode [ 'data/features/multicolumn.js', 420, 438 ]
133812 silly gunzTarPerm extractEntry fp/isArray.js
133813 silly gunzTarPerm modified mode [ 'fp/isArray.js', 420, 438 ]
133814 silly gunzTarPerm extractEntry isArray.js
133815 silly gunzTarPerm modified mode [ 'isArray.js', 420, 438 ]
133816 silly gunzTarPerm extractEntry features-json/hardwareconcurrency.json
133817 silly gunzTarPerm modified mode [ 'features-json/hardwareconcurrency.json', 420, 438 ]
133818 silly gunzTarPerm extractEntry modules/es6.object.is.js
133819 silly gunzTarPerm extractEntry library/modules/es6.object.keys.js
133820 silly gunzTarPerm extractEntry features-json/hashchange.json
133821 silly gunzTarPerm modified mode [ 'features-json/hashchange.json', 420, 438 ]
133822 silly gunzTarPerm extractEntry README.md
133823 silly gunzTarPerm modified mode [ 'README.md', 420, 438 ]
133824 silly gunzTarPerm extractEntry moment.d.ts
133825 silly gunzTarPerm modified mode [ 'moment.d.ts', 420, 438 ]
133826 silly gunzTarPerm extractEntry features-json/heif.json
133827 silly gunzTarPerm modified mode [ 'features-json/heif.json', 420, 438 ]
133828 silly gunzTarPerm extractEntry features-json/hevc.json
133829 silly gunzTarPerm modified mode [ 'features-json/hevc.json', 420, 438 ]
133830 silly gunzTarPerm extractEntry 2022/GetIterator.js
133831 silly gunzTarPerm modified mode [ '2022/GetIterator.js', 420, 438 ]
133832 silly gunzTarPerm extractEntry 2023/GetIterator.js
133833 silly gunzTarPerm modified mode [ '2023/GetIterator.js', 420, 438 ]
133834 silly gunzTarPerm extractEntry data/features/mutation-events.js
133835 silly gunzTarPerm modified mode [ 'data/features/mutation-events.js', 420, 438 ]
133836 silly gunzTarPerm extractEntry data/features/mutationobserver.js
133837 silly gunzTarPerm modified mode [ 'data/features/mutationobserver.js', 420, 438 ]
133838 silly gunzTarPerm extractEntry fp/isArrayBuffer.js
133839 silly gunzTarPerm modified mode [ 'fp/isArrayBuffer.js', 420, 438 ]
133840 silly gunzTarPerm extractEntry isArrayBuffer.js
133841 silly gunzTarPerm modified mode [ 'isArrayBuffer.js', 420, 438 ]
133842 silly gunzTarPerm extractEntry features-json/hidden.json
133843 silly gunzTarPerm modified mode [ 'features-json/hidden.json', 420, 438 ]
133844 silly gunzTarPerm extractEntry features-json/high-resolution-time.json
133845 silly gunzTarPerm modified mode [ 'features-json/high-resolution-time.json', 420, 438 ]
133846 silly gunzTarPerm extractEntry modules/es6.object.keys.js
133847 silly gunzTarPerm extractEntry library/modules/es6.object.prevent-extensions.js
133848 silly gunzTarPerm extractEntry ts3.1-typings/moment.d.ts
133849 silly gunzTarPerm modified mode [ 'ts3.1-typings/moment.d.ts', 420, 438 ]
133850 silly gunzTarPerm extractEntry features-json/history.json
133851 silly gunzTarPerm modified mode [ 'features-json/history.json', 420, 438 ]
133852 silly gunzTarPerm extractEntry region-usage-json/HK.json
133853 silly gunzTarPerm modified mode [ 'region-usage-json/HK.json', 420, 438 ]
133854 silly gunzTarPerm extractEntry 2024/GetIterator.js
133855 silly gunzTarPerm modified mode [ '2024/GetIterator.js', 420, 438 ]
133856 silly gunzTarPerm extractEntry 2023/GetIteratorFromMethod.js
133857 silly gunzTarPerm modified mode [ '2023/GetIteratorFromMethod.js', 420, 438 ]
133858 silly gunzTarPerm extractEntry fp/isArrayLike.js
133859 silly gunzTarPerm modified mode [ 'fp/isArrayLike.js', 420, 438 ]
133860 silly gunzTarPerm extractEntry isArrayLike.js
133861 silly gunzTarPerm modified mode [ 'isArrayLike.js', 420, 438 ]
133862 silly gunzTarPerm extractEntry data/regions/MV.js
133863 silly gunzTarPerm modified mode [ 'data/regions/MV.js', 420, 438 ]
133864 silly gunzTarPerm extractEntry data/regions/MW.js
133865 silly gunzTarPerm modified mode [ 'data/regions/MW.js', 420, 438 ]
133866 silly gunzTarPerm extractEntry region-usage-json/HN.json
133867 silly gunzTarPerm modified mode [ 'region-usage-json/HN.json', 420, 438 ]
133868 silly gunzTarPerm extractEntry region-usage-json/HR.json
133869 silly gunzTarPerm modified mode [ 'region-usage-json/HR.json', 420, 438 ]
133870 silly gunzTarPerm extractEntry modules/es6.object.prevent-extensions.js
133871 silly gunzTarPerm extractEntry library/modules/es6.object.seal.js
133872 silly gunzTarPerm extractEntry region-usage-json/HT.json
133873 silly gunzTarPerm modified mode [ 'region-usage-json/HT.json', 420, 438 ]
133874 silly gunzTarPerm extractEntry fp/isArrayLikeObject.js
133875 silly gunzTarPerm modified mode [ 'fp/isArrayLikeObject.js', 420, 438 ]
133876 silly gunzTarPerm extractEntry isArrayLikeObject.js
133877 silly gunzTarPerm modified mode [ 'isArrayLikeObject.js', 420, 438 ]
133878 silly gunzTarPerm extractEntry features-json/html-media-capture.json
133879 silly gunzTarPerm modified mode [ 'features-json/html-media-capture.json', 420, 438 ]
133880 silly gunzTarPerm extractEntry 2024/GetIteratorFromMethod.js
133881 silly gunzTarPerm modified mode [ '2024/GetIteratorFromMethod.js', 420, 438 ]
133882 silly gunzTarPerm extractEntry helpers/getIteratorMethod.js
133883 silly gunzTarPerm modified mode [ 'helpers/getIteratorMethod.js', 420, 438 ]
133884 silly gunzTarPerm extractEntry data/regions/MX.js
133885 silly gunzTarPerm modified mode [ 'data/regions/MX.js', 420, 438 ]
133886 silly gunzTarPerm extractEntry data/regions/MY.js
133887 silly gunzTarPerm modified mode [ 'data/regions/MY.js', 420, 438 ]
133888 silly gunzTarPerm extractEntry features-json/html5semantic.json
133889 silly gunzTarPerm modified mode [ 'features-json/html5semantic.json', 420, 438 ]
133890 silly gunzTarPerm extractEntry features-json/http-live-streaming.json
133891 silly gunzTarPerm modified mode [ 'features-json/http-live-streaming.json', 420, 438 ]
133892 silly gunzTarPerm extractEntry modules/es6.object.seal.js
133893 silly gunzTarPerm extractEntry library/modules/es6.object.set-prototype-of.js
133894 silly gunzTarPerm extractEntry features-json/http2.json
133895 silly gunzTarPerm modified mode [ 'features-json/http2.json', 420, 438 ]
133896 silly gunzTarPerm extractEntry fp/isBoolean.js
133897 silly gunzTarPerm modified mode [ 'fp/isBoolean.js', 420, 438 ]
133898 silly gunzTarPerm extractEntry isBoolean.js
133899 silly gunzTarPerm modified mode [ 'isBoolean.js', 420, 438 ]
133900 silly gunzTarPerm extractEntry features-json/http3.json
133901 silly gunzTarPerm modified mode [ 'features-json/http3.json', 420, 438 ]
133902 silly gunzTarPerm extractEntry 2022/GetMatchIndexPair.js
133903 silly gunzTarPerm modified mode [ '2022/GetMatchIndexPair.js', 420, 438 ]
133904 silly gunzTarPerm extractEntry 2023/GetMatchIndexPair.js
133905 silly gunzTarPerm modified mode [ '2023/GetMatchIndexPair.js', 420, 438 ]
133906 silly gunzTarPerm extractEntry data/regions/MZ.js
133907 silly gunzTarPerm modified mode [ 'data/regions/MZ.js', 420, 438 ]
133908 silly gunzTarPerm extractEntry data/regions/NA.js
133909 silly gunzTarPerm modified mode [ 'data/regions/NA.js', 420, 438 ]
133910 silly gunzTarPerm extractEntry region-usage-json/HU.json
133911 silly gunzTarPerm modified mode [ 'region-usage-json/HU.json', 420, 438 ]
133912 silly gunzTarPerm extractEntry region-usage-json/ID.json
133913 silly gunzTarPerm modified mode [ 'region-usage-json/ID.json', 420, 438 ]
133914 silly gunzTarPerm extractEntry modules/es6.object.set-prototype-of.js
133915 silly gunzTarPerm extractEntry library/modules/es6.object.to-string.js
133916 silly gunzTarPerm extractEntry region-usage-json/IE.json
133917 silly gunzTarPerm modified mode [ 'region-usage-json/IE.json', 420, 438 ]
133918 silly gunzTarPerm extractEntry fp/isBuffer.js
133919 silly gunzTarPerm modified mode [ 'fp/isBuffer.js', 420, 438 ]
133920 silly gunzTarPerm extractEntry isBuffer.js
133921 silly gunzTarPerm modified mode [ 'isBuffer.js', 420, 438 ]
133922 silly gunzTarPerm extractEntry features-json/iframe-sandbox.json
133923 silly gunzTarPerm modified mode [ 'features-json/iframe-sandbox.json', 420, 438 ]
133924 silly gunzTarPerm extractEntry 2024/GetMatchIndexPair.js
133925 silly gunzTarPerm modified mode [ '2024/GetMatchIndexPair.js', 420, 438 ]
133926 silly gunzTarPerm extractEntry 2022/GetMatchString.js
133927 silly gunzTarPerm modified mode [ '2022/GetMatchString.js', 420, 438 ]
133928 silly gunzTarPerm extractEntry data/features/namevalue-storage.js
133929 silly gunzTarPerm modified mode [ 'data/features/namevalue-storage.js', 420, 438 ]
133930 silly gunzTarPerm extractEntry data/features/native-filesystem-api.js
133931 silly gunzTarPerm modified mode [ 'data/features/native-filesystem-api.js', 420, 438 ]
133932 silly gunzTarPerm extractEntry features-json/iframe-seamless.json
133933 silly gunzTarPerm modified mode [ 'features-json/iframe-seamless.json', 420, 438 ]
133934 silly gunzTarPerm extractEntry features-json/iframe-srcdoc.json
133935 silly gunzTarPerm modified mode [ 'features-json/iframe-srcdoc.json', 420, 438 ]
133936 silly gunzTarPerm extractEntry modules/es6.object.to-string.js
133937 silly gunzTarPerm extractEntry modules/library/es6.object.to-string.js
133938 silly gunzTarPerm extractEntry fp/isDate.js
133939 silly gunzTarPerm modified mode [ 'fp/isDate.js', 420, 438 ]
133940 silly gunzTarPerm extractEntry isDate.js
133941 silly gunzTarPerm modified mode [ 'isDate.js', 420, 438 ]
133942 silly gunzTarPerm extractEntry region-usage-json/IL.json
133943 silly gunzTarPerm modified mode [ 'region-usage-json/IL.json', 420, 438 ]
133944 silly gunzTarPerm extractEntry region-usage-json/IM.json
133945 silly gunzTarPerm modified mode [ 'region-usage-json/IM.json', 420, 438 ]
133946 silly gunzTarPerm extractEntry 2023/GetMatchString.js
133947 silly gunzTarPerm modified mode [ '2023/GetMatchString.js', 420, 438 ]
133948 silly gunzTarPerm extractEntry 2024/GetMatchString.js
133949 silly gunzTarPerm modified mode [ '2024/GetMatchString.js', 420, 438 ]
133950 silly gunzTarPerm extractEntry data/features/nav-timing.js
133951 silly gunzTarPerm modified mode [ 'data/features/nav-timing.js', 420, 438 ]
133952 silly gunzTarPerm extractEntry data/regions/NC.js
133953 silly gunzTarPerm modified mode [ 'data/regions/NC.js', 420, 438 ]
133954 silly gunzTarPerm extractEntry features-json/imagecapture.json
133955 silly gunzTarPerm modified mode [ 'features-json/imagecapture.json', 420, 438 ]
133956 silly gunzTarPerm extractEntry features-json/ime.json
133957 silly gunzTarPerm modified mode [ 'features-json/ime.json', 420, 438 ]
133958 silly gunzTarPerm extractEntry fp/isElement.js
133959 silly gunzTarPerm modified mode [ 'fp/isElement.js', 420, 438 ]
133960 silly gunzTarPerm extractEntry isElement.js
133961 silly gunzTarPerm modified mode [ 'isElement.js', 420, 438 ]
133962 silly gunzTarPerm extractEntry features-json/img-naturalwidth-naturalheight.json
133963 silly gunzTarPerm modified mode [ 'features-json/img-naturalwidth-naturalheight.json', 420, 438 ]
133964 silly gunzTarPerm extractEntry library/modules/es6.parse-float.js
133965 silly gunzTarPerm extractEntry modules/es6.parse-float.js
133966 silly gunzTarPerm extractEntry features-json/import-maps.json
133967 silly gunzTarPerm modified mode [ 'features-json/import-maps.json', 420, 438 ]
133968 silly gunzTarPerm extractEntry 2015/GetMethod.js
133969 silly gunzTarPerm modified mode [ '2015/GetMethod.js', 420, 438 ]
133970 silly gunzTarPerm extractEntry 2016/GetMethod.js
133971 silly gunzTarPerm modified mode [ '2016/GetMethod.js', 420, 438 ]
133972 silly gunzTarPerm extractEntry data/regions/NE.js
133973 silly gunzTarPerm modified mode [ 'data/regions/NE.js', 420, 438 ]
133974 silly gunzTarPerm extractEntry data/features/netinfo.js
133975 silly gunzTarPerm modified mode [ 'data/features/netinfo.js', 420, 438 ]
133976 silly gunzTarPerm extractEntry features-json/imports.json
133977 silly gunzTarPerm modified mode [ 'features-json/imports.json', 420, 438 ]
133978 silly gunzTarPerm extractEntry region-usage-json/IN.json
133979 silly gunzTarPerm modified mode [ 'region-usage-json/IN.json', 420, 438 ]
133980 silly gunzTarPerm extractEntry fp/isEmpty.js
133981 silly gunzTarPerm modified mode [ 'fp/isEmpty.js', 420, 438 ]
133982 silly gunzTarPerm extractEntry isEmpty.js
133983 silly gunzTarPerm modified mode [ 'isEmpty.js', 420, 438 ]
133984 silly gunzTarPerm extractEntry features-json/indeterminate-checkbox.json
133985 silly gunzTarPerm modified mode [ 'features-json/indeterminate-checkbox.json', 420, 438 ]
133986 silly gunzTarPerm extractEntry library/modules/es6.parse-int.js
133987 silly gunzTarPerm extractEntry modules/es6.parse-int.js
133988 silly gunzTarPerm extractEntry features-json/indexeddb.json
133989 silly gunzTarPerm modified mode [ 'features-json/indexeddb.json', 420, 438 ]
133990 silly gunzTarPerm extractEntry 2017/GetMethod.js
133991 silly gunzTarPerm modified mode [ '2017/GetMethod.js', 420, 438 ]
133992 silly gunzTarPerm extractEntry 2018/GetMethod.js
133993 silly gunzTarPerm modified mode [ '2018/GetMethod.js', 420, 438 ]
133994 silly gunzTarPerm extractEntry data/regions/NF.js
133995 silly gunzTarPerm modified mode [ 'data/regions/NF.js', 420, 438 ]
133996 silly gunzTarPerm extractEntry data/regions/NG.js
133997 silly gunzTarPerm modified mode [ 'data/regions/NG.js', 420, 438 ]
133998 silly gunzTarPerm extractEntry features-json/indexeddb2.json
133999 silly gunzTarPerm modified mode [ 'features-json/indexeddb2.json', 420, 438 ]
134000 silly gunzTarPerm extractEntry features-json/inline-block.json
134001 silly gunzTarPerm modified mode [ 'features-json/inline-block.json', 420, 438 ]
134002 silly gunzTarPerm extractEntry fp/isEqual.js
134003 silly gunzTarPerm modified mode [ 'fp/isEqual.js', 420, 438 ]
134004 silly gunzTarPerm extractEntry isEqual.js
134005 silly gunzTarPerm modified mode [ 'isEqual.js', 420, 438 ]
134006 silly gunzTarPerm extractEntry features-json/innertext.json
134007 silly gunzTarPerm modified mode [ 'features-json/innertext.json', 420, 438 ]
134008 silly gunzTarPerm extractEntry library/modules/es6.promise.js
134009 silly gunzTarPerm extractEntry modules/es6.promise.js
134010 silly gunzTarPerm extractEntry features-json/input-autocomplete-onoff.json
134011 silly gunzTarPerm modified mode [ 'features-json/input-autocomplete-onoff.json', 420, 438 ]
134012 silly gunzTarPerm extractEntry 2019/GetMethod.js
134013 silly gunzTarPerm modified mode [ '2019/GetMethod.js', 420, 438 ]
134014 silly gunzTarPerm extractEntry 2020/GetMethod.js
134015 silly gunzTarPerm modified mode [ '2020/GetMethod.js', 420, 438 ]
134016 silly gunzTarPerm extractEntry data/regions/NI.js
134017 silly gunzTarPerm modified mode [ 'data/regions/NI.js', 420, 438 ]
134018 silly gunzTarPerm extractEntry data/regions/NL.js
134019 silly gunzTarPerm modified mode [ 'data/regions/NL.js', 420, 438 ]
134020 silly gunzTarPerm extractEntry features-json/input-color.json
134021 silly gunzTarPerm modified mode [ 'features-json/input-color.json', 420, 438 ]
134022 silly gunzTarPerm extractEntry fp/isEqualWith.js
134023 silly gunzTarPerm modified mode [ 'fp/isEqualWith.js', 420, 438 ]
134024 silly gunzTarPerm extractEntry isEqualWith.js
134025 silly gunzTarPerm modified mode [ 'isEqualWith.js', 420, 438 ]
134026 silly gunzTarPerm extractEntry features-json/input-datetime.json
134027 silly gunzTarPerm modified mode [ 'features-json/input-datetime.json', 420, 438 ]
134028 silly gunzTarPerm extractEntry library/modules/es6.reflect.apply.js
134029 silly gunzTarPerm extractEntry modules/es6.reflect.apply.js
134030 silly gunzTarPerm extractEntry features-json/input-email-tel-url.json
134031 silly gunzTarPerm modified mode [ 'features-json/input-email-tel-url.json', 420, 438 ]
134032 silly gunzTarPerm extractEntry features-json/input-event.json
134033 silly gunzTarPerm modified mode [ 'features-json/input-event.json', 420, 438 ]
134034 silly gunzTarPerm extractEntry 2021/GetMethod.js
134035 silly gunzTarPerm modified mode [ '2021/GetMethod.js', 420, 438 ]
134036 silly gunzTarPerm extractEntry 2022/GetMethod.js
134037 silly gunzTarPerm modified mode [ '2022/GetMethod.js', 420, 438 ]
134038 silly gunzTarPerm extractEntry data/regions/NO.js
134039 silly gunzTarPerm modified mode [ 'data/regions/NO.js', 420, 438 ]
134040 silly gunzTarPerm extractEntry data/features/notifications.js
134041 silly gunzTarPerm modified mode [ 'data/features/notifications.js', 420, 438 ]
134042 silly gunzTarPerm extractEntry features-json/input-file-accept.json
134043 silly gunzTarPerm modified mode [ 'features-json/input-file-accept.json', 420, 438 ]
134044 silly gunzTarPerm extractEntry fp/isError.js
134045 silly gunzTarPerm modified mode [ 'fp/isError.js', 420, 438 ]
134046 silly gunzTarPerm extractEntry isError.js
134047 silly gunzTarPerm modified mode [ 'isError.js', 420, 438 ]
134048 silly gunzTarPerm extractEntry features-json/input-file-directory.json
134049 silly gunzTarPerm modified mode [ 'features-json/input-file-directory.json', 420, 438 ]
134050 silly gunzTarPerm extractEntry library/modules/es6.reflect.construct.js
134051 silly gunzTarPerm extractEntry modules/es6.reflect.construct.js
134052 silly gunzTarPerm extractEntry features-json/input-file-multiple.json
134053 silly gunzTarPerm modified mode [ 'features-json/input-file-multiple.json', 420, 438 ]
134054 silly gunzTarPerm extractEntry features-json/input-inputmode.json
134055 silly gunzTarPerm modified mode [ 'features-json/input-inputmode.json', 420, 438 ]
134056 silly gunzTarPerm extractEntry 2023/GetMethod.js
134057 silly gunzTarPerm modified mode [ '2023/GetMethod.js', 420, 438 ]
134058 silly gunzTarPerm extractEntry 2024/GetMethod.js
134059 silly gunzTarPerm modified mode [ '2024/GetMethod.js', 420, 438 ]
134060 silly gunzTarPerm extractEntry data/regions/NP.js
134061 silly gunzTarPerm modified mode [ 'data/regions/NP.js', 420, 438 ]
134062 silly gunzTarPerm extractEntry data/regions/NR.js
134063 silly gunzTarPerm modified mode [ 'data/regions/NR.js', 420, 438 ]
134064 silly gentlyRm C:\Users\Dell\Documents\INV\inventory\node_modules\.staging\webpack-6807d5bc\node_modules is being purged
134065 verbose gentlyRm don't care about contents; nuking C:\Users\Dell\Documents\INV\inventory\node_modules\.staging\webpack-6807d5bc\node_modules
134066 silly gunzTarPerm extractEntry features-json/input-minlength.json
134067 silly gunzTarPerm modified mode [ 'features-json/input-minlength.json', 420, 438 ]
134068 silly gunzTarPerm extractEntry fp/isFinite.js
134069 silly gunzTarPerm modified mode [ 'fp/isFinite.js', 420, 438 ]
134070 silly gunzTarPerm extractEntry isFinite.js
134071 silly gunzTarPerm modified mode [ 'isFinite.js', 420, 438 ]
134072 silly gunzTarPerm extractEntry library/modules/es6.reflect.define-property.js
134073 silly gunzTarPerm extractEntry modules/es6.reflect.define-property.js
134074 silly gunzTarPerm extractEntry features-json/input-number.json
134075 silly gunzTarPerm modified mode [ 'features-json/input-number.json', 420, 438 ]
134076 silly gunzTarPerm extractEntry features-json/input-pattern.json
134077 silly gunzTarPerm modified mode [ 'features-json/input-pattern.json', 420, 438 ]
134078 silly gunzTarPerm extractEntry features-json/input-placeholder.json
134079 silly gunzTarPerm modified mode [ 'features-json/input-placeholder.json', 420, 438 ]
134080 silly gunzTarPerm extractEntry helpers/getOwnPropertyDescriptor.js
134081 silly gunzTarPerm modified mode [ 'helpers/getOwnPropertyDescriptor.js', 420, 438 ]
134082 silly gunzTarPerm extractEntry 2015/GetOwnPropertyKeys.js
134083 silly gunzTarPerm modified mode [ '2015/GetOwnPropertyKeys.js', 420, 438 ]
134084 silly gunzTarPerm extractEntry data/regions/NU.js
134085 silly gunzTarPerm modified mode [ 'data/regions/NU.js', 420, 438 ]
134086 silly gunzTarPerm extractEntry data/regions/NZ.js
134087 silly gunzTarPerm modified mode [ 'data/regions/NZ.js', 420, 438 ]
134088 silly gunzTarPerm extractEntry features-json/input-range.json
134089 silly gunzTarPerm modified mode [ 'features-json/input-range.json', 420, 438 ]
134090 silly gunzTarPerm extractEntry library/modules/es6.reflect.delete-property.js
134091 silly gunzTarPerm extractEntry modules/es6.reflect.delete-property.js
134092 silly gunzTarPerm extractEntry fp/isFunction.js
134093 silly gunzTarPerm modified mode [ 'fp/isFunction.js', 420, 438 ]
134094 silly gunzTarPerm extractEntry isFunction.js
134095 silly gunzTarPerm modified mode [ 'isFunction.js', 420, 438 ]
134096 silly gunzTarPerm extractEntry features-json/input-search.json
134097 silly gunzTarPerm modified mode [ 'features-json/input-search.json', 420, 438 ]
134098 silly gunzTarPerm extractEntry features-json/input-selection.json
134099 silly gunzTarPerm modified mode [ 'features-json/input-selection.json', 420, 438 ]
134100 silly gunzTarPerm extractEntry 2016/GetOwnPropertyKeys.js
134101 silly gunzTarPerm modified mode [ '2016/GetOwnPropertyKeys.js', 420, 438 ]
134102 silly gunzTarPerm extractEntry 2017/GetOwnPropertyKeys.js
134103 silly gunzTarPerm modified mode [ '2017/GetOwnPropertyKeys.js', 420, 438 ]
134104 silly gunzTarPerm extractEntry features-json/insert-adjacent.json
134105 silly gunzTarPerm modified mode [ 'features-json/insert-adjacent.json', 420, 438 ]
134106 silly gunzTarPerm extractEntry data/features/object-entries.js
134107 silly gunzTarPerm modified mode [ 'data/features/object-entries.js', 420, 438 ]
134108 silly gunzTarPerm extractEntry data/features/object-fit.js
134109 silly gunzTarPerm modified mode [ 'data/features/object-fit.js', 420, 438 ]
134110 silly gunzTarPerm extractEntry library/modules/es6.reflect.enumerate.js
134111 silly gunzTarPerm extractEntry modules/es6.reflect.enumerate.js
134112 silly gunzTarPerm extractEntry features-json/insertadjacenthtml.json
134113 silly gunzTarPerm modified mode [ 'features-json/insertadjacenthtml.json', 420, 438 ]
134114 silly gunzTarPerm extractEntry fp/isInteger.js
134115 silly gunzTarPerm modified mode [ 'fp/isInteger.js', 420, 438 ]
134116 silly gunzTarPerm extractEntry isInteger.js
134117 silly gunzTarPerm modified mode [ 'isInteger.js', 420, 438 ]
134118 silly gunzTarPerm extractEntry features-json/internationalization.json
134119 silly gunzTarPerm modified mode [ 'features-json/internationalization.json', 420, 438 ]
134120 silly gunzTarPerm extractEntry features-json/intersectionobserver-v2.json
134121 silly gunzTarPerm modified mode [ 'features-json/intersectionobserver-v2.json', 420, 438 ]
134122 silly gunzTarPerm extractEntry 2018/GetOwnPropertyKeys.js
134123 silly gunzTarPerm modified mode [ '2018/GetOwnPropertyKeys.js', 420, 438 ]
134124 silly gunzTarPerm extractEntry 2019/GetOwnPropertyKeys.js
134125 silly gunzTarPerm modified mode [ '2019/GetOwnPropertyKeys.js', 420, 438 ]
134126 silly gunzTarPerm extractEntry library/modules/es6.reflect.get-own-property-descriptor.js
134127 silly gunzTarPerm extractEntry modules/es6.reflect.get-own-property-descriptor.js
134128 silly gunzTarPerm extractEntry features-json/intersectionobserver.json
134129 silly gunzTarPerm modified mode [ 'features-json/intersectionobserver.json', 420, 438 ]
134130 silly gunzTarPerm extractEntry data/features/object-observe.js
134131 silly gunzTarPerm modified mode [ 'data/features/object-observe.js', 420, 438 ]
134132 silly gunzTarPerm extractEntry data/features/object-values.js
134133 silly gunzTarPerm modified mode [ 'data/features/object-values.js', 420, 438 ]
134134 silly gunzTarPerm extractEntry features-json/intl-pluralrules.json
134135 silly gunzTarPerm modified mode [ 'features-json/intl-pluralrules.json', 420, 438 ]
134136 silly gunzTarPerm extractEntry fp/isLength.js
134137 silly gunzTarPerm modified mode [ 'fp/isLength.js', 420, 438 ]
134138 silly gunzTarPerm extractEntry isLength.js
134139 silly gunzTarPerm modified mode [ 'isLength.js', 420, 438 ]
134140 silly gunzTarPerm extractEntry features-json/intrinsic-width.json
134141 silly gunzTarPerm modified mode [ 'features-json/intrinsic-width.json', 420, 438 ]
134142 silly gunzTarPerm extractEntry library/modules/es6.reflect.get-prototype-of.js
134143 silly gunzTarPerm extractEntry modules/es6.reflect.get-prototype-of.js
134144 silly gunzTarPerm extractEntry region-usage-json/IQ.json
134145 silly gunzTarPerm modified mode [ 'region-usage-json/IQ.json', 420, 438 ]
134146 silly gunzTarPerm extractEntry 2020/GetOwnPropertyKeys.js
134147 silly gunzTarPerm modified mode [ '2020/GetOwnPropertyKeys.js', 420, 438 ]
134148 silly gunzTarPerm extractEntry 2021/GetOwnPropertyKeys.js
134149 silly gunzTarPerm modified mode [ '2021/GetOwnPropertyKeys.js', 420, 438 ]
134150 silly gunzTarPerm extractEntry region-usage-json/IR.json
134151 silly gunzTarPerm modified mode [ 'region-usage-json/IR.json', 420, 438 ]
134152 silly gunzTarPerm extractEntry data/features/objectrtc.js
134153 silly gunzTarPerm modified mode [ 'data/features/objectrtc.js', 420, 438 ]
134154 silly gunzTarPerm extractEntry data/features/offline-apps.js
134155 silly gunzTarPerm modified mode [ 'data/features/offline-apps.js', 420, 438 ]
134156 silly gunzTarPerm extractEntry fp/isMap.js
134157 silly gunzTarPerm modified mode [ 'fp/isMap.js', 420, 438 ]
134158 silly gunzTarPerm extractEntry isMap.js
134159 silly gunzTarPerm modified mode [ 'isMap.js', 420, 438 ]
134160 silly gunzTarPerm extractEntry region-usage-json/IS.json
134161 silly gunzTarPerm modified mode [ 'region-usage-json/IS.json', 420, 438 ]
134162 silly gunzTarPerm extractEntry region-usage-json/IT.json
134163 silly gunzTarPerm modified mode [ 'region-usage-json/IT.json', 420, 438 ]
134164 silly gunzTarPerm extractEntry library/modules/es6.reflect.get.js
134165 silly gunzTarPerm extractEntry modules/es6.reflect.get.js
134166 silly gunzTarPerm extractEntry region-usage-json/JE.json
134167 silly gunzTarPerm modified mode [ 'region-usage-json/JE.json', 420, 438 ]
134168 silly gunzTarPerm extractEntry 2022/GetOwnPropertyKeys.js
134169 silly gunzTarPerm modified mode [ '2022/GetOwnPropertyKeys.js', 420, 438 ]
134170 silly gunzTarPerm extractEntry 2023/GetOwnPropertyKeys.js
134171 silly gunzTarPerm modified mode [ '2023/GetOwnPropertyKeys.js', 420, 438 ]
134172 silly gunzTarPerm extractEntry region-usage-json/JM.json
134173 silly gunzTarPerm modified mode [ 'region-usage-json/JM.json', 420, 438 ]
134174 silly gunzTarPerm extractEntry data/features/offscreencanvas.js
134175 silly gunzTarPerm modified mode [ 'data/features/offscreencanvas.js', 420, 438 ]
134176 silly gunzTarPerm extractEntry data/features/ogg-vorbis.js
134177 silly gunzTarPerm modified mode [ 'data/features/ogg-vorbis.js', 420, 438 ]
134178 silly gunzTarPerm extractEntry fp/isMatch.js
134179 silly gunzTarPerm modified mode [ 'fp/isMatch.js', 420, 438 ]
134180 silly gunzTarPerm extractEntry isMatch.js
134181 silly gunzTarPerm modified mode [ 'isMatch.js', 420, 438 ]
134182 silly gunzTarPerm extractEntry region-usage-json/JO.json
134183 silly gunzTarPerm modified mode [ 'region-usage-json/JO.json', 420, 438 ]
134184 silly gunzTarPerm extractEntry region-usage-json/JP.json
134185 silly gunzTarPerm modified mode [ 'region-usage-json/JP.json', 420, 438 ]
134186 silly gunzTarPerm extractEntry features-json/jpeg2000.json
134187 silly gunzTarPerm modified mode [ 'features-json/jpeg2000.json', 420, 438 ]
134188 silly gunzTarPerm extractEntry library/modules/es6.reflect.has.js
134189 silly gunzTarPerm extractEntry modules/es6.reflect.has.js
134190 silly gunzTarPerm extractEntry features-json/jpegxl.json
134191 silly gunzTarPerm modified mode [ 'features-json/jpegxl.json', 420, 438 ]
134192 silly gunzTarPerm extractEntry 2024/GetOwnPropertyKeys.js
134193 silly gunzTarPerm modified mode [ '2024/GetOwnPropertyKeys.js', 420, 438 ]
134194 silly gunzTarPerm extractEntry 2021/GetPromiseResolve.js
134195 silly gunzTarPerm modified mode [ '2021/GetPromiseResolve.js', 420, 438 ]
134196 silly gunzTarPerm extractEntry data/features/ogv.js
134197 silly gunzTarPerm modified mode [ 'data/features/ogv.js', 420, 438 ]
134198 silly gunzTarPerm extractEntry data/features/ol-reversed.js
134199 silly gunzTarPerm modified mode [ 'data/features/ol-reversed.js', 420, 438 ]
134200 silly gunzTarPerm extractEntry fp/isMatchWith.js
134201 silly gunzTarPerm modified mode [ 'fp/isMatchWith.js', 420, 438 ]
134202 silly gunzTarPerm extractEntry isMatchWith.js
134203 silly gunzTarPerm modified mode [ 'isMatchWith.js', 420, 438 ]
134204 silly gunzTarPerm extractEntry features-json/jpegxr.json
134205 silly gunzTarPerm modified mode [ 'features-json/jpegxr.json', 420, 438 ]
134206 silly gunzTarPerm extractEntry features-json/js-regexp-lookbehind.json
134207 silly gunzTarPerm modified mode [ 'features-json/js-regexp-lookbehind.json', 420, 438 ]
134208 silly gunzTarPerm extractEntry features-json/json.json
134209 silly gunzTarPerm modified mode [ 'features-json/json.json', 420, 438 ]
134210 silly gunzTarPerm extractEntry fp/isNaN.js
134211 silly gunzTarPerm modified mode [ 'fp/isNaN.js', 420, 438 ]
134212 silly gunzTarPerm extractEntry isNaN.js
134213 silly gunzTarPerm modified mode [ 'isNaN.js', 420, 438 ]
134214 silly gunzTarPerm extractEntry library/modules/es6.reflect.is-extensible.js
134215 silly gunzTarPerm extractEntry modules/es6.reflect.is-extensible.js
134216 silly gunzTarPerm extractEntry features-json/justify-content-space-evenly.json
134217 silly gunzTarPerm modified mode [ 'features-json/justify-content-space-evenly.json', 420, 438 ]
134218 silly gunzTarPerm extractEntry 2022/GetPromiseResolve.js
134219 silly gunzTarPerm modified mode [ '2022/GetPromiseResolve.js', 420, 438 ]
134220 silly gunzTarPerm extractEntry 2023/GetPromiseResolve.js
134221 silly gunzTarPerm modified mode [ '2023/GetPromiseResolve.js', 420, 438 ]
134222 silly gunzTarPerm extractEntry data/regions/OM.js
134223 silly gunzTarPerm modified mode [ 'data/regions/OM.js', 420, 438 ]
134224 silly gunzTarPerm extractEntry data/features/once-event-listener.js
134225 silly gunzTarPerm modified mode [ 'data/features/once-event-listener.js', 420, 438 ]
134226 silly gunzTarPerm extractEntry region-usage-json/KE.json
134227 silly gunzTarPerm modified mode [ 'region-usage-json/KE.json', 420, 438 ]
134228 silly gunzTarPerm extractEntry features-json/kerning-pairs-ligatures.json
134229 silly gunzTarPerm modified mode [ 'features-json/kerning-pairs-ligatures.json', 420, 438 ]
134230 silly gunzTarPerm extractEntry features-json/keyboardevent-charcode.json
134231 silly gunzTarPerm modified mode [ 'features-json/keyboardevent-charcode.json', 420, 438 ]
134232 silly gunzTarPerm extractEntry fp/isNative.js
134233 silly gunzTarPerm modified mode [ 'fp/isNative.js', 420, 438 ]
134234 silly gunzTarPerm extractEntry isNative.js
134235 silly gunzTarPerm modified mode [ 'isNative.js', 420, 438 ]
134236 silly gunzTarPerm extractEntry features-json/keyboardevent-code.json
134237 silly gunzTarPerm modified mode [ 'features-json/keyboardevent-code.json', 420, 438 ]
134238 silly gunzTarPerm extractEntry library/modules/es6.reflect.own-keys.js
134239 silly gunzTarPerm extractEntry modules/es6.reflect.own-keys.js
134240 silly gunzTarPerm extractEntry data/features/online-status.js
134241 silly gunzTarPerm modified mode [ 'data/features/online-status.js', 420, 438 ]
134242 silly gunzTarPerm extractEntry data/features/opus.js
134243 silly gunzTarPerm modified mode [ 'data/features/opus.js', 420, 438 ]
134244 silly gunzTarPerm extractEntry 2024/GetPromiseResolve.js
134245 silly gunzTarPerm modified mode [ '2024/GetPromiseResolve.js', 420, 438 ]
134246 silly gunzTarPerm extractEntry helpers/getProto.js
134247 silly gunzTarPerm modified mode [ 'helpers/getProto.js', 420, 438 ]
134248 silly gunzTarPerm extractEntry features-json/keyboardevent-getmodifierstate.json
134249 silly gunzTarPerm modified mode [ 'features-json/keyboardevent-getmodifierstate.json', 420, 438 ]
134250 silly gunzTarPerm extractEntry features-json/keyboardevent-key.json
134251 silly gunzTarPerm modified mode [ 'features-json/keyboardevent-key.json', 420, 438 ]
134252 silly gentlyRm C:\Users\Dell\Documents\INV\inventory\node_modules\.staging\vue-ec8a3c83\node_modules is being purged
134253 verbose gentlyRm don't care about contents; nuking C:\Users\Dell\Documents\INV\inventory\node_modules\.staging\vue-ec8a3c83\node_modules
134254 silly gunzTarPerm extractEntry features-json/keyboardevent-location.json
134255 silly gunzTarPerm modified mode [ 'features-json/keyboardevent-location.json', 420, 438 ]
134256 silly gunzTarPerm extractEntry fp/isNil.js
134257 silly gunzTarPerm modified mode [ 'fp/isNil.js', 420, 438 ]
134258 silly gunzTarPerm extractEntry library/modules/es6.reflect.prevent-extensions.js
134259 silly gunzTarPerm extractEntry modules/es6.reflect.prevent-extensions.js
134260 silly gunzTarPerm extractEntry features-json/keyboardevent-which.json
134261 silly gunzTarPerm modified mode [ 'features-json/keyboardevent-which.json', 420, 438 ]
134262 silly gunzTarPerm extractEntry 2015/GetPrototypeFromConstructor.js
134263 silly gunzTarPerm modified mode [ '2015/GetPrototypeFromConstructor.js', 420, 438 ]
134264 silly gunzTarPerm extractEntry 2016/GetPrototypeFromConstructor.js
134265 silly gunzTarPerm modified mode [ '2016/GetPrototypeFromConstructor.js', 420, 438 ]
134266 silly gunzTarPerm extractEntry data/features/orientation-sensor.js
134267 silly gunzTarPerm modified mode [ 'data/features/orientation-sensor.js', 420, 438 ]
134268 silly gunzTarPerm extractEntry data/features/outline.js
134269 silly gunzTarPerm modified mode [ 'data/features/outline.js', 420, 438 ]
134270 silly gunzTarPerm extractEntry region-usage-json/KG.json
134271 silly gunzTarPerm modified mode [ 'region-usage-json/KG.json', 420, 438 ]
134272 silly gunzTarPerm extractEntry region-usage-json/KH.json
134273 silly gunzTarPerm modified mode [ 'region-usage-json/KH.json', 420, 438 ]
134274 silly gunzTarPerm extractEntry isNil.js
134275 silly gunzTarPerm modified mode [ 'isNil.js', 420, 438 ]
134276 silly gunzTarPerm extractEntry fp/isNull.js
134277 silly gunzTarPerm modified mode [ 'fp/isNull.js', 420, 438 ]
134278 silly gunzTarPerm extractEntry library/modules/es6.reflect.set-prototype-of.js
134279 silly gunzTarPerm extractEntry modules/es6.reflect.set-prototype-of.js
134280 silly gunzTarPerm extractEntry region-usage-json/KI.json
134281 silly gunzTarPerm modified mode [ 'region-usage-json/KI.json', 420, 438 ]
134282 silly gunzTarPerm extractEntry region-usage-json/KM.json
134283 silly gunzTarPerm modified mode [ 'region-usage-json/KM.json', 420, 438 ]
134284 silly gunzTarPerm extractEntry 2017/GetPrototypeFromConstructor.js
134285 silly gunzTarPerm modified mode [ '2017/GetPrototypeFromConstructor.js', 420, 438 ]
134286 silly gunzTarPerm extractEntry 2018/GetPrototypeFromConstructor.js
134287 silly gunzTarPerm modified mode [ '2018/GetPrototypeFromConstructor.js', 420, 438 ]
134288 silly gunzTarPerm extractEntry data/regions/PA.js
134289 silly gunzTarPerm modified mode [ 'data/regions/PA.js', 420, 438 ]
134290 silly gunzTarPerm extractEntry data/features/pad-start-end.js
134291 silly gunzTarPerm modified mode [ 'data/features/pad-start-end.js', 420, 438 ]
134292 silly gunzTarPerm extractEntry region-usage-json/KN.json
134293 silly gunzTarPerm modified mode [ 'region-usage-json/KN.json', 420, 438 ]
134294 silly gunzTarPerm extractEntry region-usage-json/KP.json
134295 silly gunzTarPerm modified mode [ 'region-usage-json/KP.json', 420, 438 ]
134296 silly gunzTarPerm extractEntry isNull.js
134297 silly gunzTarPerm modified mode [ 'isNull.js', 420, 438 ]
134298 silly gunzTarPerm extractEntry fp/isNumber.js
134299 silly gunzTarPerm modified mode [ 'fp/isNumber.js', 420, 438 ]
134300 silly gunzTarPerm extractEntry library/modules/es6.reflect.set.js
134301 silly gunzTarPerm extractEntry modules/es6.reflect.set.js
134302 silly gunzTarPerm extractEntry region-usage-json/KR.json
134303 silly gunzTarPerm modified mode [ 'region-usage-json/KR.json', 420, 438 ]
134304 silly gunzTarPerm extractEntry region-usage-json/KW.json
134305 silly gunzTarPerm modified mode [ 'region-usage-json/KW.json', 420, 438 ]
134306 silly gunzTarPerm extractEntry 2019/GetPrototypeFromConstructor.js
134307 silly gunzTarPerm modified mode [ '2019/GetPrototypeFromConstructor.js', 420, 438 ]
134308 silly gunzTarPerm extractEntry 2020/GetPrototypeFromConstructor.js
134309 silly gunzTarPerm modified mode [ '2020/GetPrototypeFromConstructor.js', 420, 438 ]
134310 silly gunzTarPerm extractEntry data/features/page-transition-events.js
134311 silly gunzTarPerm modified mode [ 'data/features/page-transition-events.js', 420, 438 ]
134312 silly gunzTarPerm extractEntry data/features/pagevisibility.js
134313 silly gunzTarPerm modified mode [ 'data/features/pagevisibility.js', 420, 438 ]
134314 silly gunzTarPerm extractEntry region-usage-json/KY.json
134315 silly gunzTarPerm modified mode [ 'region-usage-json/KY.json', 420, 438 ]
134316 silly gunzTarPerm extractEntry isNumber.js
134317 silly gunzTarPerm modified mode [ 'isNumber.js', 420, 438 ]
134318 silly gunzTarPerm extractEntry fp/isObject.js
134319 silly gunzTarPerm modified mode [ 'fp/isObject.js', 420, 438 ]
134320 silly gunzTarPerm extractEntry library/modules/es6.regexp.constructor.js
134321 silly gunzTarPerm extractEntry modules/es6.regexp.constructor.js
134322 silly gunzTarPerm extractEntry region-usage-json/KZ.json
134323 silly gunzTarPerm modified mode [ 'region-usage-json/KZ.json', 420, 438 ]
134324 silly gunzTarPerm extractEntry region-usage-json/LA.json
134325 silly gunzTarPerm modified mode [ 'region-usage-json/LA.json', 420, 438 ]
134326 silly gunzTarPerm extractEntry features-json/lazyload.json
134327 silly gunzTarPerm modified mode [ 'features-json/lazyload.json', 420, 438 ]
134328 silly gunzTarPerm extractEntry 2021/GetPrototypeFromConstructor.js
134329 silly gunzTarPerm modified mode [ '2021/GetPrototypeFromConstructor.js', 420, 438 ]
134330 silly gunzTarPerm extractEntry 2022/GetPrototypeFromConstructor.js
134331 silly gunzTarPerm modified mode [ '2022/GetPrototypeFromConstructor.js', 420, 438 ]
134332 silly gunzTarPerm extractEntry data/features/passive-event-listener.js
134333 silly gunzTarPerm modified mode [ 'data/features/passive-event-listener.js', 420, 438 ]
134334 silly gunzTarPerm extractEntry data/features/passkeys.js
134335 silly gunzTarPerm modified mode [ 'data/features/passkeys.js', 420, 438 ]
134336 silly gunzTarPerm extractEntry isObject.js
134337 silly gunzTarPerm modified mode [ 'isObject.js', 420, 438 ]
134338 silly gunzTarPerm extractEntry fp/isObjectLike.js
134339 silly gunzTarPerm modified mode [ 'fp/isObjectLike.js', 420, 438 ]
134340 silly gunzTarPerm extractEntry region-usage-json/LB.json
134341 silly gunzTarPerm modified mode [ 'region-usage-json/LB.json', 420, 438 ]
134342 silly gunzTarPerm extractEntry modules/library/es6.regexp.constructor.js
134343 silly gunzTarPerm extractEntry library/modules/es6.regexp.exec.js
134344 silly gunzTarPerm extractEntry region-usage-json/LC.json
134345 silly gunzTarPerm modified mode [ 'region-usage-json/LC.json', 420, 438 ]
134346 silly gunzTarPerm extractEntry features-json/let.json
134347 silly gunzTarPerm modified mode [ 'features-json/let.json', 420, 438 ]
134348 silly gunzTarPerm extractEntry region-usage-json/LI.json
134349 silly gunzTarPerm modified mode [ 'region-usage-json/LI.json', 420, 438 ]
134350 silly gunzTarPerm extractEntry isObjectLike.js
134351 silly gunzTarPerm modified mode [ 'isObjectLike.js', 420, 438 ]
134352 silly gunzTarPerm extractEntry fp/isPlainObject.js
134353 silly gunzTarPerm modified mode [ 'fp/isPlainObject.js', 420, 438 ]
134354 silly gunzTarPerm extractEntry 2023/GetPrototypeFromConstructor.js
134355 silly gunzTarPerm modified mode [ '2023/GetPrototypeFromConstructor.js', 420, 438 ]
134356 silly gunzTarPerm extractEntry 2024/GetPrototypeFromConstructor.js
134357 silly gunzTarPerm modified mode [ '2024/GetPrototypeFromConstructor.js', 420, 438 ]
134358 silly gunzTarPerm extractEntry data/features/passwordrules.js
134359 silly gunzTarPerm modified mode [ 'data/features/passwordrules.js', 420, 438 ]
134360 silly gunzTarPerm extractEntry data/features/path2d.js
134361 silly gunzTarPerm modified mode [ 'data/features/path2d.js', 420, 438 ]
134362 silly gunzTarPerm extractEntry modules/es6.regexp.exec.js
134363 silly gunzTarPerm extractEntry modules/library/es6.regexp.exec.js
134364 silly gunzTarPerm extractEntry features-json/link-icon-png.json
134365 silly gunzTarPerm modified mode [ 'features-json/link-icon-png.json', 420, 438 ]
134366 silly gunzTarPerm extractEntry features-json/link-icon-svg.json
134367 silly gunzTarPerm modified mode [ 'features-json/link-icon-svg.json', 420, 438 ]
134368 silly gunzTarPerm extractEntry features-json/link-rel-dns-prefetch.json
134369 silly gunzTarPerm modified mode [ 'features-json/link-rel-dns-prefetch.json', 420, 438 ]
134370 silly gunzTarPerm extractEntry isPlainObject.js
134371 silly gunzTarPerm modified mode [ 'isPlainObject.js', 420, 438 ]
134372 silly gunzTarPerm extractEntry fp/isRegExp.js
134373 silly gunzTarPerm modified mode [ 'fp/isRegExp.js', 420, 438 ]
134374 silly gunzTarPerm extractEntry library/modules/es6.regexp.flags.js
134375 silly gunzTarPerm extractEntry modules/es6.regexp.flags.js
134376 silly gunzTarPerm extractEntry features-json/link-rel-modulepreload.json
134377 silly gunzTarPerm modified mode [ 'features-json/link-rel-modulepreload.json', 420, 438 ]
134378 silly gunzTarPerm extractEntry data/features/payment-request.js
134379 silly gunzTarPerm modified mode [ 'data/features/payment-request.js', 420, 438 ]
134380 silly gunzTarPerm extractEntry data/features/pdf-viewer.js
134381 silly gunzTarPerm modified mode [ 'data/features/pdf-viewer.js', 420, 438 ]
134382 silly gunzTarPerm extractEntry 2022/GetStringIndex.js
134383 silly gunzTarPerm modified mode [ '2022/GetStringIndex.js', 420, 438 ]
134384 silly gunzTarPerm extractEntry 2023/GetStringIndex.js
134385 silly gunzTarPerm modified mode [ '2023/GetStringIndex.js', 420, 438 ]
134386 silly gunzTarPerm extractEntry features-json/link-rel-preconnect.json
134387 silly gunzTarPerm modified mode [ 'features-json/link-rel-preconnect.json', 420, 438 ]
134388 silly gunzTarPerm extractEntry isRegExp.js
134389 silly gunzTarPerm modified mode [ 'isRegExp.js', 420, 438 ]
134390 silly gunzTarPerm extractEntry fp/isSafeInteger.js
134391 silly gunzTarPerm modified mode [ 'fp/isSafeInteger.js', 420, 438 ]
134392 silly gunzTarPerm extractEntry features-json/link-rel-prefetch.json
134393 silly gunzTarPerm modified mode [ 'features-json/link-rel-prefetch.json', 420, 438 ]
134394 silly gunzTarPerm extractEntry modules/library/es6.regexp.flags.js
134395 silly gunzTarPerm extractEntry library/modules/es6.regexp.match.js
134396 silly gunzTarPerm extractEntry features-json/link-rel-preload.json
134397 silly gunzTarPerm modified mode [ 'features-json/link-rel-preload.json', 420, 438 ]
134398 silly gunzTarPerm extractEntry 2024/GetStringIndex.js
134399 silly gunzTarPerm modified mode [ '2024/GetStringIndex.js', 420, 438 ]
134400 silly gunzTarPerm extractEntry 2015/GetSubstitution.js
134401 silly gunzTarPerm modified mode [ '2015/GetSubstitution.js', 420, 438 ]
134402 silly gunzTarPerm extractEntry data/regions/PE.js
134403 silly gunzTarPerm modified mode [ 'data/regions/PE.js', 420, 438 ]
134404 silly gunzTarPerm extractEntry data/features/permissions-api.js
134405 silly gunzTarPerm modified mode [ 'data/features/permissions-api.js', 420, 438 ]
134406 silly gunzTarPerm extractEntry features-json/link-rel-prerender.json
134407 silly gunzTarPerm modified mode [ 'features-json/link-rel-prerender.json', 420, 438 ]
134408 silly gunzTarPerm extractEntry region-usage-json/LK.json
134409 silly gunzTarPerm modified mode [ 'region-usage-json/LK.json', 420, 438 ]
134410 silly gunzTarPerm extractEntry modules/es6.regexp.match.js
134411 silly gunzTarPerm extractEntry modules/library/es6.regexp.match.js
134412 silly gunzTarPerm extractEntry isSafeInteger.js
134413 silly gunzTarPerm modified mode [ 'isSafeInteger.js', 420, 438 ]
134414 silly gunzTarPerm extractEntry fp/isSet.js
134415 silly gunzTarPerm modified mode [ 'fp/isSet.js', 420, 438 ]
134416 silly gunzTarPerm extractEntry features-json/loading-lazy-attr.json
134417 silly gunzTarPerm modified mode [ 'features-json/loading-lazy-attr.json', 420, 438 ]
134418 silly gunzTarPerm extractEntry features-json/localecompare.json
134419 silly gunzTarPerm modified mode [ 'features-json/localecompare.json', 420, 438 ]
134420 silly gunzTarPerm extractEntry 2016/GetSubstitution.js
134421 silly gunzTarPerm modified mode [ '2016/GetSubstitution.js', 420, 438 ]
134422 silly gunzTarPerm extractEntry 2017/GetSubstitution.js
134423 silly gunzTarPerm modified mode [ '2017/GetSubstitution.js', 420, 438 ]
134424 silly gunzTarPerm extractEntry data/features/permissions-policy.js
134425 silly gunzTarPerm modified mode [ 'data/features/permissions-policy.js', 420, 438 ]
134426 silly gunzTarPerm extractEntry data/regions/PF.js
134427 silly gunzTarPerm modified mode [ 'data/regions/PF.js', 420, 438 ]
134428 silly gunzTarPerm extractEntry region-usage-json/LR.json
134429 silly gunzTarPerm modified mode [ 'region-usage-json/LR.json', 420, 438 ]
134430 silly gunzTarPerm extractEntry library/modules/es6.regexp.replace.js
134431 silly gunzTarPerm extractEntry modules/es6.regexp.replace.js
134432 silly gunzTarPerm extractEntry region-usage-json/LS.json
134433 silly gunzTarPerm modified mode [ 'region-usage-json/LS.json', 420, 438 ]
134434 silly gunzTarPerm extractEntry isSet.js
134435 silly gunzTarPerm modified mode [ 'isSet.js', 420, 438 ]
134436 silly gunzTarPerm extractEntry fp/isString.js
134437 silly gunzTarPerm modified mode [ 'fp/isString.js', 420, 438 ]
134438 silly gunzTarPerm extractEntry region-usage-json/LT.json
134439 silly gunzTarPerm modified mode [ 'region-usage-json/LT.json', 420, 438 ]
134440 silly gunzTarPerm extractEntry 2018/GetSubstitution.js
134441 silly gunzTarPerm modified mode [ '2018/GetSubstitution.js', 420, 438 ]
134442 silly gunzTarPerm extractEntry 2019/GetSubstitution.js
134443 silly gunzTarPerm modified mode [ '2019/GetSubstitution.js', 420, 438 ]
134444 silly gunzTarPerm extractEntry region-usage-json/LU.json
134445 silly gunzTarPerm modified mode [ 'region-usage-json/LU.json', 420, 438 ]
134446 silly gunzTarPerm extractEntry data/regions/PG.js
134447 silly gunzTarPerm modified mode [ 'data/regions/PG.js', 420, 438 ]
134448 silly gunzTarPerm extractEntry data/regions/PH.js
134449 silly gunzTarPerm modified mode [ 'data/regions/PH.js', 420, 438 ]
134450 silly gunzTarPerm extractEntry region-usage-json/LV.json
134451 silly gunzTarPerm modified mode [ 'region-usage-json/LV.json', 420, 438 ]
134452 silly gunzTarPerm extractEntry modules/library/es6.regexp.replace.js
134453 silly gunzTarPerm extractEntry library/modules/es6.regexp.search.js
134454 silly gunzTarPerm extractEntry isString.js
134455 silly gunzTarPerm modified mode [ 'isString.js', 420, 438 ]
134456 silly gunzTarPerm extractEntry fp/isSymbol.js
134457 silly gunzTarPerm modified mode [ 'fp/isSymbol.js', 420, 438 ]
134458 silly gunzTarPerm extractEntry region-usage-json/LY.json
134459 silly gunzTarPerm modified mode [ 'region-usage-json/LY.json', 420, 438 ]
134460 silly gunzTarPerm extractEntry region-usage-json/MA.json
134461 silly gunzTarPerm modified mode [ 'region-usage-json/MA.json', 420, 438 ]
134462 silly gunzTarPerm extractEntry 2020/GetSubstitution.js
134463 silly gunzTarPerm modified mode [ '2020/GetSubstitution.js', 420, 438 ]
134464 silly gunzTarPerm extractEntry 2021/GetSubstitution.js
134465 silly gunzTarPerm modified mode [ '2021/GetSubstitution.js', 420, 438 ]
134466 silly gunzTarPerm extractEntry features-json/magnetometer.json
134467 silly gunzTarPerm modified mode [ 'features-json/magnetometer.json', 420, 438 ]
134468 silly gunzTarPerm extractEntry data/features/picture-in-picture.js
134469 silly gunzTarPerm modified mode [ 'data/features/picture-in-picture.js', 420, 438 ]
134470 silly gunzTarPerm extractEntry data/features/picture.js
134471 silly gunzTarPerm modified mode [ 'data/features/picture.js', 420, 438 ]
134472 silly gunzTarPerm extractEntry features-json/matchesselector.json
134473 silly gunzTarPerm modified mode [ 'features-json/matchesselector.json', 420, 438 ]
134474 silly gunzTarPerm extractEntry isSymbol.js
134475 silly gunzTarPerm modified mode [ 'isSymbol.js', 420, 438 ]
134476 silly gunzTarPerm extractEntry fp/isTypedArray.js
134477 silly gunzTarPerm modified mode [ 'fp/isTypedArray.js', 420, 438 ]
134478 silly gunzTarPerm extractEntry modules/es6.regexp.search.js
134479 silly gunzTarPerm extractEntry modules/library/es6.regexp.search.js
134480 silly gunzTarPerm extractEntry features-json/matchmedia.json
134481 silly gunzTarPerm modified mode [ 'features-json/matchmedia.json', 420, 438 ]
134482 silly gunzTarPerm extractEntry features-json/mathml.json
134483 silly gunzTarPerm modified mode [ 'features-json/mathml.json', 420, 438 ]
134484 silly gunzTarPerm extractEntry 2022/GetSubstitution.js
134485 silly gunzTarPerm modified mode [ '2022/GetSubstitution.js', 420, 438 ]
134486 silly gunzTarPerm extractEntry 2023/GetSubstitution.js
134487 silly gunzTarPerm modified mode [ '2023/GetSubstitution.js', 420, 438 ]
134488 silly gunzTarPerm extractEntry features-json/maxlength.json
134489 silly gunzTarPerm modified mode [ 'features-json/maxlength.json', 420, 438 ]
134490 silly gunzTarPerm extractEntry data/features/ping.js
134491 silly gunzTarPerm modified mode [ 'data/features/ping.js', 420, 438 ]
134492 silly gunzTarPerm extractEntry data/regions/PK.js
134493 silly gunzTarPerm modified mode [ 'data/regions/PK.js', 420, 438 ]
134494 silly gunzTarPerm extractEntry region-usage-json/MC.json
134495 silly gunzTarPerm modified mode [ 'region-usage-json/MC.json', 420, 438 ]
134496 silly gunzTarPerm extractEntry isTypedArray.js
134497 silly gunzTarPerm modified mode [ 'isTypedArray.js', 420, 438 ]
134498 silly gunzTarPerm extractEntry fp/isUndefined.js
134499 silly gunzTarPerm modified mode [ 'fp/isUndefined.js', 420, 438 ]
134500 silly gunzTarPerm extractEntry library/modules/es6.regexp.split.js
134501 silly gunzTarPerm extractEntry modules/es6.regexp.split.js
134502 silly gunzTarPerm extractEntry region-usage-json/MD.json
134503 silly gunzTarPerm modified mode [ 'region-usage-json/MD.json', 420, 438 ]
134504 silly gunzTarPerm extractEntry region-usage-json/ME.json
134505 silly gunzTarPerm modified mode [ 'region-usage-json/ME.json', 420, 438 ]
134506 silly gunzTarPerm extractEntry 2024/GetSubstitution.js
134507 silly gunzTarPerm modified mode [ '2024/GetSubstitution.js', 420, 438 ]
134508 silly gunzTarPerm extractEntry helpers/getSymbolDescription.js
134509 silly gunzTarPerm modified mode [ 'helpers/getSymbolDescription.js', 420, 438 ]
134510 silly gunzTarPerm extractEntry features-json/media-fragments.json
134511 silly gunzTarPerm modified mode [ 'features-json/media-fragments.json', 420, 438 ]
134512 silly gunzTarPerm extractEntry data/regions/PL.js
134513 silly gunzTarPerm modified mode [ 'data/regions/PL.js', 420, 438 ]
134514 silly gunzTarPerm extractEntry data/regions/PM.js
134515 silly gunzTarPerm modified mode [ 'data/regions/PM.js', 420, 438 ]
134516 silly gunzTarPerm extractEntry isUndefined.js
134517 silly gunzTarPerm modified mode [ 'isUndefined.js', 420, 438 ]
134518 silly gunzTarPerm extractEntry fp/isWeakMap.js
134519 silly gunzTarPerm modified mode [ 'fp/isWeakMap.js', 420, 438 ]
134520 silly gunzTarPerm extractEntry features-json/mediacapture-fromelement.json
134521 silly gunzTarPerm modified mode [ 'features-json/mediacapture-fromelement.json', 420, 438 ]
134522 silly gunzTarPerm extractEntry modules/library/es6.regexp.split.js
134523 silly gunzTarPerm extractEntry library/modules/es6.regexp.to-string.js
134524 silly gunzTarPerm extractEntry features-json/mediarecorder.json
134525 silly gunzTarPerm modified mode [ 'features-json/mediarecorder.json', 420, 438 ]
134526 silly gunzTarPerm extractEntry features-json/mediasource.json
134527 silly gunzTarPerm modified mode [ 'features-json/mediasource.json', 420, 438 ]
134528 silly gunzTarPerm extractEntry 2015/GetV.js
134529 silly gunzTarPerm modified mode [ '2015/GetV.js', 420, 438 ]
134530 silly gunzTarPerm extractEntry 2016/GetV.js
134531 silly gunzTarPerm modified mode [ '2016/GetV.js', 420, 438 ]
134532 silly gunzTarPerm extractEntry isWeakMap.js
134533 silly gunzTarPerm modified mode [ 'isWeakMap.js', 420, 438 ]
134534 silly gunzTarPerm extractEntry fp/isWeakSet.js
134535 silly gunzTarPerm modified mode [ 'fp/isWeakSet.js', 420, 438 ]
134536 silly gunzTarPerm extractEntry features-json/menu.json
134537 silly gunzTarPerm modified mode [ 'features-json/menu.json', 420, 438 ]
134538 silly gunzTarPerm extractEntry data/regions/PN.js
134539 silly gunzTarPerm modified mode [ 'data/regions/PN.js', 420, 438 ]
134540 silly gunzTarPerm extractEntry data/features/png-alpha.js
134541 silly gunzTarPerm modified mode [ 'data/features/png-alpha.js', 420, 438 ]
134542 silly gunzTarPerm extractEntry modules/es6.regexp.to-string.js
134543 silly gunzTarPerm extractEntry modules/library/es6.regexp.to-string.js
134544 silly gunzTarPerm extractEntry features-json/meta-theme-color.json
134545 silly gunzTarPerm modified mode [ 'features-json/meta-theme-color.json', 420, 438 ]
134546 silly gunzTarPerm extractEntry features-json/meter.json
134547 silly gunzTarPerm modified mode [ 'features-json/meter.json', 420, 438 ]
134548 silly gunzTarPerm extractEntry region-usage-json/MG.json
134549 silly gunzTarPerm modified mode [ 'region-usage-json/MG.json', 420, 438 ]
134550 silly gunzTarPerm extractEntry isWeakSet.js
134551 silly gunzTarPerm modified mode [ 'isWeakSet.js', 420, 438 ]
134552 silly gunzTarPerm extractEntry fp/iteratee.js
134553 silly gunzTarPerm modified mode [ 'fp/iteratee.js', 420, 438 ]
134554 silly gunzTarPerm extractEntry 2017/GetV.js
134555 silly gunzTarPerm modified mode [ '2017/GetV.js', 420, 438 ]
134556 silly gunzTarPerm extractEntry 2018/GetV.js
134557 silly gunzTarPerm modified mode [ '2018/GetV.js', 420, 438 ]
134558 silly gunzTarPerm extractEntry region-usage-json/MH.json
134559 silly gunzTarPerm modified mode [ 'region-usage-json/MH.json', 420, 438 ]
134560 silly gunzTarPerm extractEntry data/features/pointer-events.js
134561 silly gunzTarPerm modified mode [ 'data/features/pointer-events.js', 420, 438 ]
134562 silly gunzTarPerm extractEntry data/features/pointer.js
134563 silly gunzTarPerm modified mode [ 'data/features/pointer.js', 420, 438 ]
134564 silly gunzTarPerm extractEntry library/modules/es6.set.js
134565 silly gunzTarPerm extractEntry modules/es6.set.js
134566 silly gunzTarPerm extractEntry features-json/midi.json
134567 silly gunzTarPerm modified mode [ 'features-json/midi.json', 420, 438 ]
134568 silly gunzTarPerm extractEntry features-json/minmaxwh.json
134569 silly gunzTarPerm modified mode [ 'features-json/minmaxwh.json', 420, 438 ]
134570 silly gunzTarPerm extractEntry region-usage-json/MK.json
134571 silly gunzTarPerm modified mode [ 'region-usage-json/MK.json', 420, 438 ]
134572 silly gunzTarPerm extractEntry iteratee.js
134573 silly gunzTarPerm modified mode [ 'iteratee.js', 420, 438 ]
134574 silly gunzTarPerm extractEntry fp/join.js
134575 silly gunzTarPerm modified mode [ 'fp/join.js', 420, 438 ]
134576 silly gunzTarPerm extractEntry library/modules/es6.string.anchor.js
134577 silly gunzTarPerm extractEntry modules/es6.string.anchor.js
134578 silly gunzTarPerm extractEntry 2019/GetV.js
134579 silly gunzTarPerm modified mode [ '2019/GetV.js', 420, 438 ]
134580 silly gunzTarPerm extractEntry 2020/GetV.js
134581 silly gunzTarPerm modified mode [ '2020/GetV.js', 420, 438 ]
134582 silly gunzTarPerm extractEntry region-usage-json/ML.json
134583 silly gunzTarPerm modified mode [ 'region-usage-json/ML.json', 420, 438 ]
134584 silly gunzTarPerm extractEntry data/features/pointerlock.js
134585 silly gunzTarPerm modified mode [ 'data/features/pointerlock.js', 420, 438 ]
134586 silly gunzTarPerm extractEntry data/features/portals.js
134587 silly gunzTarPerm modified mode [ 'data/features/portals.js', 420, 438 ]
134588 silly gunzTarPerm extractEntry region-usage-json/MM.json
134589 silly gunzTarPerm modified mode [ 'region-usage-json/MM.json', 420, 438 ]
134590 silly gunzTarPerm extractEntry region-usage-json/MN.json
134591 silly gunzTarPerm modified mode [ 'region-usage-json/MN.json', 420, 438 ]
134592 silly gunzTarPerm extractEntry join.js
134593 silly gunzTarPerm modified mode [ 'join.js', 420, 438 ]
134594 silly gunzTarPerm extractEntry fp/juxt.js
134595 silly gunzTarPerm modified mode [ 'fp/juxt.js', 420, 438 ]
134596 silly gunzTarPerm extractEntry library/modules/es6.string.big.js
134597 silly gunzTarPerm extractEntry modules/es6.string.big.js
134598 silly gunzTarPerm extractEntry region-usage-json/MO.json
134599 silly gunzTarPerm modified mode [ 'region-usage-json/MO.json', 420, 438 ]
134600 silly gunzTarPerm extractEntry 2021/GetV.js
134601 silly gunzTarPerm modified mode [ '2021/GetV.js', 420, 438 ]
134602 silly gunzTarPerm extractEntry 2022/GetV.js
134603 silly gunzTarPerm modified mode [ '2022/GetV.js', 420, 438 ]
134604 silly gunzTarPerm extractEntry region-usage-json/MP.json
134605 silly gunzTarPerm modified mode [ 'region-usage-json/MP.json', 420, 438 ]
134606 silly gunzTarPerm extractEntry data/regions/PR.js
134607 silly gunzTarPerm modified mode [ 'data/regions/PR.js', 420, 438 ]
134608 silly gunzTarPerm extractEntry data/features/prefers-color-scheme.js
134609 silly gunzTarPerm modified mode [ 'data/features/prefers-color-scheme.js', 420, 438 ]
134610 silly gunzTarPerm extractEntry features-json/mp3.json
134611 silly gunzTarPerm modified mode [ 'features-json/mp3.json', 420, 438 ]
134612 silly gunzTarPerm extractEntry fp/kebabCase.js
134613 silly gunzTarPerm modified mode [ 'fp/kebabCase.js', 420, 438 ]
134614 silly gunzTarPerm extractEntry kebabCase.js
134615 silly gunzTarPerm modified mode [ 'kebabCase.js', 420, 438 ]
134616 silly gunzTarPerm extractEntry library/modules/es6.string.blink.js
134617 silly gunzTarPerm extractEntry modules/es6.string.blink.js
134618 silly gunzTarPerm extractEntry features-json/mpeg-dash.json
134619 silly gunzTarPerm modified mode [ 'features-json/mpeg-dash.json', 420, 438 ]
134620 silly gunzTarPerm extractEntry features-json/mpeg4.json
134621 silly gunzTarPerm modified mode [ 'features-json/mpeg4.json', 420, 438 ]
134622 silly gunzTarPerm extractEntry 2023/GetV.js
134623 silly gunzTarPerm modified mode [ '2023/GetV.js', 420, 438 ]
134624 silly gunzTarPerm extractEntry 2024/GetV.js
134625 silly gunzTarPerm modified mode [ '2024/GetV.js', 420, 438 ]
134626 silly gunzTarPerm extractEntry region-usage-json/MQ.json
134627 silly gunzTarPerm modified mode [ 'region-usage-json/MQ.json', 420, 438 ]
134628 silly gunzTarPerm extractEntry data/features/prefers-reduced-motion.js
134629 silly gunzTarPerm modified mode [ 'data/features/prefers-reduced-motion.js', 420, 438 ]
134630 silly gunzTarPerm extractEntry data/features/progress.js
134631 silly gunzTarPerm modified mode [ 'data/features/progress.js', 420, 438 ]
134632 silly gunzTarPerm extractEntry region-usage-json/MR.json
134633 silly gunzTarPerm modified mode [ 'region-usage-json/MR.json', 420, 438 ]
134634 silly gunzTarPerm extractEntry fp/keyBy.js
134635 silly gunzTarPerm modified mode [ 'fp/keyBy.js', 420, 438 ]
134636 silly gunzTarPerm extractEntry keyBy.js
134637 silly gunzTarPerm modified mode [ 'keyBy.js', 420, 438 ]
134638 silly gunzTarPerm extractEntry library/modules/es6.string.bold.js
134639 silly gunzTarPerm extractEntry modules/es6.string.bold.js
134640 silly gunzTarPerm extractEntry region-usage-json/MS.json
134641 silly gunzTarPerm modified mode [ 'region-usage-json/MS.json', 420, 438 ]
134642 silly gunzTarPerm extractEntry region-usage-json/MT.json
134643 silly gunzTarPerm modified mode [ 'region-usage-json/MT.json', 420, 438 ]
134644 silly gunzTarPerm extractEntry 2015/GetValueFromBuffer.js
134645 silly gunzTarPerm modified mode [ '2015/GetValueFromBuffer.js', 420, 438 ]
134646 silly gunzTarPerm extractEntry 2016/GetValueFromBuffer.js
134647 silly gunzTarPerm modified mode [ '2016/GetValueFromBuffer.js', 420, 438 ]
134648 silly gunzTarPerm extractEntry region-usage-json/MU.json
134649 silly gunzTarPerm modified mode [ 'region-usage-json/MU.json', 420, 438 ]
134650 silly gunzTarPerm extractEntry data/features/promise-finally.js
134651 silly gunzTarPerm modified mode [ 'data/features/promise-finally.js', 420, 438 ]
134652 silly gunzTarPerm extractEntry data/features/promises.js
134653 silly gunzTarPerm modified mode [ 'data/features/promises.js', 420, 438 ]
134654 silly gunzTarPerm extractEntry library/modules/es6.string.code-point-at.js
134655 silly gunzTarPerm extractEntry modules/es6.string.code-point-at.js
134656 silly gunzTarPerm extractEntry fp/keys.js
134657 silly gunzTarPerm modified mode [ 'fp/keys.js', 420, 438 ]
134658 silly gunzTarPerm extractEntry keys.js
134659 silly gunzTarPerm modified mode [ 'keys.js', 420, 438 ]
134660 silly gunzTarPerm extractEntry features-json/multibackgrounds.json
134661 silly gunzTarPerm modified mode [ 'features-json/multibackgrounds.json', 420, 438 ]
134662 silly gunzTarPerm extractEntry features-json/multicolumn.json
134663 silly gunzTarPerm modified mode [ 'features-json/multicolumn.json', 420, 438 ]
134664 silly gunzTarPerm extractEntry features-json/mutation-events.json
134665 silly gunzTarPerm modified mode [ 'features-json/mutation-events.json', 420, 438 ]
134666 silly gunzTarPerm extractEntry 2017/GetValueFromBuffer.js
134667 silly gunzTarPerm modified mode [ '2017/GetValueFromBuffer.js', 420, 438 ]
134668 silly gunzTarPerm extractEntry 2018/GetValueFromBuffer.js
134669 silly gunzTarPerm modified mode [ '2018/GetValueFromBuffer.js', 420, 438 ]
134670 silly gunzTarPerm extractEntry features-json/mutationobserver.json
134671 silly gunzTarPerm modified mode [ 'features-json/mutationobserver.json', 420, 438 ]
134672 silly gunzTarPerm extractEntry library/modules/es6.string.ends-with.js
134673 silly gunzTarPerm extractEntry modules/es6.string.ends-with.js
134674 silly gunzTarPerm extractEntry fp/keysIn.js
134675 silly gunzTarPerm modified mode [ 'fp/keysIn.js', 420, 438 ]
134676 silly gunzTarPerm extractEntry keysIn.js
134677 silly gunzTarPerm modified mode [ 'keysIn.js', 420, 438 ]
134678 silly gunzTarPerm extractEntry data/features/proximity.js
134679 silly gunzTarPerm modified mode [ 'data/features/proximity.js', 420, 438 ]
134680 silly gunzTarPerm extractEntry data/features/proxy.js
134681 silly gunzTarPerm modified mode [ 'data/features/proxy.js', 420, 438 ]
134682 silly gunzTarPerm extractEntry region-usage-json/MV.json
134683 silly gunzTarPerm modified mode [ 'region-usage-json/MV.json', 420, 438 ]
134684 silly gunzTarPerm extractEntry region-usage-json/MW.json
134685 silly gunzTarPerm modified mode [ 'region-usage-json/MW.json', 420, 438 ]
134686 silly gunzTarPerm extractEntry 2019/GetValueFromBuffer.js
134687 silly gunzTarPerm modified mode [ '2019/GetValueFromBuffer.js', 420, 438 ]
134688 silly gunzTarPerm extractEntry 2020/GetValueFromBuffer.js
134689 silly gunzTarPerm modified mode [ '2020/GetValueFromBuffer.js', 420, 438 ]
134690 silly gunzTarPerm extractEntry region-usage-json/MX.json
134691 silly gunzTarPerm modified mode [ 'region-usage-json/MX.json', 420, 438 ]
134692 silly gunzTarPerm extractEntry region-usage-json/MY.json
134693 silly gunzTarPerm modified mode [ 'region-usage-json/MY.json', 420, 438 ]
134694 silly gunzTarPerm extractEntry library/modules/es6.string.fixed.js
134695 silly gunzTarPerm extractEntry modules/es6.string.fixed.js
134696 silly gunzTarPerm extractEntry fp/lang.js
134697 silly gunzTarPerm modified mode [ 'fp/lang.js', 420, 438 ]
134698 silly gunzTarPerm extractEntry lang.js
134699 silly gunzTarPerm modified mode [ 'lang.js', 420, 438 ]
134700 silly gunzTarPerm extractEntry data/regions/PS.js
134701 silly gunzTarPerm modified mode [ 'data/regions/PS.js', 420, 438 ]
134702 silly gunzTarPerm extractEntry data/regions/PT.js
134703 silly gunzTarPerm modified mode [ 'data/regions/PT.js', 420, 438 ]
134704 silly gunzTarPerm extractEntry region-usage-json/MZ.json
134705 silly gunzTarPerm modified mode [ 'region-usage-json/MZ.json', 420, 438 ]
134706 silly gunzTarPerm extractEntry 2021/GetValueFromBuffer.js
134707 silly gunzTarPerm modified mode [ '2021/GetValueFromBuffer.js', 420, 438 ]
134708 silly gunzTarPerm extractEntry 2022/GetValueFromBuffer.js
134709 silly gunzTarPerm modified mode [ '2022/GetValueFromBuffer.js', 420, 438 ]
134710 silly gunzTarPerm extractEntry region-usage-json/NA.json
134711 silly gunzTarPerm modified mode [ 'region-usage-json/NA.json', 420, 438 ]
134712 silly gunzTarPerm extractEntry features-json/namevalue-storage.json
134713 silly gunzTarPerm modified mode [ 'features-json/namevalue-storage.json', 420, 438 ]
134714 silly gunzTarPerm extractEntry features-json/native-filesystem-api.json
134715 silly gunzTarPerm modified mode [ 'features-json/native-filesystem-api.json', 420, 438 ]
134716 silly gunzTarPerm extractEntry library/modules/es6.string.fontcolor.js
134717 silly gunzTarPerm extractEntry modules/es6.string.fontcolor.js
134718 silly gunzTarPerm extractEntry fp/last.js
134719 silly gunzTarPerm modified mode [ 'fp/last.js', 420, 438 ]
134720 silly gunzTarPerm extractEntry last.js
134721 silly gunzTarPerm modified mode [ 'last.js', 420, 438 ]
134722 silly gunzTarPerm extractEntry data/features/publickeypinning.js
134723 silly gunzTarPerm modified mode [ 'data/features/publickeypinning.js', 420, 438 ]
134724 silly gunzTarPerm extractEntry data/features/push-api.js
134725 silly gunzTarPerm modified mode [ 'data/features/push-api.js', 420, 438 ]
134726 silly gunzTarPerm extractEntry features-json/nav-timing.json
134727 silly gunzTarPerm modified mode [ 'features-json/nav-timing.json', 420, 438 ]
134728 silly gunzTarPerm extractEntry region-usage-json/NC.json
134729 silly gunzTarPerm modified mode [ 'region-usage-json/NC.json', 420, 438 ]
134730 silly gunzTarPerm extractEntry 2023/GetValueFromBuffer.js
134731 silly gunzTarPerm modified mode [ '2023/GetValueFromBuffer.js', 420, 438 ]
134732 silly gunzTarPerm extractEntry 2024/GetValueFromBuffer.js
134733 silly gunzTarPerm modified mode [ '2024/GetValueFromBuffer.js', 420, 438 ]
134734 silly gunzTarPerm extractEntry region-usage-json/NE.json
134735 silly gunzTarPerm modified mode [ 'region-usage-json/NE.json', 420, 438 ]
134736 silly gunzTarPerm extractEntry features-json/netinfo.json
134737 silly gunzTarPerm modified mode [ 'features-json/netinfo.json', 420, 438 ]
134738 silly gunzTarPerm extractEntry library/modules/es6.string.fontsize.js
134739 silly gunzTarPerm extractEntry modules/es6.string.fontsize.js
134740 silly gunzTarPerm extractEntry fp/lastIndexOf.js
134741 silly gunzTarPerm modified mode [ 'fp/lastIndexOf.js', 420, 438 ]
134742 silly gunzTarPerm extractEntry lastIndexOf.js
134743 silly gunzTarPerm modified mode [ 'lastIndexOf.js', 420, 438 ]
134744 silly gunzTarPerm extractEntry region-usage-json/NF.json
134745 silly gunzTarPerm modified mode [ 'region-usage-json/NF.json', 420, 438 ]
134746 silly gunzTarPerm extractEntry data/regions/PW.js
134747 silly gunzTarPerm modified mode [ 'data/regions/PW.js', 420, 438 ]
134748 silly gunzTarPerm extractEntry data/regions/PY.js
134749 silly gunzTarPerm modified mode [ 'data/regions/PY.js', 420, 438 ]
134750 silly gunzTarPerm extractEntry region-usage-json/NG.json
134751 silly gunzTarPerm modified mode [ 'region-usage-json/NG.json', 420, 438 ]
134752 silly gunzTarPerm extractEntry 2024/GetViewByteLength.js
134753 silly gunzTarPerm modified mode [ '2024/GetViewByteLength.js', 420, 438 ]
134754 silly gunzTarPerm extractEntry 2024/GroupBy.js
134755 silly gunzTarPerm modified mode [ '2024/GroupBy.js', 420, 438 ]
134756 silly gunzTarPerm extractEntry region-usage-json/NI.json
134757 silly gunzTarPerm modified mode [ 'region-usage-json/NI.json', 420, 438 ]
134758 silly gunzTarPerm extractEntry library/modules/es6.string.from-code-point.js
134759 silly gunzTarPerm extractEntry modules/es6.string.from-code-point.js
134760 silly gunzTarPerm extractEntry fp/lastIndexOfFrom.js
134761 silly gunzTarPerm modified mode [ 'fp/lastIndexOfFrom.js', 420, 438 ]
134762 silly gunzTarPerm extractEntry lodash.js
134763 silly gunzTarPerm modified mode [ 'lodash.js', 420, 438 ]
134764 silly gunzTarPerm extractEntry region-usage-json/NL.json
134765 silly gunzTarPerm modified mode [ 'region-usage-json/NL.json', 420, 438 ]
134766 silly gunzTarPerm extractEntry data/regions/QA.js
134767 silly gunzTarPerm modified mode [ 'data/regions/QA.js', 420, 438 ]
134768 silly gunzTarPerm extractEntry data/features/queryselector.js
134769 silly gunzTarPerm modified mode [ 'data/features/queryselector.js', 420, 438 ]
134770 silly gunzTarPerm extractEntry region-usage-json/NO.json
134771 silly gunzTarPerm modified mode [ 'region-usage-json/NO.json', 420, 438 ]
134772 silly gunzTarPerm extractEntry features-json/notifications.json
134773 silly gunzTarPerm modified mode [ 'features-json/notifications.json', 420, 438 ]
134774 silly gunzTarPerm extractEntry 2024/HasEitherUnicodeFlag.js
134775 silly gunzTarPerm modified mode [ '2024/HasEitherUnicodeFlag.js', 420, 438 ]
134776 silly gunzTarPerm extractEntry 2015/HasOwnProperty.js
134777 silly gunzTarPerm modified mode [ '2015/HasOwnProperty.js', 420, 438 ]
134778 silly gunzTarPerm extractEntry library/modules/es6.string.includes.js
134779 silly gunzTarPerm extractEntry modules/es6.string.includes.js
134780 silly gunzTarPerm extractEntry region-usage-json/NP.json
134781 silly gunzTarPerm modified mode [ 'region-usage-json/NP.json', 420, 438 ]
134782 silly gunzTarPerm extractEntry lodash.min.js
134783 silly gunzTarPerm modified mode [ 'lodash.min.js', 420, 438 ]
134784 silly gunzTarPerm extractEntry region-usage-json/NR.json
134785 silly gunzTarPerm modified mode [ 'region-usage-json/NR.json', 420, 438 ]
134786 silly gunzTarPerm extractEntry data/regions/RE.js
134787 silly gunzTarPerm modified mode [ 'data/regions/RE.js', 420, 438 ]
134788 silly gunzTarPerm extractEntry data/features/readonly-attr.js
134789 silly gunzTarPerm modified mode [ 'data/features/readonly-attr.js', 420, 438 ]
134790 silly gunzTarPerm extractEntry region-usage-json/NU.json
134791 silly gunzTarPerm modified mode [ 'region-usage-json/NU.json', 420, 438 ]
134792 silly gunzTarPerm extractEntry region-usage-json/NZ.json
134793 silly gunzTarPerm modified mode [ 'region-usage-json/NZ.json', 420, 438 ]
134794 silly gunzTarPerm extractEntry library/modules/es6.string.italics.js
134795 silly gunzTarPerm extractEntry modules/es6.string.italics.js
134796 silly gunzTarPerm extractEntry 2016/HasOwnProperty.js
134797 silly gunzTarPerm modified mode [ '2016/HasOwnProperty.js', 420, 438 ]
134798 silly gunzTarPerm extractEntry 2017/HasOwnProperty.js
134799 silly gunzTarPerm modified mode [ '2017/HasOwnProperty.js', 420, 438 ]
134800 silly gunzTarPerm extractEntry fp/lowerCase.js
134801 silly gunzTarPerm modified mode [ 'fp/lowerCase.js', 420, 438 ]
134802 silly gunzTarPerm extractEntry lowerCase.js
134803 silly gunzTarPerm modified mode [ 'lowerCase.js', 420, 438 ]
134804 silly gunzTarPerm extractEntry features-json/object-entries.json
134805 silly gunzTarPerm modified mode [ 'features-json/object-entries.json', 420, 438 ]
134806 silly gunzTarPerm extractEntry features-json/object-fit.json
134807 silly gunzTarPerm modified mode [ 'features-json/object-fit.json', 420, 438 ]
134808 silly gunzTarPerm extractEntry data/features/referrer-policy.js
134809 silly gunzTarPerm modified mode [ 'data/features/referrer-policy.js', 420, 438 ]
134810 silly gunzTarPerm extractEntry dist/unpacker/region.js
134811 silly gunzTarPerm modified mode [ 'dist/unpacker/region.js', 420, 438 ]
134812 silly gunzTarPerm extractEntry features-json/object-observe.json
134813 silly gunzTarPerm modified mode [ 'features-json/object-observe.json', 420, 438 ]
134814 silly gunzTarPerm extractEntry library/modules/es6.string.iterator.js
134815 silly gunzTarPerm extractEntry modules/es6.string.iterator.js
134816 silly gunzTarPerm extractEntry features-json/object-values.json
134817 silly gunzTarPerm modified mode [ 'features-json/object-values.json', 420, 438 ]
134818 silly gunzTarPerm extractEntry 2018/HasOwnProperty.js
134819 silly gunzTarPerm modified mode [ '2018/HasOwnProperty.js', 420, 438 ]
134820 silly gunzTarPerm extractEntry 2019/HasOwnProperty.js
134821 silly gunzTarPerm modified mode [ '2019/HasOwnProperty.js', 420, 438 ]
134822 silly gunzTarPerm extractEntry fp/lowerFirst.js
134823 silly gunzTarPerm modified mode [ 'fp/lowerFirst.js', 420, 438 ]
134824 silly gunzTarPerm extractEntry lowerFirst.js
134825 silly gunzTarPerm modified mode [ 'lowerFirst.js', 420, 438 ]
134826 silly gunzTarPerm extractEntry features-json/objectrtc.json
134827 silly gunzTarPerm modified mode [ 'features-json/objectrtc.json', 420, 438 ]
134828 silly gunzTarPerm extractEntry features-json/offline-apps.json
134829 silly gunzTarPerm modified mode [ 'features-json/offline-apps.json', 420, 438 ]
134830 silly gunzTarPerm extractEntry data/features/registerprotocolhandler.js
134831 silly gunzTarPerm modified mode [ 'data/features/registerprotocolhandler.js', 420, 438 ]
134832 silly gunzTarPerm extractEntry data/features/rel-noopener.js
134833 silly gunzTarPerm modified mode [ 'data/features/rel-noopener.js', 420, 438 ]
134834 silly gunzTarPerm extractEntry library/modules/es6.string.link.js
134835 silly gunzTarPerm extractEntry modules/es6.string.link.js
134836 silly gunzTarPerm extractEntry features-json/offscreencanvas.json
134837 silly gunzTarPerm modified mode [ 'features-json/offscreencanvas.json', 420, 438 ]
134838 silly gunzTarPerm extractEntry fp/lt.js
134839 silly gunzTarPerm modified mode [ 'fp/lt.js', 420, 438 ]
134840 silly gunzTarPerm extractEntry lt.js
134841 silly gunzTarPerm modified mode [ 'lt.js', 420, 438 ]
134842 silly gunzTarPerm extractEntry 2020/HasOwnProperty.js
134843 silly gunzTarPerm modified mode [ '2020/HasOwnProperty.js', 420, 438 ]
134844 silly gunzTarPerm extractEntry 2021/HasOwnProperty.js
134845 silly gunzTarPerm modified mode [ '2021/HasOwnProperty.js', 420, 438 ]
134846 silly gunzTarPerm extractEntry features-json/ogg-vorbis.json
134847 silly gunzTarPerm modified mode [ 'features-json/ogg-vorbis.json', 420, 438 ]
134848 silly gunzTarPerm extractEntry features-json/ogv.json
134849 silly gunzTarPerm modified mode [ 'features-json/ogv.json', 420, 438 ]
134850 silly gunzTarPerm extractEntry library/modules/es6.string.raw.js
134851 silly gunzTarPerm extractEntry modules/es6.string.raw.js
134852 silly gunzTarPerm extractEntry features-json/ol-reversed.json
134853 silly gunzTarPerm modified mode [ 'features-json/ol-reversed.json', 420, 438 ]
134854 silly gunzTarPerm extractEntry data/features/rel-noreferrer.js
134855 silly gunzTarPerm modified mode [ 'data/features/rel-noreferrer.js', 420, 438 ]
134856 silly gunzTarPerm extractEntry data/features/rellist.js
134857 silly gunzTarPerm modified mode [ 'data/features/rellist.js', 420, 438 ]
134858 silly gunzTarPerm extractEntry region-usage-json/OM.json
134859 silly gunzTarPerm modified mode [ 'region-usage-json/OM.json', 420, 438 ]
134860 silly gunzTarPerm extractEntry fp/lte.js
134861 silly gunzTarPerm modified mode [ 'fp/lte.js', 420, 438 ]
134862 silly gunzTarPerm extractEntry lte.js
134863 silly gunzTarPerm modified mode [ 'lte.js', 420, 438 ]
134864 silly gunzTarPerm extractEntry 2022/HasOwnProperty.js
134865 silly gunzTarPerm modified mode [ '2022/HasOwnProperty.js', 420, 438 ]
134866 silly gunzTarPerm extractEntry 2023/HasOwnProperty.js
134867 silly gunzTarPerm modified mode [ '2023/HasOwnProperty.js', 420, 438 ]
134868 silly gunzTarPerm extractEntry features-json/once-event-listener.json
134869 silly gunzTarPerm modified mode [ 'features-json/once-event-listener.json', 420, 438 ]
134870 silly gunzTarPerm extractEntry features-json/online-status.json
134871 silly gunzTarPerm modified mode [ 'features-json/online-status.json', 420, 438 ]
134872 silly gunzTarPerm extractEntry library/modules/es6.string.repeat.js
134873 silly gunzTarPerm extractEntry modules/es6.string.repeat.js
134874 silly gunzTarPerm extractEntry features-json/opus.json
134875 silly gunzTarPerm modified mode [ 'features-json/opus.json', 420, 438 ]
134876 silly gunzTarPerm extractEntry data/features/rem.js
134877 silly gunzTarPerm modified mode [ 'data/features/rem.js', 420, 438 ]
134878 silly gunzTarPerm extractEntry fp/map.js
134879 silly gunzTarPerm modified mode [ 'fp/map.js', 420, 438 ]
134880 silly gunzTarPerm extractEntry map.js
134881 silly gunzTarPerm modified mode [ 'map.js', 420, 438 ]
134882 silly gunzTarPerm extractEntry data/features/requestanimationframe.js
134883 silly gunzTarPerm modified mode [ 'data/features/requestanimationframe.js', 420, 438 ]
134884 silly gunzTarPerm extractEntry features-json/orientation-sensor.json
134885 silly gunzTarPerm modified mode [ 'features-json/orientation-sensor.json', 420, 438 ]
134886 silly gunzTarPerm extractEntry 2024/HasOwnProperty.js
134887 silly gunzTarPerm modified mode [ '2024/HasOwnProperty.js', 420, 438 ]
134888 silly gunzTarPerm extractEntry 2015/HasProperty.js
134889 silly gunzTarPerm modified mode [ '2015/HasProperty.js', 420, 438 ]
134890 silly gunzTarPerm extractEntry features-json/outline.json
134891 silly gunzTarPerm modified mode [ 'features-json/outline.json', 420, 438 ]
134892 silly gunzTarPerm extractEntry region-usage-json/PA.json
134893 silly gunzTarPerm modified mode [ 'region-usage-json/PA.json', 420, 438 ]
134894 silly gunzTarPerm extractEntry library/modules/es6.string.small.js
134895 silly gunzTarPerm extractEntry modules/es6.string.small.js
134896 silly gunzTarPerm extractEntry data/features/requestidlecallback.js
134897 silly gunzTarPerm modified mode [ 'data/features/requestidlecallback.js', 420, 438 ]
134898 silly gunzTarPerm extractEntry data/features/resizeobserver.js
134899 silly gunzTarPerm modified mode [ 'data/features/resizeobserver.js', 420, 438 ]
134900 silly gunzTarPerm extractEntry package.json
134901 silly gunzTarPerm modified mode [ 'package.json', 420, 438 ]
134902 silly gunzTarPerm extractEntry fp/mapKeys.js
134903 silly gunzTarPerm modified mode [ 'fp/mapKeys.js', 420, 438 ]
134904 silly gunzTarPerm extractEntry mapKeys.js
134905 silly gunzTarPerm modified mode [ 'mapKeys.js', 420, 438 ]
134906 silly gunzTarPerm extractEntry features-json/pad-start-end.json
134907 silly gunzTarPerm modified mode [ 'features-json/pad-start-end.json', 420, 438 ]
134908 silly gunzTarPerm extractEntry 2016/HasProperty.js
134909 silly gunzTarPerm modified mode [ '2016/HasProperty.js', 420, 438 ]
134910 silly gunzTarPerm extractEntry 2017/HasProperty.js
134911 silly gunzTarPerm modified mode [ '2017/HasProperty.js', 420, 438 ]
134912 silly gunzTarPerm extractEntry features-json/page-transition-events.json
134913 silly gunzTarPerm modified mode [ 'features-json/page-transition-events.json', 420, 438 ]
134914 silly gunzTarPerm extractEntry features-json/pagevisibility.json
134915 silly gunzTarPerm modified mode [ 'features-json/pagevisibility.json', 420, 438 ]
134916 silly gunzTarPerm extractEntry library/modules/es6.string.starts-with.js
134917 silly gunzTarPerm extractEntry modules/es6.string.starts-with.js
134918 silly gunzTarPerm extractEntry data/features/resource-timing.js
134919 silly gunzTarPerm modified mode [ 'data/features/resource-timing.js', 420, 438 ]
134920 silly gunzTarPerm extractEntry data/features/rest-parameters.js
134921 silly gunzTarPerm modified mode [ 'data/features/rest-parameters.js', 420, 438 ]
134922 silly gunzTarPerm extractEntry fp/mapValues.js
134923 silly gunzTarPerm modified mode [ 'fp/mapValues.js', 420, 438 ]
134924 silly gunzTarPerm extractEntry mapValues.js
134925 silly gunzTarPerm modified mode [ 'mapValues.js', 420, 438 ]
134926 silly gunzTarPerm extractEntry features-json/passive-event-listener.json
134927 silly gunzTarPerm modified mode [ 'features-json/passive-event-listener.json', 420, 438 ]
134928 silly gunzTarPerm extractEntry features-json/passkeys.json
134929 silly gunzTarPerm modified mode [ 'features-json/passkeys.json', 420, 438 ]
134930 silly gunzTarPerm extractEntry features-json/passwordrules.json
134931 silly gunzTarPerm modified mode [ 'features-json/passwordrules.json', 420, 438 ]
134932 silly gunzTarPerm extractEntry 2018/HasProperty.js
134933 silly gunzTarPerm modified mode [ '2018/HasProperty.js', 420, 438 ]
134934 silly gunzTarPerm extractEntry 2019/HasProperty.js
134935 silly gunzTarPerm modified mode [ '2019/HasProperty.js', 420, 438 ]
134936 silly gunzTarPerm extractEntry library/modules/es6.string.strike.js
134937 silly gunzTarPerm extractEntry modules/es6.string.strike.js
134938 silly gunzTarPerm extractEntry features-json/path2d.json
134939 silly gunzTarPerm modified mode [ 'features-json/path2d.json', 420, 438 ]
134940 silly gunzTarPerm extractEntry fp/matches.js
134941 silly gunzTarPerm modified mode [ 'fp/matches.js', 420, 438 ]
134942 silly gunzTarPerm extractEntry matches.js
134943 silly gunzTarPerm modified mode [ 'matches.js', 420, 438 ]
134944 silly gunzTarPerm extractEntry data/regions/RO.js
134945 silly gunzTarPerm modified mode [ 'data/regions/RO.js', 420, 438 ]
134946 silly gunzTarPerm extractEntry data/regions/RS.js
134947 silly gunzTarPerm modified mode [ 'data/regions/RS.js', 420, 438 ]
134948 silly gunzTarPerm extractEntry features-json/payment-request.json
134949 silly gunzTarPerm modified mode [ 'features-json/payment-request.json', 420, 438 ]
134950 silly gunzTarPerm extractEntry features-json/pdf-viewer.json
134951 silly gunzTarPerm modified mode [ 'features-json/pdf-viewer.json', 420, 438 ]
134952 silly gunzTarPerm extractEntry 2020/HasProperty.js
134953 silly gunzTarPerm modified mode [ '2020/HasProperty.js', 420, 438 ]
134954 silly gunzTarPerm extractEntry 2021/HasProperty.js
134955 silly gunzTarPerm modified mode [ '2021/HasProperty.js', 420, 438 ]
134956 silly gunzTarPerm extractEntry library/modules/es6.string.sub.js
134957 silly gunzTarPerm extractEntry modules/es6.string.sub.js
134958 silly gunzTarPerm extractEntry region-usage-json/PE.json
134959 silly gunzTarPerm modified mode [ 'region-usage-json/PE.json', 420, 438 ]
134960 silly gunzTarPerm extractEntry features-json/permissions-api.json
134961 silly gunzTarPerm modified mode [ 'features-json/permissions-api.json', 420, 438 ]
134962 silly gunzTarPerm extractEntry fp/matchesProperty.js
134963 silly gunzTarPerm modified mode [ 'fp/matchesProperty.js', 420, 438 ]
134964 silly gunzTarPerm extractEntry matchesProperty.js
134965 silly gunzTarPerm modified mode [ 'matchesProperty.js', 420, 438 ]
134966 silly gunzTarPerm extractEntry data/features/rtcpeerconnection.js
134967 silly gunzTarPerm modified mode [ 'data/features/rtcpeerconnection.js', 420, 438 ]
134968 silly gunzTarPerm extractEntry data/regions/RU.js
134969 silly gunzTarPerm modified mode [ 'data/regions/RU.js', 420, 438 ]
134970 silly gunzTarPerm extractEntry features-json/permissions-policy.json
134971 silly gunzTarPerm modified mode [ 'features-json/permissions-policy.json', 420, 438 ]
134972 silly gunzTarPerm extractEntry region-usage-json/PF.json
134973 silly gunzTarPerm modified mode [ 'region-usage-json/PF.json', 420, 438 ]
134974 silly gunzTarPerm extractEntry 2022/HasProperty.js
134975 silly gunzTarPerm modified mode [ '2022/HasProperty.js', 420, 438 ]
134976 silly gunzTarPerm extractEntry 2023/HasProperty.js
134977 silly gunzTarPerm modified mode [ '2023/HasProperty.js', 420, 438 ]
134978 silly gunzTarPerm extractEntry region-usage-json/PG.json
134979 silly gunzTarPerm modified mode [ 'region-usage-json/PG.json', 420, 438 ]
134980 silly gunzTarPerm extractEntry library/modules/es6.string.sup.js
134981 silly gunzTarPerm extractEntry modules/es6.string.sup.js
134982 silly gunzTarPerm extractEntry region-usage-json/PH.json
134983 silly gunzTarPerm modified mode [ 'region-usage-json/PH.json', 420, 438 ]
134984 silly gunzTarPerm extractEntry fp/math.js
134985 silly gunzTarPerm modified mode [ 'fp/math.js', 420, 438 ]
134986 silly gunzTarPerm extractEntry math.js
134987 silly gunzTarPerm modified mode [ 'math.js', 420, 438 ]
134988 silly gunzTarPerm extractEntry data/features/ruby.js
134989 silly gunzTarPerm modified mode [ 'data/features/ruby.js', 420, 438 ]
134990 silly gunzTarPerm extractEntry data/features/run-in.js
134991 silly gunzTarPerm modified mode [ 'data/features/run-in.js', 420, 438 ]
134992 silly gunzTarPerm extractEntry features-json/picture-in-picture.json
134993 silly gunzTarPerm modified mode [ 'features-json/picture-in-picture.json', 420, 438 ]
134994 silly gunzTarPerm extractEntry features-json/picture.json
134995 silly gunzTarPerm modified mode [ 'features-json/picture.json', 420, 438 ]
134996 silly gunzTarPerm extractEntry 2024/HasProperty.js
134997 silly gunzTarPerm modified mode [ '2024/HasProperty.js', 420, 438 ]
134998 silly gunzTarPerm extractEntry 2015/HourFromTime.js
134999 silly gunzTarPerm modified mode [ '2015/HourFromTime.js', 420, 438 ]
135000 silly gunzTarPerm extractEntry features-json/ping.json
135001 silly gunzTarPerm modified mode [ 'features-json/ping.json', 420, 438 ]
135002 silly gunzTarPerm extractEntry library/modules/es6.string.trim.js
135003 silly gunzTarPerm extractEntry modules/es6.string.trim.js
135004 silly gunzTarPerm extractEntry fp/max.js
135005 silly gunzTarPerm modified mode [ 'fp/max.js', 420, 438 ]
135006 silly gunzTarPerm extractEntry max.js
135007 silly gunzTarPerm modified mode [ 'max.js', 420, 438 ]
135008 silly gunzTarPerm extractEntry region-usage-json/PK.json
135009 silly gunzTarPerm modified mode [ 'region-usage-json/PK.json', 420, 438 ]
135010 silly gunzTarPerm extractEntry data/regions/RW.js
135011 silly gunzTarPerm modified mode [ 'data/regions/RW.js', 420, 438 ]
135012 silly gunzTarPerm extractEntry data/regions/SA.js
135013 silly gunzTarPerm modified mode [ 'data/regions/SA.js', 420, 438 ]
135014 silly gunzTarPerm extractEntry region-usage-json/PL.json
135015 silly gunzTarPerm modified mode [ 'region-usage-json/PL.json', 420, 438 ]
135016 silly gunzTarPerm extractEntry 2016/HourFromTime.js
135017 silly gunzTarPerm modified mode [ '2016/HourFromTime.js', 420, 438 ]
135018 silly gunzTarPerm extractEntry 2017/HourFromTime.js
135019 silly gunzTarPerm modified mode [ '2017/HourFromTime.js', 420, 438 ]
135020 silly gunzTarPerm extractEntry region-usage-json/PM.json
135021 silly gunzTarPerm modified mode [ 'region-usage-json/PM.json', 420, 438 ]
135022 silly gunzTarPerm extractEntry fp/maxBy.js
135023 silly gunzTarPerm modified mode [ 'fp/maxBy.js', 420, 438 ]
135024 silly gunzTarPerm extractEntry maxBy.js
135025 silly gunzTarPerm modified mode [ 'maxBy.js', 420, 438 ]
135026 silly gunzTarPerm extractEntry region-usage-json/PN.json
135027 silly gunzTarPerm modified mode [ 'region-usage-json/PN.json', 420, 438 ]
135028 silly gunzTarPerm extractEntry library/modules/es6.symbol.js
135029 silly gunzTarPerm extractEntry modules/es6.symbol.js
135030 silly gunzTarPerm extractEntry data/features/same-site-cookie-attribute.js
135031 silly gunzTarPerm modified mode [ 'data/features/same-site-cookie-attribute.js', 420, 438 ]
135032 silly gunzTarPerm extractEntry data/regions/SB.js
135033 silly gunzTarPerm modified mode [ 'data/regions/SB.js', 420, 438 ]
135034 silly gunzTarPerm extractEntry features-json/png-alpha.json
135035 silly gunzTarPerm modified mode [ 'features-json/png-alpha.json', 420, 438 ]
135036 silly gunzTarPerm extractEntry 2018/HourFromTime.js
135037 silly gunzTarPerm modified mode [ '2018/HourFromTime.js', 420, 438 ]
135038 silly gunzTarPerm extractEntry 2019/HourFromTime.js
135039 silly gunzTarPerm modified mode [ '2019/HourFromTime.js', 420, 438 ]
135040 silly gunzTarPerm extractEntry features-json/pointer-events.json
135041 silly gunzTarPerm modified mode [ 'features-json/pointer-events.json', 420, 438 ]
135042 silly gunzTarPerm extractEntry fp/mean.js
135043 silly gunzTarPerm modified mode [ 'fp/mean.js', 420, 438 ]
135044 silly gunzTarPerm extractEntry mean.js
135045 silly gunzTarPerm modified mode [ 'mean.js', 420, 438 ]
135046 silly gunzTarPerm extractEntry features-json/pointer.json
135047 silly gunzTarPerm modified mode [ 'features-json/pointer.json', 420, 438 ]
135048 silly gunzTarPerm extractEntry library/modules/es6.typed.array-buffer.js
135049 silly gunzTarPerm extractEntry modules/es6.typed.array-buffer.js
135050 silly gunzTarPerm extractEntry features-json/pointerlock.json
135051 silly gunzTarPerm modified mode [ 'features-json/pointerlock.json', 420, 438 ]
135052 silly gunzTarPerm extractEntry data/regions/SC.js
135053 silly gunzTarPerm modified mode [ 'data/regions/SC.js', 420, 438 ]
135054 silly gunzTarPerm extractEntry data/features/screen-orientation.js
135055 silly gunzTarPerm modified mode [ 'data/features/screen-orientation.js', 420, 438 ]
135056 silly gunzTarPerm extractEntry 2020/HourFromTime.js
135057 silly gunzTarPerm modified mode [ '2020/HourFromTime.js', 420, 438 ]
135058 silly gunzTarPerm extractEntry 2021/HourFromTime.js
135059 silly gunzTarPerm modified mode [ '2021/HourFromTime.js', 420, 438 ]
135060 silly gunzTarPerm extractEntry features-json/portals.json
135061 silly gunzTarPerm modified mode [ 'features-json/portals.json', 420, 438 ]
135062 silly gunzTarPerm extractEntry region-usage-json/PR.json
135063 silly gunzTarPerm modified mode [ 'region-usage-json/PR.json', 420, 438 ]
135064 silly gunzTarPerm extractEntry library/modules/es6.typed.data-view.js
135065 silly gunzTarPerm extractEntry modules/es6.typed.data-view.js
135066 silly gunzTarPerm extractEntry fp/meanBy.js
135067 silly gunzTarPerm modified mode [ 'fp/meanBy.js', 420, 438 ]
135068 silly gunzTarPerm extractEntry meanBy.js
135069 silly gunzTarPerm modified mode [ 'meanBy.js', 420, 438 ]
135070 silly gunzTarPerm extractEntry features-json/prefers-color-scheme.json
135071 silly gunzTarPerm modified mode [ 'features-json/prefers-color-scheme.json', 420, 438 ]
135072 silly gunzTarPerm extractEntry features-json/prefers-reduced-motion.json
135073 silly gunzTarPerm modified mode [ 'features-json/prefers-reduced-motion.json', 420, 438 ]
135074 silly gunzTarPerm extractEntry data/features/script-async.js
135075 silly gunzTarPerm modified mode [ 'data/features/script-async.js', 420, 438 ]
135076 silly gunzTarPerm extractEntry data/features/script-defer.js
135077 silly gunzTarPerm modified mode [ 'data/features/script-defer.js', 420, 438 ]
135078 silly gunzTarPerm extractEntry 2022/HourFromTime.js
135079 silly gunzTarPerm modified mode [ '2022/HourFromTime.js', 420, 438 ]
135080 silly gunzTarPerm extractEntry 2023/HourFromTime.js
135081 silly gunzTarPerm modified mode [ '2023/HourFromTime.js', 420, 438 ]
135082 silly gunzTarPerm extractEntry features-json/progress.json
135083 silly gunzTarPerm modified mode [ 'features-json/progress.json', 420, 438 ]
135084 silly gunzTarPerm extractEntry features-json/promise-finally.json
135085 silly gunzTarPerm modified mode [ 'features-json/promise-finally.json', 420, 438 ]
135086 silly gunzTarPerm extractEntry fp/memoize.js
135087 silly gunzTarPerm modified mode [ 'fp/memoize.js', 420, 438 ]
135088 silly gunzTarPerm extractEntry memoize.js
135089 silly gunzTarPerm modified mode [ 'memoize.js', 420, 438 ]
135090 silly gunzTarPerm extractEntry library/modules/es6.typed.float32-array.js
135091 silly gunzTarPerm extractEntry modules/es6.typed.float32-array.js
135092 silly gunzTarPerm extractEntry features-json/promises.json
135093 silly gunzTarPerm modified mode [ 'features-json/promises.json', 420, 438 ]
135094 silly gunzTarPerm extractEntry 2024/HourFromTime.js
135095 silly gunzTarPerm modified mode [ '2024/HourFromTime.js', 420, 438 ]
135096 silly gunzTarPerm extractEntry 5/HourFromTime.js
135097 silly gunzTarPerm modified mode [ '5/HourFromTime.js', 420, 438 ]
135098 silly gunzTarPerm extractEntry features-json/proximity.json
135099 silly gunzTarPerm modified mode [ 'features-json/proximity.json', 420, 438 ]
135100 silly gunzTarPerm extractEntry data/features/scrollintoview.js
135101 silly gunzTarPerm modified mode [ 'data/features/scrollintoview.js', 420, 438 ]
135102 silly gunzTarPerm extractEntry data/features/scrollintoviewifneeded.js
135103 silly gunzTarPerm modified mode [ 'data/features/scrollintoviewifneeded.js', 420, 438 ]
135104 silly gunzTarPerm extractEntry data/regions/SD.js
135105 silly gunzTarPerm modified mode [ 'data/regions/SD.js', 420, 438 ]
135106 silly gunzTarPerm extractEntry features-json/proxy.json
135107 silly gunzTarPerm modified mode [ 'features-json/proxy.json', 420, 438 ]
135108 silly gunzTarPerm extractEntry data/features/sdch.js
135109 silly gunzTarPerm modified mode [ 'data/features/sdch.js', 420, 438 ]
135110 silly gunzTarPerm extractEntry fp/merge.js
135111 silly gunzTarPerm modified mode [ 'fp/merge.js', 420, 438 ]
135112 silly gunzTarPerm extractEntry merge.js
135113 silly gunzTarPerm modified mode [ 'merge.js', 420, 438 ]
135114 silly gunzTarPerm extractEntry region-usage-json/PS.json
135115 silly gunzTarPerm modified mode [ 'region-usage-json/PS.json', 420, 438 ]
135116 silly gunzTarPerm extractEntry library/modules/es6.typed.float64-array.js
135117 silly gunzTarPerm extractEntry modules/es6.typed.float64-array.js
135118 silly gunzTarPerm extractEntry region-usage-json/PT.json
135119 silly gunzTarPerm modified mode [ 'region-usage-json/PT.json', 420, 438 ]
135120 silly gunzTarPerm extractEntry 2020/BigInt/index.js
135121 silly gunzTarPerm modified mode [ '2020/BigInt/index.js', 420, 438 ]
135122 silly gunzTarPerm extractEntry 2020/Number/index.js
135123 silly gunzTarPerm modified mode [ '2020/Number/index.js', 420, 438 ]
135124 silly gunzTarPerm extractEntry features-json/publickeypinning.json
135125 silly gunzTarPerm modified mode [ 'features-json/publickeypinning.json', 420, 438 ]
135126 silly gunzTarPerm extractEntry features-json/push-api.json
135127 silly gunzTarPerm modified mode [ 'features-json/push-api.json', 420, 438 ]
135128 silly gunzTarPerm extractEntry fp/mergeAll.js
135129 silly gunzTarPerm modified mode [ 'fp/mergeAll.js', 420, 438 ]
135130 silly gunzTarPerm extractEntry fp/mergeAllWith.js
135131 silly gunzTarPerm modified mode [ 'fp/mergeAllWith.js', 420, 438 ]
135132 silly gunzTarPerm extractEntry data/regions/SE.js
135133 silly gunzTarPerm modified mode [ 'data/regions/SE.js', 420, 438 ]
135134 silly gunzTarPerm extractEntry data/features/selection-api.js
135135 silly gunzTarPerm modified mode [ 'data/features/selection-api.js', 420, 438 ]
135136 silly gunzTarPerm extractEntry region-usage-json/PW.json
135137 silly gunzTarPerm modified mode [ 'region-usage-json/PW.json', 420, 438 ]
135138 silly gunzTarPerm extractEntry library/modules/es6.typed.int16-array.js
135139 silly gunzTarPerm extractEntry modules/es6.typed.int16-array.js
135140 silly gunzTarPerm extractEntry 2021/BigInt/index.js
135141 silly gunzTarPerm modified mode [ '2021/BigInt/index.js', 420, 438 ]
135142 silly gunzTarPerm extractEntry 2021/Number/index.js
135143 silly gunzTarPerm modified mode [ '2021/Number/index.js', 420, 438 ]
135144 silly gunzTarPerm extractEntry region-usage-json/PY.json
135145 silly gunzTarPerm modified mode [ 'region-usage-json/PY.json', 420, 438 ]
135146 silly gunzTarPerm extractEntry region-usage-json/QA.json
135147 silly gunzTarPerm modified mode [ 'region-usage-json/QA.json', 420, 438 ]
135148 silly gunzTarPerm extractEntry fp/mergeWith.js
135149 silly gunzTarPerm modified mode [ 'fp/mergeWith.js', 420, 438 ]
135150 silly gunzTarPerm extractEntry mergeWith.js
135151 silly gunzTarPerm modified mode [ 'mergeWith.js', 420, 438 ]
135152 silly gunzTarPerm extractEntry data/features/selectlist.js
135153 silly gunzTarPerm modified mode [ 'data/features/selectlist.js', 420, 438 ]
135154 silly gunzTarPerm extractEntry data/features/server-timing.js
135155 silly gunzTarPerm modified mode [ 'data/features/server-timing.js', 420, 438 ]
135156 silly gunzTarPerm extractEntry features-json/queryselector.json
135157 silly gunzTarPerm modified mode [ 'features-json/queryselector.json', 420, 438 ]
135158 silly gunzTarPerm extractEntry region-usage-json/RE.json
135159 silly gunzTarPerm modified mode [ 'region-usage-json/RE.json', 420, 438 ]
135160 silly gunzTarPerm extractEntry 2022/BigInt/index.js
135161 silly gunzTarPerm modified mode [ '2022/BigInt/index.js', 420, 438 ]
135162 silly gunzTarPerm extractEntry 2022/Number/index.js
135163 silly gunzTarPerm modified mode [ '2022/Number/index.js', 420, 438 ]
135164 silly gunzTarPerm extractEntry library/modules/es6.typed.int32-array.js
135165 silly gunzTarPerm extractEntry modules/es6.typed.int32-array.js
135166 silly gunzTarPerm extractEntry fp/method.js
135167 silly gunzTarPerm modified mode [ 'fp/method.js', 420, 438 ]
135168 silly gunzTarPerm extractEntry method.js
135169 silly gunzTarPerm modified mode [ 'method.js', 420, 438 ]
135170 silly gunzTarPerm extractEntry data/features/serviceworkers.js
135171 silly gunzTarPerm modified mode [ 'data/features/serviceworkers.js', 420, 438 ]
135172 silly gunzTarPerm extractEntry data/features/setimmediate.js
135173 silly gunzTarPerm modified mode [ 'data/features/setimmediate.js', 420, 438 ]
135174 silly gunzTarPerm extractEntry library/modules/es6.typed.int8-array.js
135175 silly gunzTarPerm extractEntry modules/es6.typed.int8-array.js
135176 silly gunzTarPerm extractEntry 2023/BigInt/index.js
135177 silly gunzTarPerm modified mode [ '2023/BigInt/index.js', 420, 438 ]
135178 silly gunzTarPerm extractEntry 2023/Number/index.js
135179 silly gunzTarPerm modified mode [ '2023/Number/index.js', 420, 438 ]
135180 silly gunzTarPerm extractEntry features-json/readonly-attr.json
135181 silly gunzTarPerm modified mode [ 'features-json/readonly-attr.json', 420, 438 ]
135182 silly gunzTarPerm extractEntry features-json/referrer-policy.json
135183 silly gunzTarPerm modified mode [ 'features-json/referrer-policy.json', 420, 438 ]
135184 silly gunzTarPerm extractEntry features-json/registerprotocolhandler.json
135185 silly gunzTarPerm modified mode [ 'features-json/registerprotocolhandler.json', 420, 438 ]
135186 silly gunzTarPerm extractEntry fp/methodOf.js
135187 silly gunzTarPerm modified mode [ 'fp/methodOf.js', 420, 438 ]
135188 silly gunzTarPerm extractEntry methodOf.js
135189 silly gunzTarPerm modified mode [ 'methodOf.js', 420, 438 ]
135190 silly gunzTarPerm extractEntry data/regions/SG.js
135191 silly gunzTarPerm modified mode [ 'data/regions/SG.js', 420, 438 ]
135192 silly gunzTarPerm extractEntry data/regions/SH.js
135193 silly gunzTarPerm modified mode [ 'data/regions/SH.js', 420, 438 ]
135194 silly gunzTarPerm extractEntry features-json/rel-noopener.json
135195 silly gunzTarPerm modified mode [ 'features-json/rel-noopener.json', 420, 438 ]
135196 silly gunzTarPerm extractEntry features-json/rel-noreferrer.json
135197 silly gunzTarPerm modified mode [ 'features-json/rel-noreferrer.json', 420, 438 ]
135198 silly gunzTarPerm extractEntry 2024/BigInt/index.js
135199 silly gunzTarPerm modified mode [ '2024/BigInt/index.js', 420, 438 ]
135200 silly gunzTarPerm extractEntry 2024/Number/index.js
135201 silly gunzTarPerm modified mode [ '2024/Number/index.js', 420, 438 ]
135202 silly gunzTarPerm extractEntry library/modules/es6.typed.uint16-array.js
135203 silly gunzTarPerm extractEntry modules/es6.typed.uint16-array.js
135204 silly gunzTarPerm extractEntry features-json/rellist.json
135205 silly gunzTarPerm modified mode [ 'features-json/rellist.json', 420, 438 ]
135206 silly gunzTarPerm extractEntry fp/min.js
135207 silly gunzTarPerm modified mode [ 'fp/min.js', 420, 438 ]
135208 silly gunzTarPerm extractEntry min.js
135209 silly gunzTarPerm modified mode [ 'min.js', 420, 438 ]
135210 silly gunzTarPerm extractEntry features-json/rem.json
135211 silly gunzTarPerm modified mode [ 'features-json/rem.json', 420, 438 ]
135212 silly gunzTarPerm extractEntry data/features/shadowdom.js
135213 silly gunzTarPerm modified mode [ 'data/features/shadowdom.js', 420, 438 ]
135214 silly gunzTarPerm extractEntry data/features/shadowdomv1.js
135215 silly gunzTarPerm modified mode [ 'data/features/shadowdomv1.js', 420, 438 ]
135216 silly gunzTarPerm extractEntry features-json/requestanimationframe.json
135217 silly gunzTarPerm modified mode [ 'features-json/requestanimationframe.json', 420, 438 ]
135218 silly gunzTarPerm extractEntry library/modules/es6.typed.uint32-array.js
135219 silly gunzTarPerm extractEntry modules/es6.typed.uint32-array.js
135220 silly gunzTarPerm extractEntry index.js
135221 silly gunzTarPerm modified mode [ 'index.js', 420, 438 ]
135222 silly gunzTarPerm extractEntry 2015/InLeapYear.js
135223 silly gunzTarPerm modified mode [ '2015/InLeapYear.js', 420, 438 ]
135224 silly gunzTarPerm extractEntry features-json/requestidlecallback.json
135225 silly gunzTarPerm modified mode [ 'features-json/requestidlecallback.json', 420, 438 ]
135226 silly gunzTarPerm extractEntry features-json/resizeobserver.json
135227 silly gunzTarPerm modified mode [ 'features-json/resizeobserver.json', 420, 438 ]
135228 silly gunzTarPerm extractEntry fp/minBy.js
135229 silly gunzTarPerm modified mode [ 'fp/minBy.js', 420, 438 ]
135230 silly gunzTarPerm extractEntry minBy.js
135231 silly gunzTarPerm modified mode [ 'minBy.js', 420, 438 ]
135232 silly gunzTarPerm extractEntry features-json/resource-timing.json
135233 silly gunzTarPerm modified mode [ 'features-json/resource-timing.json', 420, 438 ]
135234 silly gunzTarPerm extractEntry data/features/sharedarraybuffer.js
135235 silly gunzTarPerm modified mode [ 'data/features/sharedarraybuffer.js', 420, 438 ]
135236 silly gunzTarPerm extractEntry data/features/sharedworkers.js
135237 silly gunzTarPerm modified mode [ 'data/features/sharedworkers.js', 420, 438 ]
135238 silly gunzTarPerm extractEntry features-json/rest-parameters.json
135239 silly gunzTarPerm modified mode [ 'features-json/rest-parameters.json', 420, 438 ]
135240 silly gunzTarPerm extractEntry 2016/InLeapYear.js
135241 silly gunzTarPerm modified mode [ '2016/InLeapYear.js', 420, 438 ]
135242 silly gunzTarPerm extractEntry 2017/InLeapYear.js
135243 silly gunzTarPerm modified mode [ '2017/InLeapYear.js', 420, 438 ]
135244 silly gunzTarPerm extractEntry library/modules/es6.typed.uint8-array.js
135245 silly gunzTarPerm extractEntry modules/es6.typed.uint8-array.js
135246 silly gunzTarPerm extractEntry region-usage-json/RO.json
135247 silly gunzTarPerm modified mode [ 'region-usage-json/RO.json', 420, 438 ]
135248 silly gunzTarPerm extractEntry region-usage-json/RS.json
135249 silly gunzTarPerm modified mode [ 'region-usage-json/RS.json', 420, 438 ]
135250 silly gunzTarPerm extractEntry fp/mixin.js
135251 silly gunzTarPerm modified mode [ 'fp/mixin.js', 420, 438 ]
135252 silly gunzTarPerm extractEntry mixin.js
135253 silly gunzTarPerm modified mode [ 'mixin.js', 420, 438 ]
135254 silly gunzTarPerm extractEntry features-json/rtcpeerconnection.json
135255 silly gunzTarPerm modified mode [ 'features-json/rtcpeerconnection.json', 420, 438 ]
135256 silly gunzTarPerm extractEntry data/regions/SI.js
135257 silly gunzTarPerm modified mode [ 'data/regions/SI.js', 420, 438 ]
135258 silly gunzTarPerm extractEntry data/regions/SK.js
135259 silly gunzTarPerm modified mode [ 'data/regions/SK.js', 420, 438 ]
135260 silly gunzTarPerm extractEntry region-usage-json/RU.json
135261 silly gunzTarPerm modified mode [ 'region-usage-json/RU.json', 420, 438 ]
135262 silly gunzTarPerm extractEntry library/modules/es6.typed.uint8-clamped-array.js
135263 silly gunzTarPerm extractEntry modules/es6.typed.uint8-clamped-array.js
135264 silly gunzTarPerm extractEntry 2018/InLeapYear.js
135265 silly gunzTarPerm modified mode [ '2018/InLeapYear.js', 420, 438 ]
135266 silly gunzTarPerm extractEntry 2019/InLeapYear.js
135267 silly gunzTarPerm modified mode [ '2019/InLeapYear.js', 420, 438 ]
135268 silly gunzTarPerm extractEntry features-json/ruby.json
135269 silly gunzTarPerm modified mode [ 'features-json/ruby.json', 420, 438 ]
135270 silly gunzTarPerm extractEntry features-json/run-in.json
135271 silly gunzTarPerm modified mode [ 'features-json/run-in.json', 420, 438 ]
135272 silly gunzTarPerm extractEntry fp/multiply.js
135273 silly gunzTarPerm modified mode [ 'fp/multiply.js', 420, 438 ]
135274 silly gunzTarPerm extractEntry multiply.js
135275 silly gunzTarPerm modified mode [ 'multiply.js', 420, 438 ]
135276 silly gunzTarPerm extractEntry region-usage-json/RW.json
135277 silly gunzTarPerm modified mode [ 'region-usage-json/RW.json', 420, 438 ]
135278 silly gunzTarPerm extractEntry data/regions/SL.js
135279 silly gunzTarPerm modified mode [ 'data/regions/SL.js', 420, 438 ]
135280 silly gunzTarPerm extractEntry data/regions/SM.js
135281 silly gunzTarPerm modified mode [ 'data/regions/SM.js', 420, 438 ]
135282 silly gunzTarPerm extractEntry library/modules/es6.weak-map.js
135283 silly gunzTarPerm extractEntry modules/es6.weak-map.js
135284 silly gunzTarPerm extractEntry region-usage-json/SA.json
135285 silly gunzTarPerm modified mode [ 'region-usage-json/SA.json', 420, 438 ]
135286 silly gunzTarPerm extractEntry 2020/InLeapYear.js
135287 silly gunzTarPerm modified mode [ '2020/InLeapYear.js', 420, 438 ]
135288 silly gunzTarPerm extractEntry 2021/InLeapYear.js
135289 silly gunzTarPerm modified mode [ '2021/InLeapYear.js', 420, 438 ]
135290 silly gunzTarPerm extractEntry features-json/same-site-cookie-attribute.json
135291 silly gunzTarPerm modified mode [ 'features-json/same-site-cookie-attribute.json', 420, 438 ]
135292 silly gunzTarPerm extractEntry fp/nAry.js
135293 silly gunzTarPerm modified mode [ 'fp/nAry.js', 420, 438 ]
135294 silly gunzTarPerm extractEntry fp/negate.js
135295 silly gunzTarPerm modified mode [ 'fp/negate.js', 420, 438 ]
135296 silly gunzTarPerm extractEntry region-usage-json/SB.json
135297 silly gunzTarPerm modified mode [ 'region-usage-json/SB.json', 420, 438 ]
135298 silly gunzTarPerm extractEntry region-usage-json/SC.json
135299 silly gunzTarPerm modified mode [ 'region-usage-json/SC.json', 420, 438 ]
135300 silly gunzTarPerm extractEntry data/regions/SN.js
135301 silly gunzTarPerm modified mode [ 'data/regions/SN.js', 420, 438 ]
135302 silly gunzTarPerm extractEntry data/features/sni.js
135303 silly gunzTarPerm modified mode [ 'data/features/sni.js', 420, 438 ]
135304 silly gunzTarPerm extractEntry library/modules/es6.weak-set.js
135305 silly gunzTarPerm extractEntry modules/es6.weak-set.js
135306 silly gunzTarPerm extractEntry features-json/screen-orientation.json
135307 silly gunzTarPerm modified mode [ 'features-json/screen-orientation.json', 420, 438 ]
135308 silly gunzTarPerm extractEntry 2022/InLeapYear.js
135309 silly gunzTarPerm modified mode [ '2022/InLeapYear.js', 420, 438 ]
135310 silly gunzTarPerm extractEntry 2023/InLeapYear.js
135311 silly gunzTarPerm modified mode [ '2023/InLeapYear.js', 420, 438 ]
135312 silly gunzTarPerm extractEntry features-json/script-async.json
135313 silly gunzTarPerm modified mode [ 'features-json/script-async.json', 420, 438 ]
135314 silly gunzTarPerm extractEntry negate.js
135315 silly gunzTarPerm modified mode [ 'negate.js', 420, 438 ]
135316 silly gunzTarPerm extractEntry fp/next.js
135317 silly gunzTarPerm modified mode [ 'fp/next.js', 420, 438 ]
135318 silly gunzTarPerm extractEntry features-json/script-defer.json
135319 silly gunzTarPerm modified mode [ 'features-json/script-defer.json', 420, 438 ]
135320 silly gunzTarPerm extractEntry features-json/scrollintoview.json
135321 silly gunzTarPerm modified mode [ 'features-json/scrollintoview.json', 420, 438 ]
135322 silly gunzTarPerm extractEntry data/regions/SO.js
135323 silly gunzTarPerm modified mode [ 'data/regions/SO.js', 420, 438 ]
135324 silly gunzTarPerm extractEntry data/features/spdy.js
135325 silly gunzTarPerm modified mode [ 'data/features/spdy.js', 420, 438 ]
135326 silly gunzTarPerm extractEntry library/modules/es7.array.flat-map.js
135327 silly gunzTarPerm extractEntry modules/es7.array.flat-map.js
135328 silly gunzTarPerm extractEntry features-json/scrollintoviewifneeded.json
135329 silly gunzTarPerm modified mode [ 'features-json/scrollintoviewifneeded.json', 420, 438 ]
135330 silly gunzTarPerm extractEntry 2024/InLeapYear.js
135331 silly gunzTarPerm modified mode [ '2024/InLeapYear.js', 420, 438 ]
135332 silly gunzTarPerm extractEntry 5/InLeapYear.js
135333 silly gunzTarPerm modified mode [ '5/InLeapYear.js', 420, 438 ]
135334 silly gunzTarPerm extractEntry region-usage-json/SD.json
135335 silly gunzTarPerm modified mode [ 'region-usage-json/SD.json', 420, 438 ]
135336 silly gunzTarPerm extractEntry next.js
135337 silly gunzTarPerm modified mode [ 'next.js', 420, 438 ]
135338 silly gunzTarPerm extractEntry fp/noop.js
135339 silly gunzTarPerm modified mode [ 'fp/noop.js', 420, 438 ]
135340 silly gunzTarPerm extractEntry features-json/sdch.json
135341 silly gunzTarPerm modified mode [ 'features-json/sdch.json', 420, 438 ]
135342 silly gunzTarPerm extractEntry library/modules/es7.array.flatten.js
135343 silly gunzTarPerm extractEntry modules/es7.array.flatten.js
135344 silly gunzTarPerm extractEntry region-usage-json/SE.json
135345 silly gunzTarPerm modified mode [ 'region-usage-json/SE.json', 420, 438 ]
135346 silly gunzTarPerm extractEntry data/features/speech-recognition.js
135347 silly gunzTarPerm modified mode [ 'data/features/speech-recognition.js', 420, 438 ]
135348 silly gunzTarPerm extractEntry data/features/speech-synthesis.js
135349 silly gunzTarPerm modified mode [ 'data/features/speech-synthesis.js', 420, 438 ]
135350 silly gunzTarPerm extractEntry features-json/selection-api.json
135351 silly gunzTarPerm modified mode [ 'features-json/selection-api.json', 420, 438 ]
135352 silly gunzTarPerm extractEntry 2022/InstallErrorCause.js
135353 silly gunzTarPerm modified mode [ '2022/InstallErrorCause.js', 420, 438 ]
135354 silly gunzTarPerm extractEntry 2023/InstallErrorCause.js
135355 silly gunzTarPerm modified mode [ '2023/InstallErrorCause.js', 420, 438 ]
135356 silly gunzTarPerm extractEntry features-json/selectlist.json
135357 silly gunzTarPerm modified mode [ 'features-json/selectlist.json', 420, 438 ]
135358 silly gunzTarPerm extractEntry noop.js
135359 silly gunzTarPerm modified mode [ 'noop.js', 420, 438 ]
135360 silly gunzTarPerm extractEntry fp/now.js
135361 silly gunzTarPerm modified mode [ 'fp/now.js', 420, 438 ]
135362 silly gunzTarPerm extractEntry features-json/server-timing.json
135363 silly gunzTarPerm modified mode [ 'features-json/server-timing.json', 420, 438 ]
135364 silly gunzTarPerm extractEntry library/modules/es7.array.includes.js
135365 silly gunzTarPerm extractEntry modules/es7.array.includes.js
135366 silly gunzTarPerm extractEntry features-json/serviceworkers.json
135367 silly gunzTarPerm modified mode [ 'features-json/serviceworkers.json', 420, 438 ]
135368 silly gunzTarPerm extractEntry data/features/spellcheck-attribute.js
135369 silly gunzTarPerm modified mode [ 'data/features/spellcheck-attribute.js', 420, 438 ]
135370 silly gunzTarPerm extractEntry data/features/sql-storage.js
135371 silly gunzTarPerm modified mode [ 'data/features/sql-storage.js', 420, 438 ]
135372 silly gunzTarPerm extractEntry 2024/InstallErrorCause.js
135373 silly gunzTarPerm modified mode [ '2024/InstallErrorCause.js', 420, 438 ]
135374 silly gunzTarPerm extractEntry 2015/InstanceofOperator.js
135375 silly gunzTarPerm modified mode [ '2015/InstanceofOperator.js', 420, 438 ]
135376 silly gunzTarPerm extractEntry now.js
135377 silly gunzTarPerm modified mode [ 'now.js', 420, 438 ]
135378 silly gunzTarPerm extractEntry fp/nth.js
135379 silly gunzTarPerm modified mode [ 'fp/nth.js', 420, 438 ]
135380 silly gunzTarPerm extractEntry features-json/setimmediate.json
135381 silly gunzTarPerm modified mode [ 'features-json/setimmediate.json', 420, 438 ]
135382 silly gunzTarPerm extractEntry library/modules/es7.asap.js
135383 silly gunzTarPerm extractEntry modules/es7.asap.js
135384 silly gunzTarPerm extractEntry region-usage-json/SG.json
135385 silly gunzTarPerm modified mode [ 'region-usage-json/SG.json', 420, 438 ]
135386 silly gunzTarPerm extractEntry region-usage-json/SH.json
135387 silly gunzTarPerm modified mode [ 'region-usage-json/SH.json', 420, 438 ]
135388 silly gunzTarPerm extractEntry data/regions/SR.js
135389 silly gunzTarPerm modified mode [ 'data/regions/SR.js', 420, 438 ]
135390 silly gunzTarPerm extractEntry data/features/srcset.js
135391 silly gunzTarPerm modified mode [ 'data/features/srcset.js', 420, 438 ]
135392 silly gunzTarPerm extractEntry features-json/shadowdom.json
135393 silly gunzTarPerm modified mode [ 'features-json/shadowdom.json', 420, 438 ]
135394 silly gunzTarPerm extractEntry 2016/InstanceofOperator.js
135395 silly gunzTarPerm modified mode [ '2016/InstanceofOperator.js', 420, 438 ]
135396 silly gunzTarPerm extractEntry 2017/InstanceofOperator.js
135397 silly gunzTarPerm modified mode [ '2017/InstanceofOperator.js', 420, 438 ]
135398 silly gunzTarPerm extractEntry nth.js
135399 silly gunzTarPerm modified mode [ 'nth.js', 420, 438 ]
135400 silly gunzTarPerm extractEntry fp/nthArg.js
135401 silly gunzTarPerm modified mode [ 'fp/nthArg.js', 420, 438 ]
135402 silly gunzTarPerm extractEntry features-json/shadowdomv1.json
135403 silly gunzTarPerm modified mode [ 'features-json/shadowdomv1.json', 420, 438 ]
135404 silly gunzTarPerm extractEntry library/modules/es7.error.is-error.js
135405 silly gunzTarPerm extractEntry modules/es7.error.is-error.js
135406 silly gunzTarPerm extractEntry features-json/sharedarraybuffer.json
135407 silly gunzTarPerm modified mode [ 'features-json/sharedarraybuffer.json', 420, 438 ]
135408 silly gunzTarPerm extractEntry data/regions/ST.js
135409 silly gunzTarPerm modified mode [ 'data/regions/ST.js', 420, 438 ]
135410 silly gunzTarPerm extractEntry dist/lib/statuses.js
135411 silly gunzTarPerm modified mode [ 'dist/lib/statuses.js', 420, 438 ]
135412 silly gunzTarPerm extractEntry features-json/sharedworkers.json
135413 silly gunzTarPerm modified mode [ 'features-json/sharedworkers.json', 420, 438 ]
135414 silly gunzTarPerm extractEntry nthArg.js
135415 silly gunzTarPerm modified mode [ 'nthArg.js', 420, 438 ]
135416 silly gunzTarPerm extractEntry fp/number.js
135417 silly gunzTarPerm modified mode [ 'fp/number.js', 420, 438 ]
135418 silly gunzTarPerm extractEntry region-usage-json/SI.json
135419 silly gunzTarPerm modified mode [ 'region-usage-json/SI.json', 420, 438 ]
135420 silly gunzTarPerm extractEntry library/modules/es7.global.js
135421 silly gunzTarPerm extractEntry modules/es7.global.js
135422 silly gunzTarPerm extractEntry region-usage-json/SK.json
135423 silly gunzTarPerm modified mode [ 'region-usage-json/SK.json', 420, 438 ]
135424 silly gunzTarPerm extractEntry region-usage-json/SL.json
135425 silly gunzTarPerm modified mode [ 'region-usage-json/SL.json', 420, 438 ]
135426 silly gunzTarPerm extractEntry data/features/stream.js
135427 silly gunzTarPerm modified mode [ 'data/features/stream.js', 420, 438 ]
135428 silly gunzTarPerm extractEntry data/features/streams.js
135429 silly gunzTarPerm modified mode [ 'data/features/streams.js', 420, 438 ]
135430 silly gunzTarPerm extractEntry 2018/InstanceofOperator.js
135431 silly gunzTarPerm modified mode [ '2018/InstanceofOperator.js', 420, 438 ]
135432 silly gunzTarPerm extractEntry 2019/InstanceofOperator.js
135433 silly gunzTarPerm modified mode [ '2019/InstanceofOperator.js', 420, 438 ]
135434 silly gunzTarPerm extractEntry region-usage-json/SM.json
135435 silly gunzTarPerm modified mode [ 'region-usage-json/SM.json', 420, 438 ]
135436 silly gunzTarPerm extractEntry number.js
135437 silly gunzTarPerm modified mode [ 'number.js', 420, 438 ]
135438 silly gunzTarPerm extractEntry fp/object.js
135439 silly gunzTarPerm modified mode [ 'fp/object.js', 420, 438 ]
135440 silly gunzTarPerm extractEntry region-usage-json/SN.json
135441 silly gunzTarPerm modified mode [ 'region-usage-json/SN.json', 420, 438 ]
135442 silly gunzTarPerm extractEntry library/modules/es7.map.from.js
135443 silly gunzTarPerm extractEntry modules/es7.map.from.js
135444 silly gunzTarPerm extractEntry features-json/sni.json
135445 silly gunzTarPerm modified mode [ 'features-json/sni.json', 420, 438 ]
135446 silly gunzTarPerm extractEntry region-usage-json/SO.json
135447 silly gunzTarPerm modified mode [ 'region-usage-json/SO.json', 420, 438 ]
135448 silly gunzTarPerm extractEntry data/features/stricttransportsecurity.js
135449 silly gunzTarPerm modified mode [ 'data/features/stricttransportsecurity.js', 420, 438 ]
135450 silly gunzTarPerm extractEntry data/features/style-scoped.js
135451 silly gunzTarPerm modified mode [ 'data/features/style-scoped.js', 420, 438 ]
135452 silly gunzTarPerm extractEntry 2020/InstanceofOperator.js
135453 silly gunzTarPerm modified mode [ '2020/InstanceofOperator.js', 420, 438 ]
135454 silly gunzTarPerm extractEntry 2021/InstanceofOperator.js
135455 silly gunzTarPerm modified mode [ '2021/InstanceofOperator.js', 420, 438 ]
135456 silly gunzTarPerm extractEntry features-json/spdy.json
135457 silly gunzTarPerm modified mode [ 'features-json/spdy.json', 420, 438 ]
135458 silly gunzTarPerm extractEntry object.js
135459 silly gunzTarPerm modified mode [ 'object.js', 420, 438 ]
135460 silly gunzTarPerm extractEntry fp/omit.js
135461 silly gunzTarPerm modified mode [ 'fp/omit.js', 420, 438 ]
135462 silly gunzTarPerm extractEntry library/modules/es7.map.of.js
135463 silly gunzTarPerm extractEntry modules/es7.map.of.js
135464 silly gunzTarPerm extractEntry features-json/speech-recognition.json
135465 silly gunzTarPerm modified mode [ 'features-json/speech-recognition.json', 420, 438 ]
135466 silly gunzTarPerm extractEntry features-json/speech-synthesis.json
135467 silly gunzTarPerm modified mode [ 'features-json/speech-synthesis.json', 420, 438 ]
135468 silly gunzTarPerm extractEntry features-json/spellcheck-attribute.json
135469 silly gunzTarPerm modified mode [ 'features-json/spellcheck-attribute.json', 420, 438 ]
135470 silly gunzTarPerm extractEntry data/features/subresource-bundling.js
135471 silly gunzTarPerm modified mode [ 'data/features/subresource-bundling.js', 420, 438 ]
135472 silly gunzTarPerm extractEntry data/features/subresource-integrity.js
135473 silly gunzTarPerm modified mode [ 'data/features/subresource-integrity.js', 420, 438 ]
135474 silly gunzTarPerm extractEntry library/modules/es7.map.to-json.js
135475 silly gunzTarPerm extractEntry modules/es7.map.to-json.js
135476 silly gunzTarPerm extractEntry library/modules/es7.math.clamp.js
135477 silly gunzTarPerm extractEntry features-json/sql-storage.json
135478 silly gunzTarPerm modified mode [ 'features-json/sql-storage.json', 420, 438 ]
135479 silly gunzTarPerm extractEntry 2022/InstanceofOperator.js
135480 silly gunzTarPerm modified mode [ '2022/InstanceofOperator.js', 420, 438 ]
135481 silly gunzTarPerm extractEntry 2023/InstanceofOperator.js
135482 silly gunzTarPerm modified mode [ '2023/InstanceofOperator.js', 420, 438 ]
135483 silly gunzTarPerm extractEntry omit.js
135484 silly gunzTarPerm modified mode [ 'omit.js', 420, 438 ]
135485 silly gunzTarPerm extractEntry fp/omitAll.js
135486 silly gunzTarPerm modified mode [ 'fp/omitAll.js', 420, 438 ]
135487 silly gunzTarPerm extractEntry region-usage-json/SR.json
135488 silly gunzTarPerm modified mode [ 'region-usage-json/SR.json', 420, 438 ]
135489 silly gunzTarPerm extractEntry modules/es7.math.clamp.js
135490 silly gunzTarPerm extractEntry features-json/srcset.json
135491 silly gunzTarPerm modified mode [ 'features-json/srcset.json', 420, 438 ]
135492 silly gunzTarPerm extractEntry library/modules/es7.math.deg-per-rad.js
135493 silly gunzTarPerm extractEntry region-usage-json/ST.json
135494 silly gunzTarPerm modified mode [ 'region-usage-json/ST.json', 420, 438 ]
135495 silly gunzTarPerm extractEntry modules/es7.math.deg-per-rad.js
135496 silly gunzTarPerm extractEntry dist/lib/supported.js
135497 silly gunzTarPerm modified mode [ 'dist/lib/supported.js', 420, 438 ]
135498 silly gunzTarPerm extractEntry data/regions/SV.js
135499 silly gunzTarPerm modified mode [ 'data/regions/SV.js', 420, 438 ]
135500 silly gunzTarPerm extractEntry features-json/stream.json
135501 silly gunzTarPerm modified mode [ 'features-json/stream.json', 420, 438 ]
135502 silly gunzTarPerm extractEntry fp/omitBy.js
135503 silly gunzTarPerm modified mode [ 'fp/omitBy.js', 420, 438 ]
135504 silly gunzTarPerm extractEntry omitBy.js
135505 silly gunzTarPerm modified mode [ 'omitBy.js', 420, 438 ]
135506 silly gunzTarPerm extractEntry library/modules/es7.math.degrees.js
135507 silly gunzTarPerm extractEntry 2024/InstanceofOperator.js
135508 silly gunzTarPerm modified mode [ '2024/InstanceofOperator.js', 420, 438 ]
135509 silly gunzTarPerm extractEntry 2015/IntegerIndexedElementGet.js
135510 silly gunzTarPerm modified mode [ '2015/IntegerIndexedElementGet.js', 420, 438 ]
135511 silly gunzTarPerm extractEntry features-json/streams.json
135512 silly gunzTarPerm modified mode [ 'features-json/streams.json', 420, 438 ]
135513 silly gunzTarPerm extractEntry modules/es7.math.degrees.js
135514 silly gunzTarPerm extractEntry features-json/stricttransportsecurity.json
135515 silly gunzTarPerm modified mode [ 'features-json/stricttransportsecurity.json', 420, 438 ]
135516 silly gunzTarPerm extractEntry library/modules/es7.math.fscale.js
135517 silly gunzTarPerm extractEntry features-json/style-scoped.json
135518 silly gunzTarPerm modified mode [ 'features-json/style-scoped.json', 420, 438 ]
135519 silly gunzTarPerm extractEntry modules/es7.math.fscale.js
135520 silly gunzTarPerm extractEntry fp/once.js
135521 silly gunzTarPerm modified mode [ 'fp/once.js', 420, 438 ]
135522 silly gunzTarPerm extractEntry once.js
135523 silly gunzTarPerm modified mode [ 'once.js', 420, 438 ]
135524 silly gunzTarPerm extractEntry 2016/IntegerIndexedElementGet.js
135525 silly gunzTarPerm modified mode [ '2016/IntegerIndexedElementGet.js', 420, 438 ]
135526 silly gunzTarPerm extractEntry 2017/IntegerIndexedElementGet.js
135527 silly gunzTarPerm modified mode [ '2017/IntegerIndexedElementGet.js', 420, 438 ]
135528 silly gunzTarPerm extractEntry features-json/subresource-bundling.json
135529 silly gunzTarPerm modified mode [ 'features-json/subresource-bundling.json', 420, 438 ]
135530 silly gunzTarPerm extractEntry data/features/svg-css.js
135531 silly gunzTarPerm modified mode [ 'data/features/svg-css.js', 420, 438 ]
135532 silly gunzTarPerm extractEntry data/features/svg-filters.js
135533 silly gunzTarPerm modified mode [ 'data/features/svg-filters.js', 420, 438 ]
135534 silly gunzTarPerm extractEntry library/modules/es7.math.iaddh.js
135535 silly gunzTarPerm extractEntry features-json/subresource-integrity.json
135536 silly gunzTarPerm modified mode [ 'features-json/subresource-integrity.json', 420, 438 ]
135537 silly gunzTarPerm extractEntry modules/es7.math.iaddh.js
135538 silly gunzTarPerm extractEntry region-usage-json/SV.json
135539 silly gunzTarPerm modified mode [ 'region-usage-json/SV.json', 420, 438 ]
135540 silly gunzTarPerm extractEntry library/modules/es7.math.imulh.js
135541 silly gunzTarPerm extractEntry features-json/svg-css.json
135542 silly gunzTarPerm modified mode [ 'features-json/svg-css.json', 420, 438 ]
135543 silly gunzTarPerm extractEntry modules/es7.math.imulh.js
135544 silly gunzTarPerm extractEntry fp/orderBy.js
135545 silly gunzTarPerm modified mode [ 'fp/orderBy.js', 420, 438 ]
135546 silly gunzTarPerm extractEntry orderBy.js
135547 silly gunzTarPerm modified mode [ 'orderBy.js', 420, 438 ]
135548 silly gunzTarPerm extractEntry features-json/svg-filters.json
135549 silly gunzTarPerm modified mode [ 'features-json/svg-filters.json', 420, 438 ]
135550 silly gunzTarPerm extractEntry 2018/IntegerIndexedElementGet.js
135551 silly gunzTarPerm modified mode [ '2018/IntegerIndexedElementGet.js', 420, 438 ]
135552 silly gunzTarPerm extractEntry 2019/IntegerIndexedElementGet.js
135553 silly gunzTarPerm modified mode [ '2019/IntegerIndexedElementGet.js', 420, 438 ]
135554 silly gunzTarPerm extractEntry library/modules/es7.math.isubh.js
135555 silly gunzTarPerm extractEntry data/features/svg-fonts.js
135556 silly gunzTarPerm modified mode [ 'data/features/svg-fonts.js', 420, 438 ]
135557 silly gunzTarPerm extractEntry data/features/svg-fragment.js
135558 silly gunzTarPerm modified mode [ 'data/features/svg-fragment.js', 420, 438 ]
135559 silly gunzTarPerm extractEntry features-json/svg-fonts.json
135560 silly gunzTarPerm modified mode [ 'features-json/svg-fonts.json', 420, 438 ]
135561 silly gunzTarPerm extractEntry modules/es7.math.isubh.js
135562 silly gunzTarPerm extractEntry features-json/svg-fragment.json
135563 silly gunzTarPerm modified mode [ 'features-json/svg-fragment.json', 420, 438 ]
135564 silly gunzTarPerm extractEntry library/modules/es7.math.rad-per-deg.js
135565 silly gentlyRm C:\Users\Dell\Documents\INV\inventory\node_modules\.staging\node-sass-7057f325\node_modules is being purged
135566 verbose gentlyRm don't care about contents; nuking C:\Users\Dell\Documents\INV\inventory\node_modules\.staging\node-sass-7057f325\node_modules
135567 silly gunzTarPerm extractEntry fp/over.js
135568 silly gunzTarPerm modified mode [ 'fp/over.js', 420, 438 ]
135569 silly gunzTarPerm extractEntry over.js
135570 silly gunzTarPerm modified mode [ 'over.js', 420, 438 ]
135571 silly gunzTarPerm extractEntry features-json/svg-html.json
135572 silly gunzTarPerm modified mode [ 'features-json/svg-html.json', 420, 438 ]
135573 silly gunzTarPerm extractEntry modules/es7.math.rad-per-deg.js
135574 silly gunzTarPerm extractEntry library/modules/es7.math.radians.js
135575 silly gunzTarPerm extractEntry features-json/svg-html5.json
135576 silly gunzTarPerm modified mode [ 'features-json/svg-html5.json', 420, 438 ]
135577 silly gunzTarPerm extractEntry 2020/IntegerIndexedElementGet.js
135578 silly gunzTarPerm modified mode [ '2020/IntegerIndexedElementGet.js', 420, 438 ]
135579 silly gunzTarPerm extractEntry 2021/IntegerIndexedElementGet.js
135580 silly gunzTarPerm modified mode [ '2021/IntegerIndexedElementGet.js', 420, 438 ]
135581 silly gunzTarPerm extractEntry data/features/svg-html.js
135582 silly gunzTarPerm modified mode [ 'data/features/svg-html.js', 420, 438 ]
135583 silly gunzTarPerm extractEntry data/features/svg-html5.js
135584 silly gunzTarPerm modified mode [ 'data/features/svg-html5.js', 420, 438 ]
135585 silly gunzTarPerm extractEntry features-json/svg-img.json
135586 silly gunzTarPerm modified mode [ 'features-json/svg-img.json', 420, 438 ]
135587 silly gunzTarPerm extractEntry features-json/svg-smil.json
135588 silly gunzTarPerm modified mode [ 'features-json/svg-smil.json', 420, 438 ]
135589 silly gunzTarPerm extractEntry fp/overArgs.js
135590 silly gunzTarPerm modified mode [ 'fp/overArgs.js', 420, 438 ]
135591 silly gunzTarPerm extractEntry overArgs.js
135592 silly gunzTarPerm modified mode [ 'overArgs.js', 420, 438 ]
135593 silly gunzTarPerm extractEntry features-json/svg.json
135594 silly gunzTarPerm modified mode [ 'features-json/svg.json', 420, 438 ]
135595 silly gunzTarPerm extractEntry features-json/sxg.json
135596 silly gunzTarPerm modified mode [ 'features-json/sxg.json', 420, 438 ]
135597 silly gunzTarPerm extractEntry data/features/svg-img.js
135598 silly gunzTarPerm modified mode [ 'data/features/svg-img.js', 420, 438 ]
135599 silly gunzTarPerm extractEntry data/features/svg-smil.js
135600 silly gunzTarPerm modified mode [ 'data/features/svg-smil.js', 420, 438 ]
135601 silly gunzTarPerm extractEntry 2022/IntegerIndexedElementGet.js
135602 silly gunzTarPerm modified mode [ '2022/IntegerIndexedElementGet.js', 420, 438 ]
135603 silly gunzTarPerm extractEntry 2023/IntegerIndexedElementGet.js
135604 silly gunzTarPerm modified mode [ '2023/IntegerIndexedElementGet.js', 420, 438 ]
135605 silly gunzTarPerm extractEntry modules/es7.math.radians.js
135606 silly gunzTarPerm extractEntry library/modules/es7.math.scale.js
135607 silly gunzTarPerm extractEntry modules/es7.math.scale.js
135608 silly gunzTarPerm extractEntry region-usage-json/SY.json
135609 silly gunzTarPerm modified mode [ 'region-usage-json/SY.json', 420, 438 ]
135610 silly gunzTarPerm extractEntry fp/overEvery.js
135611 silly gunzTarPerm modified mode [ 'fp/overEvery.js', 420, 438 ]
135612 silly gunzTarPerm extractEntry overEvery.js
135613 silly gunzTarPerm modified mode [ 'overEvery.js', 420, 438 ]
135614 silly gunzTarPerm extractEntry region-usage-json/SZ.json
135615 silly gunzTarPerm modified mode [ 'region-usage-json/SZ.json', 420, 438 ]
135616 silly gunzTarPerm extractEntry features-json/tabindex-attr.json
135617 silly gunzTarPerm modified mode [ 'features-json/tabindex-attr.json', 420, 438 ]
135618 silly gunzTarPerm extractEntry region-usage-json/TC.json
135619 silly gunzTarPerm modified mode [ 'region-usage-json/TC.json', 420, 438 ]
135620 silly gunzTarPerm extractEntry data/features/svg.js
135621 silly gunzTarPerm modified mode [ 'data/features/svg.js', 420, 438 ]
135622 silly gunzTarPerm extractEntry data/features/sxg.js
135623 silly gunzTarPerm modified mode [ 'data/features/sxg.js', 420, 438 ]
135624 silly gunzTarPerm extractEntry 2015/IntegerIndexedElementSet.js
135625 silly gunzTarPerm modified mode [ '2015/IntegerIndexedElementSet.js', 420, 438 ]
135626 silly gunzTarPerm extractEntry 2016/IntegerIndexedElementSet.js
135627 silly gunzTarPerm modified mode [ '2016/IntegerIndexedElementSet.js', 420, 438 ]
135628 silly gunzTarPerm extractEntry library/modules/es7.math.signbit.js
135629 silly gunzTarPerm extractEntry region-usage-json/TD.json
135630 silly gunzTarPerm modified mode [ 'region-usage-json/TD.json', 420, 438 ]
135631 silly gunzTarPerm extractEntry fp/overSome.js
135632 silly gunzTarPerm modified mode [ 'fp/overSome.js', 420, 438 ]
135633 silly gunzTarPerm extractEntry overSome.js
135634 silly gunzTarPerm modified mode [ 'overSome.js', 420, 438 ]
135635 silly gunzTarPerm extractEntry modules/es7.math.signbit.js
135636 silly gunzTarPerm extractEntry features-json/template-literals.json
135637 silly gunzTarPerm modified mode [ 'features-json/template-literals.json', 420, 438 ]
135638 silly gunzTarPerm extractEntry library/modules/es7.math.umulh.js
135639 silly gunzTarPerm extractEntry features-json/template.json
135640 silly gunzTarPerm modified mode [ 'features-json/template.json', 420, 438 ]
135641 silly gunzTarPerm extractEntry modules/es7.math.umulh.js
135642 silly gunzTarPerm extractEntry 2017/IntegerIndexedElementSet.js
135643 silly gunzTarPerm modified mode [ '2017/IntegerIndexedElementSet.js', 420, 438 ]
135644 silly gunzTarPerm extractEntry 2018/IntegerIndexedElementSet.js
135645 silly gunzTarPerm modified mode [ '2018/IntegerIndexedElementSet.js', 420, 438 ]
135646 silly gunzTarPerm extractEntry features-json/temporal.json
135647 silly gunzTarPerm modified mode [ 'features-json/temporal.json', 420, 438 ]
135648 silly gunzTarPerm extractEntry data/regions/SY.js
135649 silly gunzTarPerm modified mode [ 'data/regions/SY.js', 420, 438 ]
135650 silly gunzTarPerm extractEntry data/regions/SZ.js
135651 silly gunzTarPerm modified mode [ 'data/regions/SZ.js', 420, 438 ]
135652 silly gunzTarPerm extractEntry library/modules/es7.object.define-getter.js
135653 silly gunzTarPerm extractEntry features-json/testfeat.json
135654 silly gunzTarPerm modified mode [ 'features-json/testfeat.json', 420, 438 ]
135655 silly gunzTarPerm extractEntry fp/pad.js
135656 silly gunzTarPerm modified mode [ 'fp/pad.js', 420, 438 ]
135657 silly gunzTarPerm extractEntry pad.js
135658 silly gunzTarPerm modified mode [ 'pad.js', 420, 438 ]
135659 silly gunzTarPerm extractEntry features-json/text-decoration.json
135660 silly gunzTarPerm modified mode [ 'features-json/text-decoration.json', 420, 438 ]
135661 silly gunzTarPerm extractEntry features-json/text-emphasis.json
135662 silly gunzTarPerm modified mode [ 'features-json/text-emphasis.json', 420, 438 ]
135663 silly gunzTarPerm extractEntry features-json/text-overflow.json
135664 silly gunzTarPerm modified mode [ 'features-json/text-overflow.json', 420, 438 ]
135665 silly gunzTarPerm extractEntry 2019/IntegerIndexedElementSet.js
135666 silly gunzTarPerm modified mode [ '2019/IntegerIndexedElementSet.js', 420, 438 ]
135667 silly gunzTarPerm extractEntry 2020/IntegerIndexedElementSet.js
135668 silly gunzTarPerm modified mode [ '2020/IntegerIndexedElementSet.js', 420, 438 ]
135669 silly gunzTarPerm extractEntry data/features/tabindex-attr.js
135670 silly gunzTarPerm modified mode [ 'data/features/tabindex-attr.js', 420, 438 ]
135671 silly gunzTarPerm extractEntry data/regions/TC.js
135672 silly gunzTarPerm modified mode [ 'data/regions/TC.js', 420, 438 ]
135673 silly gunzTarPerm extractEntry modules/es7.object.define-getter.js
135674 silly gunzTarPerm extractEntry library/modules/es7.object.define-setter.js
135675 silly gunzTarPerm extractEntry fp/padChars.js
135676 silly gunzTarPerm modified mode [ 'fp/padChars.js', 420, 438 ]
135677 silly gunzTarPerm extractEntry fp/padCharsEnd.js
135678 silly gunzTarPerm modified mode [ 'fp/padCharsEnd.js', 420, 438 ]
135679 silly gunzTarPerm extractEntry features-json/text-size-adjust.json
135680 silly gunzTarPerm modified mode [ 'features-json/text-size-adjust.json', 420, 438 ]
135681 silly gunzTarPerm extractEntry features-json/text-stroke.json
135682 silly gunzTarPerm modified mode [ 'features-json/text-stroke.json', 420, 438 ]
135683 silly gunzTarPerm extractEntry features-json/textcontent.json
135684 silly gunzTarPerm modified mode [ 'features-json/textcontent.json', 420, 438 ]
135685 silly gunzTarPerm extractEntry modules/es7.object.define-setter.js
135686 silly gunzTarPerm extractEntry library/modules/es7.object.entries.js
135687 silly gunzTarPerm extractEntry 2021/IntegerIndexedElementSet.js
135688 silly gunzTarPerm modified mode [ '2021/IntegerIndexedElementSet.js', 420, 438 ]
135689 silly gunzTarPerm extractEntry 2022/IntegerIndexedElementSet.js
135690 silly gunzTarPerm modified mode [ '2022/IntegerIndexedElementSet.js', 420, 438 ]
135691 silly gunzTarPerm extractEntry fp/padCharsStart.js
135692 silly gunzTarPerm modified mode [ 'fp/padCharsStart.js', 420, 438 ]
135693 silly gunzTarPerm extractEntry fp/padEnd.js
135694 silly gunzTarPerm modified mode [ 'fp/padEnd.js', 420, 438 ]
135695 silly gunzTarPerm extractEntry data/regions/TD.js
135696 silly gunzTarPerm modified mode [ 'data/regions/TD.js', 420, 438 ]
135697 silly gunzTarPerm extractEntry data/features/template-literals.js
135698 silly gunzTarPerm modified mode [ 'data/features/template-literals.js', 420, 438 ]
135699 silly gunzTarPerm extractEntry features-json/textencoder.json
135700 silly gunzTarPerm modified mode [ 'features-json/textencoder.json', 420, 438 ]
135701 silly gunzTarPerm extractEntry region-usage-json/TG.json
135702 silly gunzTarPerm modified mode [ 'region-usage-json/TG.json', 420, 438 ]
135703 silly gunzTarPerm extractEntry region-usage-json/TH.json
135704 silly gunzTarPerm modified mode [ 'region-usage-json/TH.json', 420, 438 ]
135705 silly gunzTarPerm extractEntry modules/es7.object.entries.js
135706 silly gunzTarPerm extractEntry library/modules/es7.object.get-own-property-descriptors.js
135707 silly gunzTarPerm extractEntry padEnd.js
135708 silly gunzTarPerm modified mode [ 'padEnd.js', 420, 438 ]
135709 silly gunzTarPerm extractEntry fp/padStart.js
135710 silly gunzTarPerm modified mode [ 'fp/padStart.js', 420, 438 ]
135711 silly gunzTarPerm extractEntry region-usage-json/TJ.json
135712 silly gunzTarPerm modified mode [ 'region-usage-json/TJ.json', 420, 438 ]
135713 silly gunzTarPerm extractEntry 2023/IntegerIndexedElementSet.js
135714 silly gunzTarPerm modified mode [ '2023/IntegerIndexedElementSet.js', 420, 438 ]
135715 silly gunzTarPerm extractEntry helpers/integerToNBytes.js
135716 silly gunzTarPerm modified mode [ 'helpers/integerToNBytes.js', 420, 438 ]
135717 silly gunzTarPerm extractEntry data/features/template.js
135718 silly gunzTarPerm modified mode [ 'data/features/template.js', 420, 438 ]
135719 silly gunzTarPerm extractEntry data/features/temporal.js
135720 silly gunzTarPerm modified mode [ 'data/features/temporal.js', 420, 438 ]
135721 silly gunzTarPerm extractEntry region-usage-json/TL.json
135722 silly gunzTarPerm modified mode [ 'region-usage-json/TL.json', 420, 438 ]
135723 silly gunzTarPerm extractEntry features-json/tls1-1.json
135724 silly gunzTarPerm modified mode [ 'features-json/tls1-1.json', 420, 438 ]
135725 silly gunzTarPerm extractEntry modules/es7.object.get-own-property-descriptors.js
135726 silly gunzTarPerm extractEntry library/modules/es7.object.lookup-getter.js
135727 silly gunzTarPerm extractEntry features-json/tls1-2.json
135728 silly gunzTarPerm modified mode [ 'features-json/tls1-2.json', 420, 438 ]
135729 silly gunzTarPerm extractEntry padStart.js
135730 silly gunzTarPerm modified mode [ 'padStart.js', 420, 438 ]
135731 silly gunzTarPerm extractEntry fp/parseInt.js
135732 silly gunzTarPerm modified mode [ 'fp/parseInt.js', 420, 438 ]
135733 silly gunzTarPerm extractEntry features-json/tls1-3.json
135734 silly gunzTarPerm modified mode [ 'features-json/tls1-3.json', 420, 438 ]
135735 silly gunzTarPerm extractEntry data/features/testfeat.js
135736 silly gunzTarPerm modified mode [ 'data/features/testfeat.js', 420, 438 ]
135737 silly gunzTarPerm extractEntry data/features/text-decoration.js
135738 silly gunzTarPerm modified mode [ 'data/features/text-decoration.js', 420, 438 ]
135739 silly gunzTarPerm extractEntry 2015/InternalizeJSONProperty.js
135740 silly gunzTarPerm modified mode [ '2015/InternalizeJSONProperty.js', 420, 438 ]
135741 silly gunzTarPerm extractEntry 2016/InternalizeJSONProperty.js
135742 silly gunzTarPerm modified mode [ '2016/InternalizeJSONProperty.js', 420, 438 ]
135743 silly gunzTarPerm extractEntry region-usage-json/TM.json
135744 silly gunzTarPerm modified mode [ 'region-usage-json/TM.json', 420, 438 ]
135745 silly gunzTarPerm extractEntry modules/es7.object.lookup-getter.js
135746 silly gunzTarPerm extractEntry library/modules/es7.object.lookup-setter.js
135747 silly gunzTarPerm extractEntry region-usage-json/TN.json
135748 silly gunzTarPerm modified mode [ 'region-usage-json/TN.json', 420, 438 ]
135749 silly gunzTarPerm extractEntry region-usage-json/TO.json
135750 silly gunzTarPerm modified mode [ 'region-usage-json/TO.json', 420, 438 ]
135751 silly gunzTarPerm extractEntry parseInt.js
135752 silly gunzTarPerm modified mode [ 'parseInt.js', 420, 438 ]
135753 silly gunzTarPerm extractEntry fp/partial.js
135754 silly gunzTarPerm modified mode [ 'fp/partial.js', 420, 438 ]
135755 silly gunzTarPerm extractEntry features-json/touch.json
135756 silly gunzTarPerm modified mode [ 'features-json/touch.json', 420, 438 ]
135757 silly gunzTarPerm extractEntry data/features/text-emphasis.js
135758 silly gunzTarPerm modified mode [ 'data/features/text-emphasis.js', 420, 438 ]
135759 silly gunzTarPerm extractEntry data/features/text-overflow.js
135760 silly gunzTarPerm modified mode [ 'data/features/text-overflow.js', 420, 438 ]
135761 silly gunzTarPerm extractEntry 2017/InternalizeJSONProperty.js
135762 silly gunzTarPerm modified mode [ '2017/InternalizeJSONProperty.js', 420, 438 ]
135763 silly gunzTarPerm extractEntry 2018/InternalizeJSONProperty.js
135764 silly gunzTarPerm modified mode [ '2018/InternalizeJSONProperty.js', 420, 438 ]
135765 silly gunzTarPerm extractEntry region-usage-json/TR.json
135766 silly gunzTarPerm modified mode [ 'region-usage-json/TR.json', 420, 438 ]
135767 silly gunzTarPerm extractEntry modules/es7.object.lookup-setter.js
135768 silly gunzTarPerm extractEntry library/modules/es7.object.values.js
135769 silly gunzTarPerm extractEntry features-json/transforms2d.json
135770 silly gunzTarPerm modified mode [ 'features-json/transforms2d.json', 420, 438 ]
135771 silly gunzTarPerm extractEntry partial.js
135772 silly gunzTarPerm modified mode [ 'partial.js', 420, 438 ]
135773 silly gunzTarPerm extractEntry fp/partialRight.js
135774 silly gunzTarPerm modified mode [ 'fp/partialRight.js', 420, 438 ]
135775 silly gunzTarPerm extractEntry features-json/transforms3d.json
135776 silly gunzTarPerm modified mode [ 'features-json/transforms3d.json', 420, 438 ]
135777 silly gunzTarPerm extractEntry data/features/text-size-adjust.js
135778 silly gunzTarPerm modified mode [ 'data/features/text-size-adjust.js', 420, 438 ]
135779 silly gunzTarPerm extractEntry data/features/text-stroke.js
135780 silly gunzTarPerm modified mode [ 'data/features/text-stroke.js', 420, 438 ]
135781 silly gunzTarPerm extractEntry features-json/trusted-types.json
135782 silly gunzTarPerm modified mode [ 'features-json/trusted-types.json', 420, 438 ]
135783 silly gunzTarPerm extractEntry 2019/InternalizeJSONProperty.js
135784 silly gunzTarPerm modified mode [ '2019/InternalizeJSONProperty.js', 420, 438 ]
135785 silly gunzTarPerm extractEntry 2020/InternalizeJSONProperty.js
135786 silly gunzTarPerm modified mode [ '2020/InternalizeJSONProperty.js', 420, 438 ]
135787 silly gunzTarPerm extractEntry modules/es7.object.values.js
135788 silly gunzTarPerm extractEntry library/modules/es7.observable.js
135789 silly gunzTarPerm extractEntry region-usage-json/TT.json
135790 silly gunzTarPerm modified mode [ 'region-usage-json/TT.json', 420, 438 ]
135791 silly gunzTarPerm extractEntry features-json/ttf.json
135792 silly gunzTarPerm modified mode [ 'features-json/ttf.json', 420, 438 ]
135793 silly gunzTarPerm extractEntry partialRight.js
135794 silly gunzTarPerm modified mode [ 'partialRight.js', 420, 438 ]
135795 silly gunzTarPerm extractEntry fp/partition.js
135796 silly gunzTarPerm modified mode [ 'fp/partition.js', 420, 438 ]
135797 silly gunzTarPerm extractEntry region-usage-json/TV.json
135798 silly gunzTarPerm modified mode [ 'region-usage-json/TV.json', 420, 438 ]
135799 silly gunzTarPerm extractEntry region-usage-json/TW.json
135800 silly gunzTarPerm modified mode [ 'region-usage-json/TW.json', 420, 438 ]
135801 silly gunzTarPerm extractEntry 2021/InternalizeJSONProperty.js
135802 silly gunzTarPerm modified mode [ '2021/InternalizeJSONProperty.js', 420, 438 ]
135803 silly gunzTarPerm extractEntry 2022/InternalizeJSONProperty.js
135804 silly gunzTarPerm modified mode [ '2022/InternalizeJSONProperty.js', 420, 438 ]
135805 silly gunzTarPerm extractEntry data/features/textcontent.js
135806 silly gunzTarPerm modified mode [ 'data/features/textcontent.js', 420, 438 ]
135807 silly gunzTarPerm extractEntry data/features/textencoder.js
135808 silly gunzTarPerm modified mode [ 'data/features/textencoder.js', 420, 438 ]
135809 silly gunzTarPerm extractEntry modules/es7.observable.js
135810 silly gunzTarPerm extractEntry library/modules/es7.promise.finally.js
135811 silly gunzTarPerm extractEntry features-json/typedarrays.json
135812 silly gunzTarPerm modified mode [ 'features-json/typedarrays.json', 420, 438 ]
135813 silly gunzTarPerm extractEntry region-usage-json/TZ.json
135814 silly gunzTarPerm modified mode [ 'region-usage-json/TZ.json', 420, 438 ]
135815 silly gunzTarPerm extractEntry partition.js
135816 silly gunzTarPerm modified mode [ 'partition.js', 420, 438 ]
135817 silly gunzTarPerm extractEntry fp/path.js
135818 silly gunzTarPerm modified mode [ 'fp/path.js', 420, 438 ]
135819 silly gunzTarPerm extractEntry features-json/u2f.json
135820 silly gunzTarPerm modified mode [ 'features-json/u2f.json', 420, 438 ]
135821 silly gunzTarPerm extractEntry modules/es7.promise.finally.js
135822 silly gunzTarPerm extractEntry library/modules/es7.promise.try.js
135823 silly gunzTarPerm extractEntry region-usage-json/UA.json
135824 silly gunzTarPerm modified mode [ 'region-usage-json/UA.json', 420, 438 ]
135825 silly gunzTarPerm extractEntry data/regions/TG.js
135826 silly gunzTarPerm modified mode [ 'data/regions/TG.js', 420, 438 ]
135827 silly gunzTarPerm extractEntry data/regions/TH.js
135828 silly gunzTarPerm modified mode [ 'data/regions/TH.js', 420, 438 ]
135829 silly gunzTarPerm extractEntry 2023/InternalizeJSONProperty.js
135830 silly gunzTarPerm modified mode [ '2023/InternalizeJSONProperty.js', 420, 438 ]
135831 silly gunzTarPerm extractEntry 2024/InternalizeJSONProperty.js
135832 silly gunzTarPerm modified mode [ '2024/InternalizeJSONProperty.js', 420, 438 ]
135833 silly gunzTarPerm extractEntry region-usage-json/UG.json
135834 silly gunzTarPerm modified mode [ 'region-usage-json/UG.json', 420, 438 ]
135835 silly gunzTarPerm extractEntry features-json/unhandledrejection.json
135836 silly gunzTarPerm modified mode [ 'features-json/unhandledrejection.json', 420, 438 ]
135837 silly gunzTarPerm extractEntry fp/pathEq.js
135838 silly gunzTarPerm modified mode [ 'fp/pathEq.js', 420, 438 ]
135839 silly gunzTarPerm extractEntry fp/pathOr.js
135840 silly gunzTarPerm modified mode [ 'fp/pathOr.js', 420, 438 ]
135841 silly gunzTarPerm extractEntry features-json/upgradeinsecurerequests.json
135842 silly gunzTarPerm modified mode [ 'features-json/upgradeinsecurerequests.json', 420, 438 ]
135843 silly gunzTarPerm extractEntry modules/es7.promise.try.js
135844 silly gunzTarPerm extractEntry library/modules/es7.reflect.define-metadata.js
135845 silly gunzTarPerm extractEntry features-json/url-scroll-to-text-fragment.json
135846 silly gunzTarPerm modified mode [ 'features-json/url-scroll-to-text-fragment.json', 420, 438 ]
135847 silly gunzTarPerm extractEntry helpers/intToBinaryString.js
135848 silly gunzTarPerm modified mode [ 'helpers/intToBinaryString.js', 420, 438 ]
135849 silly gunzTarPerm extractEntry 2015/Invoke.js
135850 silly gunzTarPerm modified mode [ '2015/Invoke.js', 420, 438 ]
135851 silly gunzTarPerm extractEntry data/regions/TJ.js
135852 silly gunzTarPerm modified mode [ 'data/regions/TJ.js', 420, 438 ]
135853 silly gunzTarPerm extractEntry data/regions/TL.js
135854 silly gunzTarPerm modified mode [ 'data/regions/TL.js', 420, 438 ]
135855 silly gunzTarPerm extractEntry features-json/url.json
135856 silly gunzTarPerm modified mode [ 'features-json/url.json', 420, 438 ]
135857 silly gunzTarPerm extractEntry fp/paths.js
135858 silly gunzTarPerm modified mode [ 'fp/paths.js', 420, 438 ]
135859 silly gunzTarPerm extractEntry fp/pick.js
135860 silly gunzTarPerm modified mode [ 'fp/pick.js', 420, 438 ]
135861 silly gunzTarPerm extractEntry features-json/urlsearchparams.json
135862 silly gunzTarPerm modified mode [ 'features-json/urlsearchparams.json', 420, 438 ]
135863 silly gunzTarPerm extractEntry modules/es7.reflect.define-metadata.js
135864 silly gunzTarPerm extractEntry library/modules/es7.reflect.delete-metadata.js
135865 silly gunzTarPerm extractEntry region-usage-json/US.json
135866 silly gunzTarPerm modified mode [ 'region-usage-json/US.json', 420, 438 ]
135867 silly gunzTarPerm extractEntry features-json/use-strict.json
135868 silly gunzTarPerm modified mode [ 'features-json/use-strict.json', 420, 438 ]
135869 silly gunzTarPerm extractEntry 2016/Invoke.js
135870 silly gunzTarPerm modified mode [ '2016/Invoke.js', 420, 438 ]
135871 silly gunzTarPerm extractEntry 2017/Invoke.js
135872 silly gunzTarPerm modified mode [ '2017/Invoke.js', 420, 438 ]
135873 silly gunzTarPerm extractEntry data/features/tls1-1.js
135874 silly gunzTarPerm modified mode [ 'data/features/tls1-1.js', 420, 438 ]
135875 silly gunzTarPerm extractEntry data/features/tls1-2.js
135876 silly gunzTarPerm modified mode [ 'data/features/tls1-2.js', 420, 438 ]
135877 silly gunzTarPerm extractEntry features-json/user-select-none.json
135878 silly gunzTarPerm modified mode [ 'features-json/user-select-none.json', 420, 438 ]
135879 silly gunzTarPerm extractEntry pick.js
135880 silly gunzTarPerm modified mode [ 'pick.js', 420, 438 ]
135881 silly gunzTarPerm extractEntry fp/pickAll.js
135882 silly gunzTarPerm modified mode [ 'fp/pickAll.js', 420, 438 ]
135883 silly gunzTarPerm extractEntry fp/pickBy.js
135884 silly gunzTarPerm modified mode [ 'fp/pickBy.js', 420, 438 ]
135885 silly gunzTarPerm extractEntry features-json/user-timing.json
135886 silly gunzTarPerm modified mode [ 'features-json/user-timing.json', 420, 438 ]
135887 silly gunzTarPerm extractEntry modules/es7.reflect.delete-metadata.js
135888 silly gunzTarPerm extractEntry library/modules/es7.reflect.get-metadata-keys.js
135889 silly gunzTarPerm extractEntry pickBy.js
135890 silly gunzTarPerm modified mode [ 'pickBy.js', 420, 438 ]
135891 silly gunzTarPerm extractEntry region-usage-json/UY.json
135892 silly gunzTarPerm modified mode [ 'region-usage-json/UY.json', 420, 438 ]
135893 silly gunzTarPerm extractEntry fp/pipe.js
135894 silly gunzTarPerm modified mode [ 'fp/pipe.js', 420, 438 ]
135895 silly gunzTarPerm extractEntry region-usage-json/UZ.json
135896 silly gunzTarPerm modified mode [ 'region-usage-json/UZ.json', 420, 438 ]
135897 silly gunzTarPerm extractEntry 2018/Invoke.js
135898 silly gunzTarPerm modified mode [ '2018/Invoke.js', 420, 438 ]
135899 silly gunzTarPerm extractEntry 2019/Invoke.js
135900 silly gunzTarPerm modified mode [ '2019/Invoke.js', 420, 438 ]
135901 silly gunzTarPerm extractEntry data/features/tls1-3.js
135902 silly gunzTarPerm modified mode [ 'data/features/tls1-3.js', 420, 438 ]
135903 silly gunzTarPerm extractEntry data/regions/TM.js
135904 silly gunzTarPerm modified mode [ 'data/regions/TM.js', 420, 438 ]
135905 silly gunzTarPerm extractEntry fp/placeholder.js
135906 silly gunzTarPerm modified mode [ 'fp/placeholder.js', 420, 438 ]
135907 silly gunzTarPerm extractEntry region-usage-json/VA.json
135908 silly gunzTarPerm modified mode [ 'region-usage-json/VA.json', 420, 438 ]
135909 silly gunzTarPerm extractEntry modules/es7.reflect.get-metadata-keys.js
135910 silly gunzTarPerm extractEntry library/modules/es7.reflect.get-metadata.js
135911 silly gunzTarPerm extractEntry fp/plant.js
135912 silly gunzTarPerm modified mode [ 'fp/plant.js', 420, 438 ]
135913 silly gunzTarPerm extractEntry features-json/variable-fonts.json
135914 silly gunzTarPerm modified mode [ 'features-json/variable-fonts.json', 420, 438 ]
135915 silly gunzTarPerm extractEntry plant.js
135916 silly gunzTarPerm modified mode [ 'plant.js', 420, 438 ]
135917 silly gunzTarPerm extractEntry region-usage-json/VC.json
135918 silly gunzTarPerm modified mode [ 'region-usage-json/VC.json', 420, 438 ]
135919 silly gunzTarPerm extractEntry fp/pluck.js
135920 silly gunzTarPerm modified mode [ 'fp/pluck.js', 420, 438 ]
135921 silly gunzTarPerm extractEntry 2020/Invoke.js
135922 silly gunzTarPerm modified mode [ '2020/Invoke.js', 420, 438 ]
135923 silly gunzTarPerm extractEntry 2021/Invoke.js
135924 silly gunzTarPerm modified mode [ '2021/Invoke.js', 420, 438 ]
135925 silly gunzTarPerm extractEntry data/regions/TN.js
135926 silly gunzTarPerm modified mode [ 'data/regions/TN.js', 420, 438 ]
135927 silly gunzTarPerm extractEntry data/regions/TO.js
135928 silly gunzTarPerm modified mode [ 'data/regions/TO.js', 420, 438 ]
135929 silly gunzTarPerm extractEntry region-usage-json/VE.json
135930 silly gunzTarPerm modified mode [ 'region-usage-json/VE.json', 420, 438 ]
135931 silly gunzTarPerm extractEntry fp/prop.js
135932 silly gunzTarPerm modified mode [ 'fp/prop.js', 420, 438 ]
135933 silly gunzTarPerm extractEntry modules/es7.reflect.get-metadata.js
135934 silly gunzTarPerm extractEntry library/modules/es7.reflect.get-own-metadata-keys.js
135935 silly gunzTarPerm extractEntry features-json/vector-effect.json
135936 silly gunzTarPerm modified mode [ 'features-json/vector-effect.json', 420, 438 ]
135937 silly gunzTarPerm extractEntry region-usage-json/VG.json
135938 silly gunzTarPerm modified mode [ 'region-usage-json/VG.json', 420, 438 ]
135939 silly gunzTarPerm extractEntry region-usage-json/VI.json
135940 silly gunzTarPerm modified mode [ 'region-usage-json/VI.json', 420, 438 ]
135941 silly gunzTarPerm extractEntry 2022/Invoke.js
135942 silly gunzTarPerm modified mode [ '2022/Invoke.js', 420, 438 ]
135943 silly gunzTarPerm extractEntry 2023/Invoke.js
135944 silly gunzTarPerm modified mode [ '2023/Invoke.js', 420, 438 ]
135945 silly gunzTarPerm extractEntry data/features/touch.js
135946 silly gunzTarPerm modified mode [ 'data/features/touch.js', 420, 438 ]
135947 silly gunzTarPerm extractEntry data/regions/TR.js
135948 silly gunzTarPerm modified mode [ 'data/regions/TR.js', 420, 438 ]
135949 silly gunzTarPerm extractEntry fp/propEq.js
135950 silly gunzTarPerm modified mode [ 'fp/propEq.js', 420, 438 ]
135951 silly gunzTarPerm extractEntry fp/property.js
135952 silly gunzTarPerm modified mode [ 'fp/property.js', 420, 438 ]
135953 silly gunzTarPerm extractEntry features-json/vibration.json
135954 silly gunzTarPerm modified mode [ 'features-json/vibration.json', 420, 438 ]
135955 silly gunzTarPerm extractEntry modules/es7.reflect.get-own-metadata-keys.js
135956 silly gunzTarPerm extractEntry library/modules/es7.reflect.get-own-metadata.js
135957 silly gunzTarPerm extractEntry features-json/video.json
135958 silly gunzTarPerm modified mode [ 'features-json/video.json', 420, 438 ]
135959 silly gunzTarPerm extractEntry features-json/videotracks.json
135960 silly gunzTarPerm modified mode [ 'features-json/videotracks.json', 420, 438 ]
135961 silly gunzTarPerm extractEntry features-json/view-transitions.json
135962 silly gunzTarPerm modified mode [ 'features-json/view-transitions.json', 420, 438 ]
135963 silly gunzTarPerm extractEntry modules/es7.reflect.get-own-metadata.js
135964 silly gunzTarPerm extractEntry library/modules/es7.reflect.has-metadata.js
135965 silly gunzTarPerm extractEntry 2024/Invoke.js
135966 silly gunzTarPerm modified mode [ '2024/Invoke.js', 420, 438 ]
135967 silly gunzTarPerm extractEntry helpers/isAbstractClosure.js
135968 silly gunzTarPerm modified mode [ 'helpers/isAbstractClosure.js', 420, 438 ]
135969 silly gunzTarPerm extractEntry data/features/transforms2d.js
135970 silly gunzTarPerm modified mode [ 'data/features/transforms2d.js', 420, 438 ]
135971 silly gunzTarPerm extractEntry data/features/transforms3d.js
135972 silly gunzTarPerm modified mode [ 'data/features/transforms3d.js', 420, 438 ]
135973 silly gunzTarPerm extractEntry features-json/viewport-unit-variants.json
135974 silly gunzTarPerm modified mode [ 'features-json/viewport-unit-variants.json', 420, 438 ]
135975 silly gunzTarPerm extractEntry property.js
135976 silly gunzTarPerm modified mode [ 'property.js', 420, 438 ]
135977 silly gunzTarPerm extractEntry fp/propertyOf.js
135978 silly gunzTarPerm modified mode [ 'fp/propertyOf.js', 420, 438 ]
135979 silly gunzTarPerm extractEntry features-json/viewport-units.json
135980 silly gunzTarPerm modified mode [ 'features-json/viewport-units.json', 420, 438 ]
135981 silly gunzTarPerm extractEntry region-usage-json/VN.json
135982 silly gunzTarPerm modified mode [ 'region-usage-json/VN.json', 420, 438 ]
135983 silly gunzTarPerm extractEntry region-usage-json/VU.json
135984 silly gunzTarPerm modified mode [ 'region-usage-json/VU.json', 420, 438 ]
135985 silly gunzTarPerm extractEntry modules/es7.reflect.has-metadata.js
135986 silly gunzTarPerm extractEntry library/modules/es7.reflect.has-own-metadata.js
135987 silly gunzTarPerm extractEntry data/features/trusted-types.js
135988 silly gunzTarPerm modified mode [ 'data/features/trusted-types.js', 420, 438 ]
135989 silly gunzTarPerm extractEntry data/regions/TT.js
135990 silly gunzTarPerm modified mode [ 'data/regions/TT.js', 420, 438 ]
135991 silly gunzTarPerm extractEntry 2015/IsAccessorDescriptor.js
135992 silly gunzTarPerm modified mode [ '2015/IsAccessorDescriptor.js', 420, 438 ]
135993 silly gunzTarPerm extractEntry 2016/IsAccessorDescriptor.js
135994 silly gunzTarPerm modified mode [ '2016/IsAccessorDescriptor.js', 420, 438 ]
135995 silly gunzTarPerm extractEntry features-json/wai-aria.json
135996 silly gunzTarPerm modified mode [ 'features-json/wai-aria.json', 420, 438 ]
135997 silly gunzTarPerm extractEntry propertyOf.js
135998 silly gunzTarPerm modified mode [ 'propertyOf.js', 420, 438 ]
135999 silly gunzTarPerm extractEntry fp/propOr.js
136000 silly gunzTarPerm modified mode [ 'fp/propOr.js', 420, 438 ]
136001 silly gunzTarPerm extractEntry features-json/wake-lock.json
136002 silly gunzTarPerm modified mode [ 'features-json/wake-lock.json', 420, 438 ]
136003 silly gunzTarPerm extractEntry features-json/wasm-bigint.json
136004 silly gunzTarPerm modified mode [ 'features-json/wasm-bigint.json', 420, 438 ]
136005 silly gunzTarPerm extractEntry modules/es7.reflect.has-own-metadata.js
136006 silly gunzTarPerm extractEntry library/modules/es7.reflect.metadata.js
136007 silly gunzTarPerm extractEntry fp/props.js
136008 silly gunzTarPerm modified mode [ 'fp/props.js', 420, 438 ]
136009 silly gunzTarPerm extractEntry fp/pull.js
136010 silly gunzTarPerm modified mode [ 'fp/pull.js', 420, 438 ]
136011 silly gunzTarPerm extractEntry 2017/IsAccessorDescriptor.js
136012 silly gunzTarPerm modified mode [ '2017/IsAccessorDescriptor.js', 420, 438 ]
136013 silly gunzTarPerm extractEntry 2018/IsAccessorDescriptor.js
136014 silly gunzTarPerm modified mode [ '2018/IsAccessorDescriptor.js', 420, 438 ]
136015 silly gunzTarPerm extractEntry data/features/ttf.js
136016 silly gunzTarPerm modified mode [ 'data/features/ttf.js', 420, 438 ]
136017 silly gunzTarPerm extractEntry data/regions/TV.js
136018 silly gunzTarPerm modified mode [ 'data/regions/TV.js', 420, 438 ]
136019 silly gunzTarPerm extractEntry features-json/wasm-bulk-memory.json
136020 silly gunzTarPerm modified mode [ 'features-json/wasm-bulk-memory.json', 420, 438 ]
136021 silly gunzTarPerm extractEntry features-json/wasm-extended-const.json
136022 silly gunzTarPerm modified mode [ 'features-json/wasm-extended-const.json', 420, 438 ]
136023 silly gunzTarPerm extractEntry features-json/wasm-gc.json
136024 silly gunzTarPerm modified mode [ 'features-json/wasm-gc.json', 420, 438 ]
136025 silly gunzTarPerm extractEntry modules/es7.reflect.metadata.js
136026 silly gunzTarPerm extractEntry library/modules/es7.set.from.js
136027 silly gunzTarPerm extractEntry features-json/wasm-multi-memory.json
136028 silly gunzTarPerm modified mode [ 'features-json/wasm-multi-memory.json', 420, 438 ]
136029 silly gunzTarPerm extractEntry 2019/IsAccessorDescriptor.js
136030 silly gunzTarPerm modified mode [ '2019/IsAccessorDescriptor.js', 420, 438 ]
136031 silly gunzTarPerm extractEntry 2020/IsAccessorDescriptor.js
136032 silly gunzTarPerm modified mode [ '2020/IsAccessorDescriptor.js', 420, 438 ]
136033 silly gunzTarPerm extractEntry data/regions/TW.js
136034 silly gunzTarPerm modified mode [ 'data/regions/TW.js', 420, 438 ]
136035 silly gunzTarPerm extractEntry data/features/typedarrays.js
136036 silly gunzTarPerm modified mode [ 'data/features/typedarrays.js', 420, 438 ]
136037 silly gunzTarPerm extractEntry pull.js
136038 silly gunzTarPerm modified mode [ 'pull.js', 420, 438 ]
136039 silly gunzTarPerm extractEntry fp/pullAll.js
136040 silly gunzTarPerm modified mode [ 'fp/pullAll.js', 420, 438 ]
136041 silly gunzTarPerm extractEntry features-json/wasm-multi-value.json
136042 silly gunzTarPerm modified mode [ 'features-json/wasm-multi-value.json', 420, 438 ]
136043 silly gunzTarPerm extractEntry features-json/wasm-mutable-globals.json
136044 silly gunzTarPerm modified mode [ 'features-json/wasm-mutable-globals.json', 420, 438 ]
136045 silly gunzTarPerm extractEntry modules/es7.set.from.js
136046 silly gunzTarPerm extractEntry library/modules/es7.set.of.js
136047 silly gunzTarPerm extractEntry features-json/wasm-nontrapping-fptoint.json
136048 silly gunzTarPerm modified mode [ 'features-json/wasm-nontrapping-fptoint.json', 420, 438 ]
136049 silly gunzTarPerm extractEntry pullAll.js
136050 silly gunzTarPerm modified mode [ 'pullAll.js', 420, 438 ]
136051 silly gunzTarPerm extractEntry fp/pullAllBy.js
136052 silly gunzTarPerm modified mode [ 'fp/pullAllBy.js', 420, 438 ]
136053 silly gunzTarPerm extractEntry features-json/wasm-reference-types.json
136054 silly gunzTarPerm modified mode [ 'features-json/wasm-reference-types.json', 420, 438 ]
136055 silly gunzTarPerm extractEntry data/regions/TZ.js
136056 silly gunzTarPerm modified mode [ 'data/regions/TZ.js', 420, 438 ]
136057 silly gunzTarPerm extractEntry data/features/u2f.js
136058 silly gunzTarPerm modified mode [ 'data/features/u2f.js', 420, 438 ]
136059 silly gunzTarPerm extractEntry 2021/IsAccessorDescriptor.js
136060 silly gunzTarPerm modified mode [ '2021/IsAccessorDescriptor.js', 420, 438 ]
136061 silly gunzTarPerm extractEntry 2022/IsAccessorDescriptor.js
136062 silly gunzTarPerm modified mode [ '2022/IsAccessorDescriptor.js', 420, 438 ]
136063 silly gunzTarPerm extractEntry features-json/wasm-relaxed-simd.json
136064 silly gunzTarPerm modified mode [ 'features-json/wasm-relaxed-simd.json', 420, 438 ]
136065 silly gunzTarPerm extractEntry features-json/wasm-signext.json
136066 silly gunzTarPerm modified mode [ 'features-json/wasm-signext.json', 420, 438 ]
136067 silly gunzTarPerm extractEntry modules/es7.set.of.js
136068 silly gunzTarPerm extractEntry library/modules/es7.set.to-json.js
136069 silly gunzTarPerm extractEntry features-json/wasm-simd.json
136070 silly gunzTarPerm modified mode [ 'features-json/wasm-simd.json', 420, 438 ]
136071 silly gunzTarPerm extractEntry pullAllBy.js
136072 silly gunzTarPerm modified mode [ 'pullAllBy.js', 420, 438 ]
136073 silly gunzTarPerm extractEntry fp/pullAllWith.js
136074 silly gunzTarPerm modified mode [ 'fp/pullAllWith.js', 420, 438 ]
136075 silly gunzTarPerm extractEntry data/regions/UA.js
136076 silly gunzTarPerm modified mode [ 'data/regions/UA.js', 420, 438 ]
136077 silly gunzTarPerm extractEntry data/regions/UG.js
136078 silly gunzTarPerm modified mode [ 'data/regions/UG.js', 420, 438 ]
136079 silly gunzTarPerm extractEntry 2023/IsAccessorDescriptor.js
136080 silly gunzTarPerm modified mode [ '2023/IsAccessorDescriptor.js', 420, 438 ]
136081 silly gunzTarPerm extractEntry 2024/IsAccessorDescriptor.js
136082 silly gunzTarPerm modified mode [ '2024/IsAccessorDescriptor.js', 420, 438 ]
136083 silly gunzTarPerm extractEntry features-json/wasm-tail-calls.json
136084 silly gunzTarPerm modified mode [ 'features-json/wasm-tail-calls.json', 420, 438 ]
136085 silly gunzTarPerm extractEntry features-json/wasm-threads.json
136086 silly gunzTarPerm modified mode [ 'features-json/wasm-threads.json', 420, 438 ]
136087 silly gunzTarPerm extractEntry modules/es7.set.to-json.js
136088 silly gunzTarPerm extractEntry library/modules/es7.string.at.js
136089 silly gunzTarPerm extractEntry features-json/wasm.json
136090 silly gunzTarPerm modified mode [ 'features-json/wasm.json', 420, 438 ]
136091 silly gunzTarPerm extractEntry features-json/wav.json
136092 silly gunzTarPerm modified mode [ 'features-json/wav.json', 420, 438 ]
136093 silly gunzTarPerm extractEntry pullAllWith.js
136094 silly gunzTarPerm modified mode [ 'pullAllWith.js', 420, 438 ]
136095 silly gunzTarPerm extractEntry fp/pullAt.js
136096 silly gunzTarPerm modified mode [ 'fp/pullAt.js', 420, 438 ]
136097 silly gunzTarPerm extractEntry features-json/wbr-element.json
136098 silly gunzTarPerm modified mode [ 'features-json/wbr-element.json', 420, 438 ]
136099 silly gunzTarPerm extractEntry data/features/unhandledrejection.js
136100 silly gunzTarPerm modified mode [ 'data/features/unhandledrejection.js', 420, 438 ]
136101 silly gunzTarPerm extractEntry data/features/upgradeinsecurerequests.js
136102 silly gunzTarPerm modified mode [ 'data/features/upgradeinsecurerequests.js', 420, 438 ]
136103 silly gunzTarPerm extractEntry 5/IsAccessorDescriptor.js
136104 silly gunzTarPerm modified mode [ '5/IsAccessorDescriptor.js', 420, 438 ]
136105 silly gunzTarPerm extractEntry 2015/IsArray.js
136106 silly gunzTarPerm modified mode [ '2015/IsArray.js', 420, 438 ]
136107 silly gunzTarPerm extractEntry modules/es7.string.at.js
136108 silly gunzTarPerm extractEntry library/modules/es7.string.match-all.js
136109 silly gunzTarPerm extractEntry features-json/web-animation.json
136110 silly gunzTarPerm modified mode [ 'features-json/web-animation.json', 420, 438 ]
136111 silly gunzTarPerm extractEntry features-json/web-app-manifest.json
136112 silly gunzTarPerm modified mode [ 'features-json/web-app-manifest.json', 420, 438 ]
136113 silly gunzTarPerm extractEntry pullAt.js
136114 silly gunzTarPerm modified mode [ 'pullAt.js', 420, 438 ]
136115 silly gunzTarPerm extractEntry fp/random.js
136116 silly gunzTarPerm modified mode [ 'fp/random.js', 420, 438 ]
136117 silly gunzTarPerm extractEntry features-json/web-bluetooth.json
136118 silly gunzTarPerm modified mode [ 'features-json/web-bluetooth.json', 420, 438 ]
136119 silly gunzTarPerm extractEntry features-json/web-serial.json
136120 silly gunzTarPerm modified mode [ 'features-json/web-serial.json', 420, 438 ]
136121 silly gunzTarPerm extractEntry data/features/url-scroll-to-text-fragment.js
136122 silly gunzTarPerm modified mode [ 'data/features/url-scroll-to-text-fragment.js', 420, 438 ]
136123 silly gunzTarPerm extractEntry data/features/url.js
136124 silly gunzTarPerm modified mode [ 'data/features/url.js', 420, 438 ]
136125 silly gunzTarPerm extractEntry 2016/IsArray.js
136126 silly gunzTarPerm modified mode [ '2016/IsArray.js', 420, 438 ]
136127 silly gunzTarPerm extractEntry 2017/IsArray.js
136128 silly gunzTarPerm modified mode [ '2017/IsArray.js', 420, 438 ]
136129 silly gunzTarPerm extractEntry modules/es7.string.match-all.js
136130 silly gunzTarPerm extractEntry library/modules/es7.string.pad-end.js
136131 silly gunzTarPerm extractEntry features-json/web-share.json
136132 silly gunzTarPerm modified mode [ 'features-json/web-share.json', 420, 438 ]
136133 silly gunzTarPerm extractEntry features-json/webauthn.json
136134 silly gunzTarPerm modified mode [ 'features-json/webauthn.json', 420, 438 ]
136135 silly gunzTarPerm extractEntry random.js
136136 silly gunzTarPerm modified mode [ 'random.js', 420, 438 ]
136137 silly gunzTarPerm extractEntry fp/range.js
136138 silly gunzTarPerm modified mode [ 'fp/range.js', 420, 438 ]
136139 silly gunzTarPerm extractEntry features-json/webcodecs.json
136140 silly gunzTarPerm modified mode [ 'features-json/webcodecs.json', 420, 438 ]
136141 silly gunzTarPerm extractEntry 2018/IsArray.js
136142 silly gunzTarPerm modified mode [ '2018/IsArray.js', 420, 438 ]
136143 silly gunzTarPerm extractEntry 2019/IsArray.js
136144 silly gunzTarPerm modified mode [ '2019/IsArray.js', 420, 438 ]
136145 silly gunzTarPerm extractEntry modules/es7.string.pad-end.js
136146 silly gunzTarPerm extractEntry library/modules/es7.string.pad-start.js
136147 silly gunzTarPerm extractEntry features-json/webgl.json
136148 silly gunzTarPerm modified mode [ 'features-json/webgl.json', 420, 438 ]
136149 silly gunzTarPerm extractEntry data/features/urlsearchparams.js
136150 silly gunzTarPerm modified mode [ 'data/features/urlsearchparams.js', 420, 438 ]
136151 silly gunzTarPerm extractEntry data/regions/US.js
136152 silly gunzTarPerm modified mode [ 'data/regions/US.js', 420, 438 ]
136153 silly gunzTarPerm extractEntry features-json/webgl2.json
136154 silly gunzTarPerm modified mode [ 'features-json/webgl2.json', 420, 438 ]
136155 silly gunzTarPerm extractEntry features-json/webgpu.json
136156 silly gunzTarPerm modified mode [ 'features-json/webgpu.json', 420, 438 ]
136157 silly gunzTarPerm extractEntry range.js
136158 silly gunzTarPerm modified mode [ 'range.js', 420, 438 ]
136159 silly gunzTarPerm extractEntry fp/rangeRight.js
136160 silly gunzTarPerm modified mode [ 'fp/rangeRight.js', 420, 438 ]
136161 silly gunzTarPerm extractEntry modules/es7.string.pad-start.js
136162 silly gunzTarPerm extractEntry library/modules/es7.string.trim-left.js
136163 silly gunzTarPerm extractEntry features-json/webhid.json
136164 silly gunzTarPerm modified mode [ 'features-json/webhid.json', 420, 438 ]
136165 silly gunzTarPerm extractEntry 2020/IsArray.js
136166 silly gunzTarPerm modified mode [ '2020/IsArray.js', 420, 438 ]
136167 silly gunzTarPerm extractEntry 2021/IsArray.js
136168 silly gunzTarPerm modified mode [ '2021/IsArray.js', 420, 438 ]
136169 silly gunzTarPerm extractEntry data/features/use-strict.js
136170 silly gunzTarPerm modified mode [ 'data/features/use-strict.js', 420, 438 ]
136171 silly gunzTarPerm extractEntry data/features/user-select-none.js
136172 silly gunzTarPerm modified mode [ 'data/features/user-select-none.js', 420, 438 ]
136173 silly gunzTarPerm extractEntry features-json/webkit-user-drag.json
136174 silly gunzTarPerm modified mode [ 'features-json/webkit-user-drag.json', 420, 438 ]
136175 silly gunzTarPerm extractEntry features-json/webm.json
136176 silly gunzTarPerm modified mode [ 'features-json/webm.json', 420, 438 ]
136177 silly gunzTarPerm extractEntry rangeRight.js
136178 silly gunzTarPerm modified mode [ 'rangeRight.js', 420, 438 ]
136179 silly gunzTarPerm extractEntry fp/rangeStep.js
136180 silly gunzTarPerm modified mode [ 'fp/rangeStep.js', 420, 438 ]
136181 silly gunzTarPerm extractEntry features-json/webnfc.json
136182 silly gunzTarPerm modified mode [ 'features-json/webnfc.json', 420, 438 ]
136183 silly gunzTarPerm extractEntry modules/es7.string.trim-left.js
136184 silly gunzTarPerm extractEntry library/modules/es7.string.trim-right.js
136185 silly gunzTarPerm extractEntry features-json/webp.json
136186 silly gunzTarPerm modified mode [ 'features-json/webp.json', 420, 438 ]
136187 silly gunzTarPerm extractEntry 2022/IsArray.js
136188 silly gunzTarPerm modified mode [ '2022/IsArray.js', 420, 438 ]
136189 silly gunzTarPerm extractEntry 2023/IsArray.js
136190 silly gunzTarPerm modified mode [ '2023/IsArray.js', 420, 438 ]
136191 silly gunzTarPerm extractEntry features-json/websockets.json
136192 silly gunzTarPerm modified mode [ 'features-json/websockets.json', 420, 438 ]
136193 silly gunzTarPerm extractEntry data/features/user-timing.js
136194 silly gunzTarPerm modified mode [ 'data/features/user-timing.js', 420, 438 ]
136195 silly gunzTarPerm extractEntry data/regions/UY.js
136196 silly gunzTarPerm modified mode [ 'data/regions/UY.js', 420, 438 ]
136197 silly gunzTarPerm extractEntry fp/rangeStepRight.js
136198 silly gunzTarPerm modified mode [ 'fp/rangeStepRight.js', 420, 438 ]
136199 silly gunzTarPerm extractEntry fp/rearg.js
136200 silly gunzTarPerm modified mode [ 'fp/rearg.js', 420, 438 ]
136201 silly gunzTarPerm extractEntry features-json/webtransport.json
136202 silly gunzTarPerm modified mode [ 'features-json/webtransport.json', 420, 438 ]
136203 silly gunzTarPerm extractEntry modules/es7.string.trim-right.js
136204 silly gunzTarPerm extractEntry library/modules/es7.symbol.async-iterator.js
136205 silly gunzTarPerm extractEntry features-json/webusb.json
136206 silly gunzTarPerm modified mode [ 'features-json/webusb.json', 420, 438 ]
136207 silly gunzTarPerm extractEntry features-json/webvr.json
136208 silly gunzTarPerm modified mode [ 'features-json/webvr.json', 420, 438 ]
136209 silly gunzTarPerm extractEntry 2024/IsArray.js
136210 silly gunzTarPerm modified mode [ '2024/IsArray.js', 420, 438 ]
136211 silly gunzTarPerm extractEntry helpers/IsArray.js
136212 silly gunzTarPerm modified mode [ 'helpers/IsArray.js', 420, 438 ]
136213 silly gunzTarPerm extractEntry rearg.js
136214 silly gunzTarPerm modified mode [ 'rearg.js', 420, 438 ]
136215 silly gunzTarPerm extractEntry fp/reduce.js
136216 silly gunzTarPerm modified mode [ 'fp/reduce.js', 420, 438 ]
136217 silly gunzTarPerm extractEntry data/regions/UZ.js
136218 silly gunzTarPerm modified mode [ 'data/regions/UZ.js', 420, 438 ]
136219 silly gunzTarPerm extractEntry data/regions/VA.js
136220 silly gunzTarPerm modified mode [ 'data/regions/VA.js', 420, 438 ]
136221 silly gunzTarPerm extractEntry features-json/webvtt.json
136222 silly gunzTarPerm modified mode [ 'features-json/webvtt.json', 420, 438 ]
136223 silly gunzTarPerm extractEntry modules/es7.symbol.async-iterator.js
136224 silly gunzTarPerm extractEntry library/modules/es7.symbol.observable.js
136225 silly gunzTarPerm extractEntry features-json/webworkers.json
136226 silly gunzTarPerm modified mode [ 'features-json/webworkers.json', 420, 438 ]
136227 silly gunzTarPerm extractEntry features-json/webxr.json
136228 silly gunzTarPerm modified mode [ 'features-json/webxr.json', 420, 438 ]
136229 silly gunzTarPerm extractEntry region-usage-json/WF.json
136230 silly gunzTarPerm modified mode [ 'region-usage-json/WF.json', 420, 438 ]
136231 silly gunzTarPerm extractEntry 2024/IsArrayBufferViewOutOfBounds.js
136232 silly gunzTarPerm modified mode [ '2024/IsArrayBufferViewOutOfBounds.js', 420, 438 ]
136233 silly gunzTarPerm extractEntry 2020/IsBigIntElementType.js
136234 silly gunzTarPerm modified mode [ '2020/IsBigIntElementType.js', 420, 438 ]
136235 silly gunzTarPerm extractEntry data/features/variable-fonts.js
136236 silly gunzTarPerm modified mode [ 'data/features/variable-fonts.js', 420, 438 ]
136237 silly gunzTarPerm extractEntry data/regions/VC.js
136238 silly gunzTarPerm modified mode [ 'data/regions/VC.js', 420, 438 ]
136239 silly gunzTarPerm extractEntry reduce.js
136240 silly gunzTarPerm modified mode [ 'reduce.js', 420, 438 ]
136241 silly gunzTarPerm extractEntry fp/reduceRight.js
136242 silly gunzTarPerm modified mode [ 'fp/reduceRight.js', 420, 438 ]
136243 silly gunzTarPerm extractEntry features-json/will-change.json
136244 silly gunzTarPerm modified mode [ 'features-json/will-change.json', 420, 438 ]
136245 silly gunzTarPerm extractEntry modules/es7.symbol.observable.js
136246 silly gunzTarPerm extractEntry library/modules/es7.system.global.js
136247 silly gunzTarPerm extractEntry features-json/woff.json
136248 silly gunzTarPerm modified mode [ 'features-json/woff.json', 420, 438 ]
136249 silly gunzTarPerm extractEntry features-json/woff2.json
136250 silly gunzTarPerm modified mode [ 'features-json/woff2.json', 420, 438 ]
136251 silly gunzTarPerm extractEntry features-json/word-break.json
136252 silly gunzTarPerm modified mode [ 'features-json/word-break.json', 420, 438 ]
136253 silly gunzTarPerm extractEntry 2021/IsBigIntElementType.js
136254 silly gunzTarPerm modified mode [ '2021/IsBigIntElementType.js', 420, 438 ]
136255 silly gunzTarPerm extractEntry 2022/IsBigIntElementType.js
136256 silly gunzTarPerm modified mode [ '2022/IsBigIntElementType.js', 420, 438 ]
136257 silly gunzTarPerm extractEntry reduceRight.js
136258 silly gunzTarPerm modified mode [ 'reduceRight.js', 420, 438 ]
136259 silly gunzTarPerm extractEntry fp/reject.js
136260 silly gunzTarPerm modified mode [ 'fp/reject.js', 420, 438 ]
136261 silly gunzTarPerm extractEntry data/regions/VE.js
136262 silly gunzTarPerm modified mode [ 'data/regions/VE.js', 420, 438 ]
136263 silly gunzTarPerm extractEntry data/features/vector-effect.js
136264 silly gunzTarPerm modified mode [ 'data/features/vector-effect.js', 420, 438 ]
136265 silly gunzTarPerm extractEntry modules/es7.system.global.js
136266 silly gunzTarPerm extractEntry library/modules/es7.weak-map.from.js
136267 silly gunzTarPerm extractEntry features-json/wordwrap.json
136268 silly gunzTarPerm modified mode [ 'features-json/wordwrap.json', 420, 438 ]
136269 silly gunzTarPerm extractEntry region-usage-json/WS.json
136270 silly gunzTarPerm modified mode [ 'region-usage-json/WS.json', 420, 438 ]
136271 silly gunzTarPerm extractEntry features-json/x-doc-messaging.json
136272 silly gunzTarPerm modified mode [ 'features-json/x-doc-messaging.json', 420, 438 ]
136273 silly gunzTarPerm extractEntry 2023/IsBigIntElementType.js
136274 silly gunzTarPerm modified mode [ '2023/IsBigIntElementType.js', 420, 438 ]
136275 silly gunzTarPerm extractEntry 2024/IsBigIntElementType.js
136276 silly gunzTarPerm modified mode [ '2024/IsBigIntElementType.js', 420, 438 ]
136277 silly gunzTarPerm extractEntry data/regions/VG.js
136278 silly gunzTarPerm modified mode [ 'data/regions/VG.js', 420, 438 ]
136279 silly gunzTarPerm extractEntry data/regions/VI.js
136280 silly gunzTarPerm modified mode [ 'data/regions/VI.js', 420, 438 ]
136281 silly gunzTarPerm extractEntry features-json/x-frame-options.json
136282 silly gunzTarPerm modified mode [ 'features-json/x-frame-options.json', 420, 438 ]
136283 silly gunzTarPerm extractEntry reject.js
136284 silly gunzTarPerm modified mode [ 'reject.js', 420, 438 ]
136285 silly gunzTarPerm extractEntry fp/remove.js
136286 silly gunzTarPerm modified mode [ 'fp/remove.js', 420, 438 ]
136287 silly gunzTarPerm extractEntry modules/es7.weak-map.from.js
136288 silly gunzTarPerm extractEntry library/modules/es7.weak-map.of.js
136289 silly gunzTarPerm extractEntry features-json/xhr2.json
136290 silly gunzTarPerm modified mode [ 'features-json/xhr2.json', 420, 438 ]
136291 silly gunzTarPerm extractEntry features-json/xhtml.json
136292 silly gunzTarPerm modified mode [ 'features-json/xhtml.json', 420, 438 ]
136293 silly gunzTarPerm extractEntry helpers/isByteValue.js
136294 silly gunzTarPerm modified mode [ 'helpers/isByteValue.js', 420, 438 ]
136295 silly gunzTarPerm extractEntry 2015/IsCallable.js
136296 silly gunzTarPerm modified mode [ '2015/IsCallable.js', 420, 438 ]
136297 silly gunzTarPerm extractEntry features-json/xhtmlsmil.json
136298 silly gunzTarPerm modified mode [ 'features-json/xhtmlsmil.json', 420, 438 ]
136299 silly gunzTarPerm extractEntry remove.js
136300 silly gunzTarPerm modified mode [ 'remove.js', 420, 438 ]
136301 silly gunzTarPerm extractEntry fp/repeat.js
136302 silly gunzTarPerm modified mode [ 'fp/repeat.js', 420, 438 ]
136303 silly gunzTarPerm extractEntry modules/es7.weak-map.of.js
136304 silly gunzTarPerm extractEntry library/modules/es7.weak-set.from.js
136305 silly gunzTarPerm extractEntry features-json/xml-serializer.json
136306 silly gunzTarPerm modified mode [ 'features-json/xml-serializer.json', 420, 438 ]
136307 silly gunzTarPerm extractEntry data/features/vibration.js
136308 silly gunzTarPerm modified mode [ 'data/features/vibration.js', 420, 438 ]
136309 silly gunzTarPerm extractEntry data/features/video.js
136310 silly gunzTarPerm modified mode [ 'data/features/video.js', 420, 438 ]
136311 silly gunzTarPerm extractEntry region-usage-json/YE.json
136312 silly gunzTarPerm modified mode [ 'region-usage-json/YE.json', 420, 438 ]
136313 silly gunzTarPerm extractEntry region-usage-json/YT.json
136314 silly gunzTarPerm modified mode [ 'region-usage-json/YT.json', 420, 438 ]
136315 silly gunzTarPerm extractEntry 2016/IsCallable.js
136316 silly gunzTarPerm modified mode [ '2016/IsCallable.js', 420, 438 ]
136317 silly gunzTarPerm extractEntry 2017/IsCallable.js
136318 silly gunzTarPerm modified mode [ '2017/IsCallable.js', 420, 438 ]
136319 silly gunzTarPerm extractEntry region-usage-json/ZA.json
136320 silly gunzTarPerm modified mode [ 'region-usage-json/ZA.json', 420, 438 ]
136321 silly gunzTarPerm extractEntry modules/es7.weak-set.from.js
136322 silly gunzTarPerm extractEntry library/modules/es7.weak-set.of.js
136323 silly gunzTarPerm extractEntry repeat.js
136324 silly gunzTarPerm modified mode [ 'repeat.js', 420, 438 ]
136325 silly gunzTarPerm extractEntry fp/replace.js
136326 silly gunzTarPerm modified mode [ 'fp/replace.js', 420, 438 ]
136327 silly gunzTarPerm extractEntry region-usage-json/ZM.json
136328 silly gunzTarPerm modified mode [ 'region-usage-json/ZM.json', 420, 438 ]
136329 silly gunzTarPerm extractEntry data/features/videotracks.js
136330 silly gunzTarPerm modified mode [ 'data/features/videotracks.js', 420, 438 ]
136331 silly gunzTarPerm extractEntry data/features/view-transitions.js
136332 silly gunzTarPerm modified mode [ 'data/features/view-transitions.js', 420, 438 ]
136333 silly gunzTarPerm extractEntry features-json/zstd.json
136334 silly gunzTarPerm modified mode [ 'features-json/zstd.json', 420, 438 ]
136335 silly gunzTarPerm extractEntry 2018/IsCallable.js
136336 silly gunzTarPerm modified mode [ '2018/IsCallable.js', 420, 438 ]
136337 silly gunzTarPerm extractEntry 2019/IsCallable.js
136338 silly gunzTarPerm modified mode [ '2019/IsCallable.js', 420, 438 ]
136339 silly gunzTarPerm extractEntry region-usage-json/ZW.json
136340 silly gunzTarPerm modified mode [ 'region-usage-json/ZW.json', 420, 438 ]
136341 silly gunzTarPerm extractEntry README.md
136342 silly gunzTarPerm modified mode [ 'README.md', 420, 438 ]
136343 silly gunzTarPerm extractEntry modules/es7.weak-set.of.js
136344 silly gunzTarPerm extractEntry fn/string/escape-html.js
136345 silly gunzTarPerm extractEntry replace.js
136346 silly gunzTarPerm modified mode [ 'replace.js', 420, 438 ]
136347 silly gunzTarPerm extractEntry fp/rest.js
136348 silly gunzTarPerm modified mode [ 'fp/rest.js', 420, 438 ]
136349 silly gunzTarPerm extractEntry data/features/viewport-unit-variants.js
136350 silly gunzTarPerm modified mode [ 'data/features/viewport-unit-variants.js', 420, 438 ]
136351 silly gunzTarPerm extractEntry data/features/viewport-units.js
136352 silly gunzTarPerm modified mode [ 'data/features/viewport-units.js', 420, 438 ]
136353 silly gunzTarPerm extractEntry browserstack-logo.png
136354 silly gunzTarPerm modified mode [ 'browserstack-logo.png', 420, 438 ]
136355 silly gunzTarPerm extractEntry .github/FUNDING.yml
136356 silly gunzTarPerm modified mode [ '.github/FUNDING.yml', 420, 438 ]
136357 silly gunzTarPerm extractEntry 2020/IsCallable.js
136358 silly gunzTarPerm modified mode [ '2020/IsCallable.js', 420, 438 ]
136359 silly gunzTarPerm extractEntry 2021/IsCallable.js
136360 silly gunzTarPerm modified mode [ '2021/IsCallable.js', 420, 438 ]
136361 silly gunzTarPerm extractEntry .github/workflows/main.yml
136362 silly gunzTarPerm modified mode [ '.github/workflows/main.yml', 420, 438 ]
136363 silly gunzTarPerm extractEntry fn/string/virtual/escape-html.js
136364 silly gunzTarPerm extractEntry library/fn/string/escape-html.js
136365 silly gunzTarPerm extractEntry rest.js
136366 silly gunzTarPerm modified mode [ 'rest.js', 420, 438 ]
136367 silly gunzTarPerm extractEntry fp/restFrom.js
136368 silly gunzTarPerm modified mode [ 'fp/restFrom.js', 420, 438 ]
136369 silly gunzTarPerm extractEntry data/regions/VN.js
136370 silly gunzTarPerm modified mode [ 'data/regions/VN.js', 420, 438 ]
136371 silly gunzTarPerm extractEntry data/regions/VU.js
136372 silly gunzTarPerm modified mode [ 'data/regions/VU.js', 420, 438 ]
136373 silly gunzTarPerm extractEntry 2022/IsCallable.js
136374 silly gunzTarPerm modified mode [ '2022/IsCallable.js', 420, 438 ]
136375 silly gunzTarPerm extractEntry 2023/IsCallable.js
136376 silly gunzTarPerm modified mode [ '2023/IsCallable.js', 420, 438 ]
136377 silly gunzTarPerm extractEntry library/fn/string/virtual/escape-html.js
136378 silly gunzTarPerm extractEntry fn/regexp/escape.js
136379 silly gunzTarPerm extractEntry fp/result.js
136380 silly gunzTarPerm modified mode [ 'fp/result.js', 420, 438 ]
136381 silly gunzTarPerm extractEntry result.js
136382 silly gunzTarPerm modified mode [ 'result.js', 420, 438 ]
136383 silly gunzTarPerm extractEntry 2024/IsCallable.js
136384 silly gunzTarPerm modified mode [ '2024/IsCallable.js', 420, 438 ]
136385 silly gunzTarPerm extractEntry 5/IsCallable.js
136386 silly gunzTarPerm modified mode [ '5/IsCallable.js', 420, 438 ]
136387 silly gunzTarPerm extractEntry data/features/wai-aria.js
136388 silly gunzTarPerm modified mode [ 'data/features/wai-aria.js', 420, 438 ]
136389 silly gunzTarPerm extractEntry data/features/wake-lock.js
136390 silly gunzTarPerm modified mode [ 'data/features/wake-lock.js', 420, 438 ]
136391 silly gunzTarPerm extractEntry library/fn/regexp/escape.js
136392 silly gunzTarPerm extractEntry fn/array/every.js
136393 silly gunzTarPerm extractEntry fp/reverse.js
136394 silly gunzTarPerm modified mode [ 'fp/reverse.js', 420, 438 ]
136395 silly gunzTarPerm extractEntry reverse.js
136396 silly gunzTarPerm modified mode [ 'reverse.js', 420, 438 ]
136397 silly gunzTarPerm extractEntry helpers/isCodePoint.js
136398 silly gunzTarPerm modified mode [ 'helpers/isCodePoint.js', 420, 438 ]
136399 silly gunzTarPerm extractEntry 2015/IsCompatiblePropertyDescriptor.js
136400 silly gunzTarPerm modified mode [ '2015/IsCompatiblePropertyDescriptor.js', 420, 438 ]
136401 silly gunzTarPerm extractEntry data/features/wasm-bigint.js
136402 silly gunzTarPerm modified mode [ 'data/features/wasm-bigint.js', 420, 438 ]
136403 silly gunzTarPerm extractEntry data/features/wasm-bulk-memory.js
136404 silly gunzTarPerm modified mode [ 'data/features/wasm-bulk-memory.js', 420, 438 ]
136405 silly gunzTarPerm extractEntry fn/array/virtual/every.js
136406 silly gunzTarPerm extractEntry library/fn/array/every.js
136407 silly gunzTarPerm extractEntry fp/round.js
136408 silly gunzTarPerm modified mode [ 'fp/round.js', 420, 438 ]
136409 silly gunzTarPerm extractEntry round.js
136410 silly gunzTarPerm modified mode [ 'round.js', 420, 438 ]
136411 silly gunzTarPerm extractEntry 2016/IsCompatiblePropertyDescriptor.js
136412 silly gunzTarPerm modified mode [ '2016/IsCompatiblePropertyDescriptor.js', 420, 438 ]
136413 silly gunzTarPerm extractEntry 2017/IsCompatiblePropertyDescriptor.js
136414 silly gunzTarPerm modified mode [ '2017/IsCompatiblePropertyDescriptor.js', 420, 438 ]
136415 silly gunzTarPerm extractEntry library/fn/array/virtual/every.js
136416 silly gunzTarPerm extractEntry fn/math/expm1.js
136417 silly gunzTarPerm extractEntry data/features/wasm-extended-const.js
136418 silly gunzTarPerm modified mode [ 'data/features/wasm-extended-const.js', 420, 438 ]
136419 silly gunzTarPerm extractEntry data/features/wasm-gc.js
136420 silly gunzTarPerm modified mode [ 'data/features/wasm-gc.js', 420, 438 ]
136421 silly gunzTarPerm extractEntry fp/sample.js
136422 silly gunzTarPerm modified mode [ 'fp/sample.js', 420, 438 ]
136423 silly gunzTarPerm extractEntry sample.js
136424 silly gunzTarPerm modified mode [ 'sample.js', 420, 438 ]
136425 silly gunzTarPerm extractEntry 2018/IsCompatiblePropertyDescriptor.js
136426 silly gunzTarPerm modified mode [ '2018/IsCompatiblePropertyDescriptor.js', 420, 438 ]
136427 silly gunzTarPerm extractEntry 2019/IsCompatiblePropertyDescriptor.js
136428 silly gunzTarPerm modified mode [ '2019/IsCompatiblePropertyDescriptor.js', 420, 438 ]
136429 silly gunzTarPerm extractEntry library/fn/math/expm1.js
136430 silly gunzTarPerm extractEntry data/features/wasm-multi-memory.js
136431 silly gunzTarPerm modified mode [ 'data/features/wasm-multi-memory.js', 420, 438 ]
136432 silly gunzTarPerm extractEntry data/features/wasm-multi-value.js
136433 silly gunzTarPerm modified mode [ 'data/features/wasm-multi-value.js', 420, 438 ]
136434 silly gunzTarPerm extractEntry fn/array/fill.js
136435 silly gunzTarPerm extractEntry fp/sampleSize.js
136436 silly gunzTarPerm modified mode [ 'fp/sampleSize.js', 420, 438 ]
136437 silly gunzTarPerm extractEntry sampleSize.js
136438 silly gunzTarPerm modified mode [ 'sampleSize.js', 420, 438 ]
136439 silly gunzTarPerm extractEntry 2020/IsCompatiblePropertyDescriptor.js
136440 silly gunzTarPerm modified mode [ '2020/IsCompatiblePropertyDescriptor.js', 420, 438 ]
136441 silly gunzTarPerm extractEntry 2021/IsCompatiblePropertyDescriptor.js
136442 silly gunzTarPerm modified mode [ '2021/IsCompatiblePropertyDescriptor.js', 420, 438 ]
136443 silly gunzTarPerm extractEntry fn/array/virtual/fill.js
136444 silly gunzTarPerm extractEntry library/fn/array/fill.js
136445 silly gunzTarPerm extractEntry data/features/wasm-mutable-globals.js
136446 silly gunzTarPerm modified mode [ 'data/features/wasm-mutable-globals.js', 420, 438 ]
136447 silly gunzTarPerm extractEntry data/features/wasm-nontrapping-fptoint.js
136448 silly gunzTarPerm modified mode [ 'data/features/wasm-nontrapping-fptoint.js', 420, 438 ]
136449 silly gunzTarPerm extractEntry fp/seq.js
136450 silly gunzTarPerm modified mode [ 'fp/seq.js', 420, 438 ]
136451 silly gunzTarPerm extractEntry seq.js
136452 silly gunzTarPerm modified mode [ 'seq.js', 420, 438 ]
136453 silly gunzTarPerm extractEntry 2022/IsCompatiblePropertyDescriptor.js
136454 silly gunzTarPerm modified mode [ '2022/IsCompatiblePropertyDescriptor.js', 420, 438 ]
136455 silly gunzTarPerm extractEntry 2023/IsCompatiblePropertyDescriptor.js
136456 silly gunzTarPerm modified mode [ '2023/IsCompatiblePropertyDescriptor.js', 420, 438 ]
136457 silly gunzTarPerm extractEntry library/fn/array/virtual/fill.js
136458 silly gunzTarPerm extractEntry fn/array/filter.js
136459 silly gunzTarPerm extractEntry fp/set.js
136460 silly gunzTarPerm modified mode [ 'fp/set.js', 420, 438 ]
136461 silly gunzTarPerm extractEntry set.js
136462 silly gunzTarPerm modified mode [ 'set.js', 420, 438 ]
136463 silly gunzTarPerm extractEntry data/features/wasm-reference-types.js
136464 silly gunzTarPerm modified mode [ 'data/features/wasm-reference-types.js', 420, 438 ]
136465 silly gunzTarPerm extractEntry data/features/wasm-relaxed-simd.js
136466 silly gunzTarPerm modified mode [ 'data/features/wasm-relaxed-simd.js', 420, 438 ]
136467 silly gunzTarPerm extractEntry 2024/IsCompatiblePropertyDescriptor.js
136468 silly gunzTarPerm modified mode [ '2024/IsCompatiblePropertyDescriptor.js', 420, 438 ]
136469 silly gunzTarPerm extractEntry 2015/IsConcatSpreadable.js
136470 silly gunzTarPerm modified mode [ '2015/IsConcatSpreadable.js', 420, 438 ]
136471 silly gunzTarPerm extractEntry fn/array/virtual/filter.js
136472 silly gunzTarPerm extractEntry library/fn/array/filter.js
136473 silly gunzTarPerm extractEntry 2016/IsConcatSpreadable.js
136474 silly gunzTarPerm modified mode [ '2016/IsConcatSpreadable.js', 420, 438 ]
136475 silly gunzTarPerm extractEntry 2017/IsConcatSpreadable.js
136476 silly gunzTarPerm modified mode [ '2017/IsConcatSpreadable.js', 420, 438 ]
136477 silly gunzTarPerm extractEntry fp/setWith.js
136478 silly gunzTarPerm modified mode [ 'fp/setWith.js', 420, 438 ]
136479 silly gunzTarPerm extractEntry setWith.js
136480 silly gunzTarPerm modified mode [ 'setWith.js', 420, 438 ]
136481 silly gunzTarPerm extractEntry data/features/wasm-signext.js
136482 silly gunzTarPerm modified mode [ 'data/features/wasm-signext.js', 420, 438 ]
136483 silly gunzTarPerm extractEntry data/features/wasm-simd.js
136484 silly gunzTarPerm modified mode [ 'data/features/wasm-simd.js', 420, 438 ]
136485 silly gunzTarPerm extractEntry library/fn/array/virtual/filter.js
136486 silly gunzTarPerm extractEntry fn/promise/finally.js
136487 silly gunzTarPerm extractEntry fp/shuffle.js
136488 silly gunzTarPerm modified mode [ 'fp/shuffle.js', 420, 438 ]
136489 silly gunzTarPerm extractEntry shuffle.js
136490 silly gunzTarPerm modified mode [ 'shuffle.js', 420, 438 ]
136491 silly gunzTarPerm extractEntry 2018/IsConcatSpreadable.js
136492 silly gunzTarPerm modified mode [ '2018/IsConcatSpreadable.js', 420, 438 ]
136493 silly gunzTarPerm extractEntry 2019/IsConcatSpreadable.js
136494 silly gunzTarPerm modified mode [ '2019/IsConcatSpreadable.js', 420, 438 ]
136495 silly gunzTarPerm extractEntry data/features/wasm-tail-calls.js
136496 silly gunzTarPerm modified mode [ 'data/features/wasm-tail-calls.js', 420, 438 ]
136497 silly gunzTarPerm extractEntry data/features/wasm-threads.js
136498 silly gunzTarPerm modified mode [ 'data/features/wasm-threads.js', 420, 438 ]
136499 silly gunzTarPerm extractEntry library/fn/promise/finally.js
136500 silly gunzTarPerm extractEntry fn/array/find-index.js
136501 silly gunzTarPerm extractEntry 2020/IsConcatSpreadable.js
136502 silly gunzTarPerm modified mode [ '2020/IsConcatSpreadable.js', 420, 438 ]
136503 silly gunzTarPerm extractEntry 2021/IsConcatSpreadable.js
136504 silly gunzTarPerm modified mode [ '2021/IsConcatSpreadable.js', 420, 438 ]
136505 silly gunzTarPerm extractEntry fp/size.js
136506 silly gunzTarPerm modified mode [ 'fp/size.js', 420, 438 ]
136507 silly gunzTarPerm extractEntry size.js
136508 silly gunzTarPerm modified mode [ 'size.js', 420, 438 ]
136509 silly gunzTarPerm extractEntry data/features/wasm.js
136510 silly gunzTarPerm modified mode [ 'data/features/wasm.js', 420, 438 ]
136511 silly gunzTarPerm extractEntry data/features/wav.js
136512 silly gunzTarPerm modified mode [ 'data/features/wav.js', 420, 438 ]
136513 silly gunzTarPerm extractEntry fn/array/virtual/find-index.js
136514 silly gunzTarPerm extractEntry library/fn/array/find-index.js
136515 silly gunzTarPerm extractEntry 2022/IsConcatSpreadable.js
136516 silly gunzTarPerm modified mode [ '2022/IsConcatSpreadable.js', 420, 438 ]
136517 silly gunzTarPerm extractEntry 2023/IsConcatSpreadable.js
136518 silly gunzTarPerm modified mode [ '2023/IsConcatSpreadable.js', 420, 438 ]
136519 silly gunzTarPerm extractEntry fp/slice.js
136520 silly gunzTarPerm modified mode [ 'fp/slice.js', 420, 438 ]
136521 silly gunzTarPerm extractEntry slice.js
136522 silly gunzTarPerm modified mode [ 'slice.js', 420, 438 ]
136523 silly gunzTarPerm extractEntry library/fn/array/virtual/find-index.js
136524 silly gunzTarPerm extractEntry fn/array/find.js
136525 silly gunzTarPerm extractEntry data/features/wbr-element.js
136526 silly gunzTarPerm modified mode [ 'data/features/wbr-element.js', 420, 438 ]
136527 silly gunzTarPerm extractEntry data/features/web-animation.js
136528 silly gunzTarPerm modified mode [ 'data/features/web-animation.js', 420, 438 ]
136529 silly gunzTarPerm extractEntry 2024/IsConcatSpreadable.js
136530 silly gunzTarPerm modified mode [ '2024/IsConcatSpreadable.js', 420, 438 ]
136531 silly gunzTarPerm extractEntry 2015/IsConstructor.js
136532 silly gunzTarPerm modified mode [ '2015/IsConstructor.js', 420, 438 ]
136533 silly gunzTarPerm extractEntry fp/snakeCase.js
136534 silly gunzTarPerm modified mode [ 'fp/snakeCase.js', 420, 438 ]
136535 silly gunzTarPerm extractEntry snakeCase.js
136536 silly gunzTarPerm modified mode [ 'snakeCase.js', 420, 438 ]
136537 silly gunzTarPerm extractEntry fn/array/virtual/find.js
136538 silly gunzTarPerm extractEntry library/fn/array/find.js
136539 silly gunzTarPerm extractEntry data/features/web-app-manifest.js
136540 silly gunzTarPerm modified mode [ 'data/features/web-app-manifest.js', 420, 438 ]
136541 silly gunzTarPerm extractEntry data/features/web-bluetooth.js
136542 silly gunzTarPerm modified mode [ 'data/features/web-bluetooth.js', 420, 438 ]
136543 silly gunzTarPerm extractEntry 2016/IsConstructor.js
136544 silly gunzTarPerm modified mode [ '2016/IsConstructor.js', 420, 438 ]
136545 silly gunzTarPerm extractEntry 2017/IsConstructor.js
136546 silly gunzTarPerm modified mode [ '2017/IsConstructor.js', 420, 438 ]
136547 silly gunzTarPerm extractEntry fp/some.js
136548 silly gunzTarPerm modified mode [ 'fp/some.js', 420, 438 ]
136549 silly gunzTarPerm extractEntry some.js
136550 silly gunzTarPerm modified mode [ 'some.js', 420, 438 ]
136551 silly gunzTarPerm extractEntry library/fn/array/virtual/find.js
136552 silly gunzTarPerm extractEntry fn/string/fixed.js
136553 silly gunzTarPerm extractEntry data/features/web-serial.js
136554 silly gunzTarPerm modified mode [ 'data/features/web-serial.js', 420, 438 ]
136555 silly gunzTarPerm extractEntry data/features/web-share.js
136556 silly gunzTarPerm modified mode [ 'data/features/web-share.js', 420, 438 ]
136557 silly gunzTarPerm extractEntry 2018/IsConstructor.js
136558 silly gunzTarPerm modified mode [ '2018/IsConstructor.js', 420, 438 ]
136559 silly gunzTarPerm extractEntry 2019/IsConstructor.js
136560 silly gunzTarPerm modified mode [ '2019/IsConstructor.js', 420, 438 ]
136561 silly gunzTarPerm extractEntry fp/sortBy.js
136562 silly gunzTarPerm modified mode [ 'fp/sortBy.js', 420, 438 ]
136563 silly gunzTarPerm extractEntry sortBy.js
136564 silly gunzTarPerm modified mode [ 'sortBy.js', 420, 438 ]
136565 silly gunzTarPerm extractEntry fn/string/virtual/fixed.js
136566 silly gunzTarPerm extractEntry library/fn/string/fixed.js
136567 silly gunzTarPerm extractEntry 2020/IsConstructor.js
136568 silly gunzTarPerm modified mode [ '2020/IsConstructor.js', 420, 438 ]
136569 silly gunzTarPerm extractEntry 2021/IsConstructor.js
136570 silly gunzTarPerm modified mode [ '2021/IsConstructor.js', 420, 438 ]
136571 silly gunzTarPerm extractEntry data/features/webauthn.js
136572 silly gunzTarPerm modified mode [ 'data/features/webauthn.js', 420, 438 ]
136573 silly gunzTarPerm extractEntry data/features/webcodecs.js
136574 silly gunzTarPerm modified mode [ 'data/features/webcodecs.js', 420, 438 ]
136575 silly gunzTarPerm extractEntry fp/sortedIndex.js
136576 silly gunzTarPerm modified mode [ 'fp/sortedIndex.js', 420, 438 ]
136577 silly gunzTarPerm extractEntry sortedIndex.js
136578 silly gunzTarPerm modified mode [ 'sortedIndex.js', 420, 438 ]
136579 silly gunzTarPerm extractEntry library/fn/string/virtual/fixed.js
136580 silly gunzTarPerm extractEntry fn/regexp/flags.js
136581 silly gunzTarPerm extractEntry 2022/IsConstructor.js
136582 silly gunzTarPerm modified mode [ '2022/IsConstructor.js', 420, 438 ]
136583 silly gunzTarPerm extractEntry 2023/IsConstructor.js
136584 silly gunzTarPerm modified mode [ '2023/IsConstructor.js', 420, 438 ]
136585 silly gentlyRm C:\Users\Dell\Documents\INV\inventory\node_modules\.staging\es5-ext-43cb5c7c\node_modules is being purged
136586 verbose gentlyRm don't care about contents; nuking C:\Users\Dell\Documents\INV\inventory\node_modules\.staging\es5-ext-43cb5c7c\node_modules
136587 silly gunzTarPerm extractEntry data/features/webgl.js
136588 silly gunzTarPerm modified mode [ 'data/features/webgl.js', 420, 438 ]
136589 silly gunzTarPerm extractEntry data/features/webgl2.js
136590 silly gunzTarPerm modified mode [ 'data/features/webgl2.js', 420, 438 ]
136591 silly gunzTarPerm extractEntry fp/sortedIndexBy.js
136592 silly gunzTarPerm modified mode [ 'fp/sortedIndexBy.js', 420, 438 ]
136593 silly gunzTarPerm extractEntry sortedIndexBy.js
136594 silly gunzTarPerm modified mode [ 'sortedIndexBy.js', 420, 438 ]
136595 silly gunzTarPerm extractEntry library/fn/regexp/flags.js
136596 silly gunzTarPerm extractEntry fn/array/flat-map.js
136597 silly gunzTarPerm extractEntry 2024/IsConstructor.js
136598 silly gunzTarPerm modified mode [ '2024/IsConstructor.js', 420, 438 ]
136599 silly gunzTarPerm extractEntry 2015/IsDataDescriptor.js
136600 silly gunzTarPerm modified mode [ '2015/IsDataDescriptor.js', 420, 438 ]
136601 silly gunzTarPerm extractEntry data/features/webgpu.js
136602 silly gunzTarPerm modified mode [ 'data/features/webgpu.js', 420, 438 ]
136603 silly gunzTarPerm extractEntry data/features/webhid.js
136604 silly gunzTarPerm modified mode [ 'data/features/webhid.js', 420, 438 ]
136605 silly gunzTarPerm extractEntry fp/sortedIndexOf.js
136606 silly gunzTarPerm modified mode [ 'fp/sortedIndexOf.js', 420, 438 ]
136607 silly gunzTarPerm extractEntry sortedIndexOf.js
136608 silly gunzTarPerm modified mode [ 'sortedIndexOf.js', 420, 438 ]
136609 silly gunzTarPerm extractEntry fn/array/virtual/flat-map.js
136610 silly gunzTarPerm extractEntry library/fn/array/flat-map.js
136611 silly gunzTarPerm extractEntry 2016/IsDataDescriptor.js
136612 silly gunzTarPerm modified mode [ '2016/IsDataDescriptor.js', 420, 438 ]
136613 silly gunzTarPerm extractEntry 2017/IsDataDescriptor.js
136614 silly gunzTarPerm modified mode [ '2017/IsDataDescriptor.js', 420, 438 ]
136615 silly gunzTarPerm extractEntry fp/sortedLastIndex.js
136616 silly gunzTarPerm modified mode [ 'fp/sortedLastIndex.js', 420, 438 ]
136617 silly gunzTarPerm extractEntry sortedLastIndex.js
136618 silly gunzTarPerm modified mode [ 'sortedLastIndex.js', 420, 438 ]
136619 silly gunzTarPerm extractEntry library/fn/array/virtual/flat-map.js
136620 silly gunzTarPerm extractEntry fn/array/flatten.js
136621 silly gunzTarPerm extractEntry data/features/webkit-user-drag.js
136622 silly gunzTarPerm modified mode [ 'data/features/webkit-user-drag.js', 420, 438 ]
136623 silly gunzTarPerm extractEntry data/features/webm.js
136624 silly gunzTarPerm modified mode [ 'data/features/webm.js', 420, 438 ]
136625 silly gunzTarPerm extractEntry 2018/IsDataDescriptor.js
136626 silly gunzTarPerm modified mode [ '2018/IsDataDescriptor.js', 420, 438 ]
136627 silly gunzTarPerm extractEntry 2019/IsDataDescriptor.js
136628 silly gunzTarPerm modified mode [ '2019/IsDataDescriptor.js', 420, 438 ]
136629 silly gunzTarPerm extractEntry fp/sortedLastIndexBy.js
136630 silly gunzTarPerm modified mode [ 'fp/sortedLastIndexBy.js', 420, 438 ]
136631 silly gunzTarPerm extractEntry sortedLastIndexBy.js
136632 silly gunzTarPerm modified mode [ 'sortedLastIndexBy.js', 420, 438 ]
136633 silly gunzTarPerm extractEntry fn/array/virtual/flatten.js
136634 silly gunzTarPerm extractEntry library/fn/array/flatten.js
136635 silly gunzTarPerm extractEntry data/features/webnfc.js
136636 silly gunzTarPerm modified mode [ 'data/features/webnfc.js', 420, 438 ]
136637 silly gunzTarPerm extractEntry data/features/webp.js
136638 silly gunzTarPerm modified mode [ 'data/features/webp.js', 420, 438 ]
136639 silly gunzTarPerm extractEntry 2020/IsDataDescriptor.js
136640 silly gunzTarPerm modified mode [ '2020/IsDataDescriptor.js', 420, 438 ]
136641 silly gunzTarPerm extractEntry 2021/IsDataDescriptor.js
136642 silly gunzTarPerm modified mode [ '2021/IsDataDescriptor.js', 420, 438 ]
136643 silly gunzTarPerm extractEntry fp/sortedLastIndexOf.js
136644 silly gunzTarPerm modified mode [ 'fp/sortedLastIndexOf.js', 420, 438 ]
136645 silly gunzTarPerm extractEntry sortedLastIndexOf.js
136646 silly gunzTarPerm modified mode [ 'sortedLastIndexOf.js', 420, 438 ]
136647 silly gunzTarPerm extractEntry data/features/websockets.js
136648 silly gunzTarPerm modified mode [ 'data/features/websockets.js', 420, 438 ]
136649 silly gunzTarPerm extractEntry data/features/webtransport.js
136650 silly gunzTarPerm modified mode [ 'data/features/webtransport.js', 420, 438 ]
136651 silly gunzTarPerm extractEntry library/fn/array/virtual/flatten.js
136652 silly gunzTarPerm extractEntry fn/typed/float32-array.js
136653 silly gunzTarPerm extractEntry 2022/IsDataDescriptor.js
136654 silly gunzTarPerm modified mode [ '2022/IsDataDescriptor.js', 420, 438 ]
136655 silly gunzTarPerm extractEntry 2023/IsDataDescriptor.js
136656 silly gunzTarPerm modified mode [ '2023/IsDataDescriptor.js', 420, 438 ]
136657 silly gunzTarPerm extractEntry fp/sortedUniq.js
136658 silly gunzTarPerm modified mode [ 'fp/sortedUniq.js', 420, 438 ]
136659 silly gunzTarPerm extractEntry sortedUniq.js
136660 silly gunzTarPerm modified mode [ 'sortedUniq.js', 420, 438 ]
136661 silly gunzTarPerm extractEntry 2024/IsDataDescriptor.js
136662 silly gunzTarPerm modified mode [ '2024/IsDataDescriptor.js', 420, 438 ]
136663 silly gunzTarPerm extractEntry 5/IsDataDescriptor.js
136664 silly gunzTarPerm modified mode [ '5/IsDataDescriptor.js', 420, 438 ]
136665 silly gunzTarPerm extractEntry library/fn/typed/float32-array.js
136666 silly gunzTarPerm extractEntry fn/typed/float64-array.js
136667 silly gunzTarPerm extractEntry data/features/webusb.js
136668 silly gunzTarPerm modified mode [ 'data/features/webusb.js', 420, 438 ]
136669 silly gunzTarPerm extractEntry data/features/webvr.js
136670 silly gunzTarPerm modified mode [ 'data/features/webvr.js', 420, 438 ]
136671 silly gunzTarPerm extractEntry fp/sortedUniqBy.js
136672 silly gunzTarPerm modified mode [ 'fp/sortedUniqBy.js', 420, 438 ]
136673 silly gunzTarPerm extractEntry sortedUniqBy.js
136674 silly gunzTarPerm modified mode [ 'sortedUniqBy.js', 420, 438 ]
136675 silly gunzTarPerm extractEntry 2015/IsDetachedBuffer.js
136676 silly gunzTarPerm modified mode [ '2015/IsDetachedBuffer.js', 420, 438 ]
136677 silly gunzTarPerm extractEntry 2016/IsDetachedBuffer.js
136678 silly gunzTarPerm modified mode [ '2016/IsDetachedBuffer.js', 420, 438 ]
136679 silly gunzTarPerm extractEntry library/fn/typed/float64-array.js
136680 silly gunzTarPerm extractEntry fn/string/fontcolor.js
136681 silly gunzTarPerm extractEntry data/features/webvtt.js
136682 silly gunzTarPerm modified mode [ 'data/features/webvtt.js', 420, 438 ]
136683 silly gunzTarPerm extractEntry data/features/webworkers.js
136684 silly gunzTarPerm modified mode [ 'data/features/webworkers.js', 420, 438 ]
136685 silly gunzTarPerm extractEntry fp/split.js
136686 silly gunzTarPerm modified mode [ 'fp/split.js', 420, 438 ]
136687 silly gunzTarPerm extractEntry split.js
136688 silly gunzTarPerm modified mode [ 'split.js', 420, 438 ]
136689 silly gunzTarPerm extractEntry 2017/IsDetachedBuffer.js
136690 silly gunzTarPerm modified mode [ '2017/IsDetachedBuffer.js', 420, 438 ]
136691 silly gunzTarPerm extractEntry 2018/IsDetachedBuffer.js
136692 silly gunzTarPerm modified mode [ '2018/IsDetachedBuffer.js', 420, 438 ]
136693 silly gunzTarPerm extractEntry fn/string/virtual/fontcolor.js
136694 silly gunzTarPerm extractEntry library/fn/string/fontcolor.js
136695 silly gunzTarPerm extractEntry data/features/webxr.js
136696 silly gunzTarPerm modified mode [ 'data/features/webxr.js', 420, 438 ]
136697 silly gunzTarPerm extractEntry data/regions/WF.js
136698 silly gunzTarPerm modified mode [ 'data/regions/WF.js', 420, 438 ]
136699 silly gunzTarPerm extractEntry 2019/IsDetachedBuffer.js
136700 silly gunzTarPerm modified mode [ '2019/IsDetachedBuffer.js', 420, 438 ]
136701 silly gunzTarPerm extractEntry 2020/IsDetachedBuffer.js
136702 silly gunzTarPerm modified mode [ '2020/IsDetachedBuffer.js', 420, 438 ]
136703 silly gunzTarPerm extractEntry fp/spread.js
136704 silly gunzTarPerm modified mode [ 'fp/spread.js', 420, 438 ]
136705 silly gunzTarPerm extractEntry spread.js
136706 silly gunzTarPerm modified mode [ 'spread.js', 420, 438 ]
136707 silly gunzTarPerm extractEntry library/fn/string/virtual/fontcolor.js
136708 silly gunzTarPerm extractEntry fn/string/fontsize.js
136709 silly gunzTarPerm extractEntry fp/spreadFrom.js
136710 silly gunzTarPerm modified mode [ 'fp/spreadFrom.js', 420, 438 ]
136711 silly gunzTarPerm extractEntry 2021/IsDetachedBuffer.js
136712 silly gunzTarPerm modified mode [ '2021/IsDetachedBuffer.js', 420, 438 ]
136713 silly gunzTarPerm extractEntry 2022/IsDetachedBuffer.js
136714 silly gunzTarPerm modified mode [ '2022/IsDetachedBuffer.js', 420, 438 ]
136715 silly gunzTarPerm extractEntry fn/string/virtual/fontsize.js
136716 silly gunzTarPerm extractEntry library/fn/string/fontsize.js
136717 silly gunzTarPerm extractEntry data/features/will-change.js
136718 silly gunzTarPerm modified mode [ 'data/features/will-change.js', 420, 438 ]
136719 silly gunzTarPerm extractEntry data/features/woff.js
136720 silly gunzTarPerm modified mode [ 'data/features/woff.js', 420, 438 ]
136721 silly gunzTarPerm extractEntry 2023/IsDetachedBuffer.js
136722 silly gunzTarPerm modified mode [ '2023/IsDetachedBuffer.js', 420, 438 ]
136723 silly gunzTarPerm extractEntry 2024/IsDetachedBuffer.js
136724 silly gunzTarPerm modified mode [ '2024/IsDetachedBuffer.js', 420, 438 ]
136725 silly gunzTarPerm extractEntry library/fn/string/virtual/fontsize.js
136726 silly gunzTarPerm extractEntry fn/array/for-each.js
136727 silly gunzTarPerm extractEntry fp/startCase.js
136728 silly gunzTarPerm modified mode [ 'fp/startCase.js', 420, 438 ]
136729 silly gunzTarPerm extractEntry startCase.js
136730 silly gunzTarPerm modified mode [ 'startCase.js', 420, 438 ]
136731 silly gunzTarPerm extractEntry data/features/woff2.js
136732 silly gunzTarPerm modified mode [ 'data/features/woff2.js', 420, 438 ]
136733 silly gunzTarPerm extractEntry data/features/word-break.js
136734 silly gunzTarPerm modified mode [ 'data/features/word-break.js', 420, 438 ]
136735 silly gunzTarPerm extractEntry 2015/IsExtensible.js
136736 silly gunzTarPerm modified mode [ '2015/IsExtensible.js', 420, 438 ]
136737 silly gunzTarPerm extractEntry 2016/IsExtensible.js
136738 silly gunzTarPerm modified mode [ '2016/IsExtensible.js', 420, 438 ]
136739 silly gunzTarPerm extractEntry fp/startsWith.js
136740 silly gunzTarPerm modified mode [ 'fp/startsWith.js', 420, 438 ]
136741 silly gunzTarPerm extractEntry startsWith.js
136742 silly gunzTarPerm modified mode [ 'startsWith.js', 420, 438 ]
136743 silly gunzTarPerm extractEntry fn/array/virtual/for-each.js
136744 silly gunzTarPerm extractEntry library/fn/array/for-each.js
136745 silly gunzTarPerm extractEntry data/features/wordwrap.js
136746 silly gunzTarPerm modified mode [ 'data/features/wordwrap.js', 420, 438 ]
136747 silly gunzTarPerm extractEntry data/regions/WS.js
136748 silly gunzTarPerm modified mode [ 'data/regions/WS.js', 420, 438 ]
136749 silly gunzTarPerm extractEntry 2017/IsExtensible.js
136750 silly gunzTarPerm modified mode [ '2017/IsExtensible.js', 420, 438 ]
136751 silly gunzTarPerm extractEntry 2018/IsExtensible.js
136752 silly gunzTarPerm modified mode [ '2018/IsExtensible.js', 420, 438 ]
136753 silly gunzTarPerm extractEntry library/fn/array/virtual/for-each.js
136754 silly gunzTarPerm extractEntry fn/symbol/for.js
136755 silly gunzTarPerm extractEntry fp/string.js
136756 silly gunzTarPerm modified mode [ 'fp/string.js', 420, 438 ]
136757 silly gunzTarPerm extractEntry string.js
136758 silly gunzTarPerm modified mode [ 'string.js', 420, 438 ]
136759 silly gunzTarPerm extractEntry data/features/x-doc-messaging.js
136760 silly gunzTarPerm modified mode [ 'data/features/x-doc-messaging.js', 420, 438 ]
136761 silly gunzTarPerm extractEntry data/features/x-frame-options.js
136762 silly gunzTarPerm modified mode [ 'data/features/x-frame-options.js', 420, 438 ]
136763 silly gunzTarPerm extractEntry library/fn/symbol/for.js
136764 silly gunzTarPerm extractEntry fn/object/freeze.js
136765 silly gunzTarPerm extractEntry 2019/IsExtensible.js
136766 silly gunzTarPerm modified mode [ '2019/IsExtensible.js', 420, 438 ]
136767 silly gunzTarPerm extractEntry 2020/IsExtensible.js
136768 silly gunzTarPerm modified mode [ '2020/IsExtensible.js', 420, 438 ]
136769 silly gunzTarPerm extractEntry fp/stubArray.js
136770 silly gunzTarPerm modified mode [ 'fp/stubArray.js', 420, 438 ]
136771 silly gunzTarPerm extractEntry stubArray.js
136772 silly gunzTarPerm modified mode [ 'stubArray.js', 420, 438 ]
136773 silly gunzTarPerm extractEntry data/features/xhr2.js
136774 silly gunzTarPerm modified mode [ 'data/features/xhr2.js', 420, 438 ]
136775 silly gunzTarPerm extractEntry data/features/xhtml.js
136776 silly gunzTarPerm modified mode [ 'data/features/xhtml.js', 420, 438 ]
136777 silly gunzTarPerm extractEntry library/fn/object/freeze.js
136778 silly gunzTarPerm extractEntry fn/string/from-code-point.js
136779 silly gunzTarPerm extractEntry 2021/IsExtensible.js
136780 silly gunzTarPerm modified mode [ '2021/IsExtensible.js', 420, 438 ]
136781 silly gunzTarPerm extractEntry 2022/IsExtensible.js
136782 silly gunzTarPerm modified mode [ '2022/IsExtensible.js', 420, 438 ]
136783 silly gunzTarPerm extractEntry fp/stubFalse.js
136784 silly gunzTarPerm modified mode [ 'fp/stubFalse.js', 420, 438 ]
136785 silly gunzTarPerm extractEntry stubFalse.js
136786 silly gunzTarPerm modified mode [ 'stubFalse.js', 420, 438 ]
136787 silly gunzTarPerm extractEntry library/fn/string/from-code-point.js
136788 silly gunzTarPerm extractEntry fn/array/from.js
136789 silly gunzTarPerm extractEntry 2023/IsExtensible.js
136790 silly gunzTarPerm modified mode [ '2023/IsExtensible.js', 420, 438 ]
136791 silly gunzTarPerm extractEntry 2024/IsExtensible.js
136792 silly gunzTarPerm modified mode [ '2024/IsExtensible.js', 420, 438 ]
136793 silly gunzTarPerm extractEntry data/features/xhtmlsmil.js
136794 silly gunzTarPerm modified mode [ 'data/features/xhtmlsmil.js', 420, 438 ]
136795 silly gunzTarPerm extractEntry fp/stubObject.js
136796 silly gunzTarPerm modified mode [ 'fp/stubObject.js', 420, 438 ]
136797 silly gunzTarPerm extractEntry stubObject.js
136798 silly gunzTarPerm modified mode [ 'stubObject.js', 420, 438 ]
136799 silly gunzTarPerm extractEntry fn/map/from.js
136800 silly gunzTarPerm extractEntry fn/set/from.js
136801 silly gunzTarPerm extractEntry helpers/isFinite.js
136802 silly gunzTarPerm modified mode [ 'helpers/isFinite.js', 420, 438 ]
136803 silly gunzTarPerm extractEntry 2024/IsFixedLengthArrayBuffer.js
136804 silly gunzTarPerm modified mode [ '2024/IsFixedLengthArrayBuffer.js', 420, 438 ]
136805 silly gunzTarPerm extractEntry fp/stubString.js
136806 silly gunzTarPerm modified mode [ 'fp/stubString.js', 420, 438 ]
136807 silly gunzTarPerm extractEntry stubString.js
136808 silly gunzTarPerm modified mode [ 'stubString.js', 420, 438 ]
136809 silly gunzTarPerm extractEntry data/features/xml-serializer.js
136810 silly gunzTarPerm modified mode [ 'data/features/xml-serializer.js', 420, 438 ]
136811 silly gunzTarPerm extractEntry data/regions/YE.js
136812 silly gunzTarPerm modified mode [ 'data/regions/YE.js', 420, 438 ]
136813 silly gunzTarPerm extractEntry fn/weak-map/from.js
136814 silly gunzTarPerm extractEntry fn/weak-set/from.js
136815 silly gunzTarPerm extractEntry helpers/isFullyPopulatedPropertyDescriptor.js
136816 silly gunzTarPerm modified mode [ 'helpers/isFullyPopulatedPropertyDescriptor.js', 420, 438 ]
136817 silly gunzTarPerm extractEntry 2015/IsGenericDescriptor.js
136818 silly gunzTarPerm modified mode [ '2015/IsGenericDescriptor.js', 420, 438 ]
136819 silly gunzTarPerm extractEntry fp/stubTrue.js
136820 silly gunzTarPerm modified mode [ 'fp/stubTrue.js', 420, 438 ]
136821 silly gunzTarPerm extractEntry stubTrue.js
136822 silly gunzTarPerm modified mode [ 'stubTrue.js', 420, 438 ]
136823 silly gunzTarPerm extractEntry data/regions/YT.js
136824 silly gunzTarPerm modified mode [ 'data/regions/YT.js', 420, 438 ]
136825 silly gunzTarPerm extractEntry data/regions/ZA.js
136826 silly gunzTarPerm modified mode [ 'data/regions/ZA.js', 420, 438 ]
136827 silly gunzTarPerm extractEntry library/fn/array/from.js
136828 silly gunzTarPerm extractEntry library/fn/map/from.js
136829 silly gunzTarPerm extractEntry 2016/IsGenericDescriptor.js
136830 silly gunzTarPerm modified mode [ '2016/IsGenericDescriptor.js', 420, 438 ]
136831 silly gunzTarPerm extractEntry 2017/IsGenericDescriptor.js
136832 silly gunzTarPerm modified mode [ '2017/IsGenericDescriptor.js', 420, 438 ]
136833 silly gunzTarPerm extractEntry fp/subtract.js
136834 silly gunzTarPerm modified mode [ 'fp/subtract.js', 420, 438 ]
136835 silly gunzTarPerm extractEntry subtract.js
136836 silly gunzTarPerm modified mode [ 'subtract.js', 420, 438 ]
136837 silly gunzTarPerm extractEntry data/regions/ZM.js
136838 silly gunzTarPerm modified mode [ 'data/regions/ZM.js', 420, 438 ]
136839 silly gunzTarPerm extractEntry data/features/zstd.js
136840 silly gunzTarPerm modified mode [ 'data/features/zstd.js', 420, 438 ]
136841 silly gunzTarPerm extractEntry 2018/IsGenericDescriptor.js
136842 silly gunzTarPerm modified mode [ '2018/IsGenericDescriptor.js', 420, 438 ]
136843 silly gunzTarPerm extractEntry 2019/IsGenericDescriptor.js
136844 silly gunzTarPerm modified mode [ '2019/IsGenericDescriptor.js', 420, 438 ]
136845 silly gunzTarPerm extractEntry library/fn/set/from.js
136846 silly gunzTarPerm extractEntry library/fn/weak-map/from.js
136847 silly gunzTarPerm extractEntry fp/sum.js
136848 silly gunzTarPerm modified mode [ 'fp/sum.js', 420, 438 ]
136849 silly gunzTarPerm extractEntry sum.js
136850 silly gunzTarPerm modified mode [ 'sum.js', 420, 438 ]
136851 silly gunzTarPerm extractEntry data/regions/ZW.js
136852 silly gunzTarPerm modified mode [ 'data/regions/ZW.js', 420, 438 ]
136853 silly gunzTarPerm extractEntry package.json
136854 silly gunzTarPerm modified mode [ 'package.json', 420, 438 ]
136855 silly gunzTarPerm extractEntry library/fn/weak-set/from.js
136856 silly gunzTarPerm extractEntry fn/math/fround.js
136857 silly gunzTarPerm extractEntry 2020/IsGenericDescriptor.js
136858 silly gunzTarPerm modified mode [ '2020/IsGenericDescriptor.js', 420, 438 ]
136859 silly gunzTarPerm extractEntry 2021/IsGenericDescriptor.js
136860 silly gunzTarPerm modified mode [ '2021/IsGenericDescriptor.js', 420, 438 ]
136861 silly gunzTarPerm extractEntry fp/sumBy.js
136862 silly gunzTarPerm modified mode [ 'fp/sumBy.js', 420, 438 ]
136863 silly gunzTarPerm extractEntry sumBy.js
136864 silly gunzTarPerm modified mode [ 'sumBy.js', 420, 438 ]
136865 silly gunzTarPerm extractEntry 2022/IsGenericDescriptor.js
136866 silly gunzTarPerm modified mode [ '2022/IsGenericDescriptor.js', 420, 438 ]
136867 silly gunzTarPerm extractEntry 2023/IsGenericDescriptor.js
136868 silly gunzTarPerm modified mode [ '2023/IsGenericDescriptor.js', 420, 438 ]
136869 silly gunzTarPerm extractEntry README.md
136870 silly gunzTarPerm modified mode [ 'README.md', 420, 438 ]
136871 silly gunzTarPerm extractEntry library/fn/math/fround.js
136872 silly gunzTarPerm extractEntry fn/math/fscale.js
136873 silly gunzTarPerm extractEntry fp/symmetricDifference.js
136874 silly gunzTarPerm modified mode [ 'fp/symmetricDifference.js', 420, 438 ]
136875 silly gunzTarPerm extractEntry fp/symmetricDifferenceBy.js
136876 silly gunzTarPerm modified mode [ 'fp/symmetricDifferenceBy.js', 420, 438 ]
136877 silly gunzTarPerm extractEntry 2024/IsGenericDescriptor.js
136878 silly gunzTarPerm modified mode [ '2024/IsGenericDescriptor.js', 420, 438 ]
136879 silly gunzTarPerm extractEntry 5/IsGenericDescriptor.js
136880 silly gunzTarPerm modified mode [ '5/IsGenericDescriptor.js', 420, 438 ]
136881 silly gunzTarPerm extractEntry library/fn/math/fscale.js
136882 silly gunzTarPerm extractEntry core/function.js
136883 silly gunzTarPerm extractEntry fp/symmetricDifferenceWith.js
136884 silly gunzTarPerm modified mode [ 'fp/symmetricDifferenceWith.js', 420, 438 ]
136885 silly gunzTarPerm extractEntry fp/T.js
136886 silly gunzTarPerm modified mode [ 'fp/T.js', 420, 438 ]
136887 silly gunzTarPerm extractEntry es6/function.js
136888 silly gunzTarPerm extractEntry library/core/function.js
136889 silly gunzTarPerm extractEntry 2015/IsInteger.js
136890 silly gunzTarPerm modified mode [ '2015/IsInteger.js', 420, 438 ]
136891 silly gunzTarPerm extractEntry 2016/IsInteger.js
136892 silly gunzTarPerm modified mode [ '2016/IsInteger.js', 420, 438 ]
136893 silly gunzTarPerm extractEntry fp/tail.js
136894 silly gunzTarPerm modified mode [ 'fp/tail.js', 420, 438 ]
136895 silly gunzTarPerm extractEntry tail.js
136896 silly gunzTarPerm modified mode [ 'tail.js', 420, 438 ]
136897 silly gunzTarPerm extractEntry library/es6/function.js
136898 silly gunzTarPerm extractEntry fn/get-iterator-method.js
136899 silly gunzTarPerm extractEntry fp/take.js
136900 silly gunzTarPerm modified mode [ 'fp/take.js', 420, 438 ]
136901 silly gunzTarPerm extractEntry take.js
136902 silly gunzTarPerm modified mode [ 'take.js', 420, 438 ]
136903 silly gunzTarPerm extractEntry 2017/IsInteger.js
136904 silly gunzTarPerm modified mode [ '2017/IsInteger.js', 420, 438 ]
136905 silly gunzTarPerm extractEntry 2018/IsInteger.js
136906 silly gunzTarPerm modified mode [ '2018/IsInteger.js', 420, 438 ]
136907 silly gunzTarPerm extractEntry library/fn/get-iterator-method.js
136908 silly gunzTarPerm extractEntry fn/get-iterator.js
136909 silly gunzTarPerm extractEntry fp/takeLast.js
136910 silly gunzTarPerm modified mode [ 'fp/takeLast.js', 420, 438 ]
136911 silly gunzTarPerm extractEntry fp/takeLastWhile.js
136912 silly gunzTarPerm modified mode [ 'fp/takeLastWhile.js', 420, 438 ]
136913 silly gunzTarPerm extractEntry 2019/IsInteger.js
136914 silly gunzTarPerm modified mode [ '2019/IsInteger.js', 420, 438 ]
136915 silly gunzTarPerm extractEntry 2020/IsInteger.js
136916 silly gunzTarPerm modified mode [ '2020/IsInteger.js', 420, 438 ]
136917 silly gunzTarPerm extractEntry library/fn/get-iterator.js
136918 silly gunzTarPerm extractEntry fn/reflect/get-metadata-keys.js
136919 silly gunzTarPerm extractEntry fp/takeRight.js
136920 silly gunzTarPerm modified mode [ 'fp/takeRight.js', 420, 438 ]
136921 silly gunzTarPerm extractEntry takeRight.js
136922 silly gunzTarPerm modified mode [ 'takeRight.js', 420, 438 ]
136923 silly gunzTarPerm extractEntry helpers/isInteger.js
136924 silly gunzTarPerm modified mode [ 'helpers/isInteger.js', 420, 438 ]
136925 silly gunzTarPerm extractEntry 2021/IsIntegralNumber.js
136926 silly gunzTarPerm modified mode [ '2021/IsIntegralNumber.js', 420, 438 ]
136927 silly gunzTarPerm extractEntry library/fn/reflect/get-metadata-keys.js
136928 silly gunzTarPerm extractEntry fn/reflect/get-metadata.js
136929 silly gunzTarPerm extractEntry fp/takeRightWhile.js
136930 silly gunzTarPerm modified mode [ 'fp/takeRightWhile.js', 420, 438 ]
136931 silly gunzTarPerm extractEntry takeRightWhile.js
136932 silly gunzTarPerm modified mode [ 'takeRightWhile.js', 420, 438 ]
136933 silly gunzTarPerm extractEntry 2022/IsIntegralNumber.js
136934 silly gunzTarPerm modified mode [ '2022/IsIntegralNumber.js', 420, 438 ]
136935 silly gunzTarPerm extractEntry 2023/IsIntegralNumber.js
136936 silly gunzTarPerm modified mode [ '2023/IsIntegralNumber.js', 420, 438 ]
136937 silly gunzTarPerm extractEntry library/fn/reflect/get-metadata.js
136938 silly gunzTarPerm extractEntry fn/reflect/get-own-metadata-keys.js
136939 silly gunzTarPerm extractEntry fp/takeWhile.js
136940 silly gunzTarPerm modified mode [ 'fp/takeWhile.js', 420, 438 ]
136941 silly gunzTarPerm extractEntry takeWhile.js
136942 silly gunzTarPerm modified mode [ 'takeWhile.js', 420, 438 ]
136943 silly gunzTarPerm extractEntry 2024/IsIntegralNumber.js
136944 silly gunzTarPerm modified mode [ '2024/IsIntegralNumber.js', 420, 438 ]
136945 silly gunzTarPerm extractEntry helpers/isLeadingSurrogate.js
136946 silly gunzTarPerm modified mode [ 'helpers/isLeadingSurrogate.js', 420, 438 ]
136947 silly gunzTarPerm extractEntry library/fn/reflect/get-own-metadata-keys.js
136948 silly gunzTarPerm extractEntry fn/reflect/get-own-metadata.js
136949 silly gunzTarPerm extractEntry fp/tap.js
136950 silly gunzTarPerm modified mode [ 'fp/tap.js', 420, 438 ]
136951 silly gunzTarPerm extractEntry tap.js
136952 silly gunzTarPerm modified mode [ 'tap.js', 420, 438 ]
136953 silly gunzTarPerm extractEntry 2022/IsLessThan.js
136954 silly gunzTarPerm modified mode [ '2022/IsLessThan.js', 420, 438 ]
136955 silly gunzTarPerm extractEntry 2023/IsLessThan.js
136956 silly gunzTarPerm modified mode [ '2023/IsLessThan.js', 420, 438 ]
136957 silly gunzTarPerm extractEntry library/fn/reflect/get-own-metadata.js
136958 silly gunzTarPerm extractEntry fn/object/get-own-property-descriptor.js
136959 silly gunzTarPerm extractEntry fp/template.js
136960 silly gunzTarPerm modified mode [ 'fp/template.js', 420, 438 ]
136961 silly gunzTarPerm extractEntry template.js
136962 silly gunzTarPerm modified mode [ 'template.js', 420, 438 ]
136963 silly gunzTarPerm extractEntry fn/reflect/get-own-property-descriptor.js
136964 silly gunzTarPerm extractEntry library/fn/object/get-own-property-descriptor.js
136965 silly gunzTarPerm extractEntry 2024/IsLessThan.js
136966 silly gunzTarPerm modified mode [ '2024/IsLessThan.js', 420, 438 ]
136967 silly gunzTarPerm extractEntry helpers/isLineTerminator.js
136968 silly gunzTarPerm modified mode [ 'helpers/isLineTerminator.js', 420, 438 ]
136969 silly gunzTarPerm extractEntry fp/templateSettings.js
136970 silly gunzTarPerm modified mode [ 'fp/templateSettings.js', 420, 438 ]
136971 silly gunzTarPerm extractEntry templateSettings.js
136972 silly gunzTarPerm modified mode [ 'templateSettings.js', 420, 438 ]
136973 silly gunzTarPerm extractEntry fp/throttle.js
136974 silly gunzTarPerm modified mode [ 'fp/throttle.js', 420, 438 ]
136975 silly gunzTarPerm extractEntry throttle.js
136976 silly gunzTarPerm modified mode [ 'throttle.js', 420, 438 ]
136977 silly gunzTarPerm extractEntry library/fn/reflect/get-own-property-descriptor.js
136978 silly gunzTarPerm extractEntry fn/object/get-own-property-descriptors.js
136979 silly gunzTarPerm extractEntry 2022/IsLooselyEqual.js
136980 silly gunzTarPerm modified mode [ '2022/IsLooselyEqual.js', 420, 438 ]
136981 silly gunzTarPerm extractEntry 2023/IsLooselyEqual.js
136982 silly gunzTarPerm modified mode [ '2023/IsLooselyEqual.js', 420, 438 ]
136983 silly gunzTarPerm extractEntry fp/thru.js
136984 silly gunzTarPerm modified mode [ 'fp/thru.js', 420, 438 ]
136985 silly gunzTarPerm extractEntry thru.js
136986 silly gunzTarPerm modified mode [ 'thru.js', 420, 438 ]
136987 silly gunzTarPerm extractEntry library/fn/object/get-own-property-descriptors.js
136988 silly gunzTarPerm extractEntry fn/object/get-own-property-names.js
136989 silly gunzTarPerm extractEntry 2024/IsLooselyEqual.js
136990 silly gunzTarPerm modified mode [ '2024/IsLooselyEqual.js', 420, 438 ]
136991 silly gunzTarPerm extractEntry helpers/isNaN.js
136992 silly gunzTarPerm modified mode [ 'helpers/isNaN.js', 420, 438 ]
136993 silly gunzTarPerm extractEntry fp/times.js
136994 silly gunzTarPerm modified mode [ 'fp/times.js', 420, 438 ]
136995 silly gunzTarPerm extractEntry times.js
136996 silly gunzTarPerm modified mode [ 'times.js', 420, 438 ]
136997 silly gunzTarPerm extractEntry library/fn/object/get-own-property-names.js
136998 silly gunzTarPerm extractEntry fn/object/get-own-property-symbols.js
136999 silly gunzTarPerm extractEntry helpers/isNegativeZero.js
137000 silly gunzTarPerm modified mode [ 'helpers/isNegativeZero.js', 420, 438 ]
137001 silly gunzTarPerm extractEntry 2020/IsNonNegativeInteger.js
137002 silly gunzTarPerm modified mode [ '2020/IsNonNegativeInteger.js', 420, 438 ]
137003 silly gunzTarPerm extractEntry fp/toArray.js
137004 silly gunzTarPerm modified mode [ 'fp/toArray.js', 420, 438 ]
137005 silly gunzTarPerm extractEntry toArray.js
137006 silly gunzTarPerm modified mode [ 'toArray.js', 420, 438 ]
137007 silly gunzTarPerm extractEntry library/fn/object/get-own-property-symbols.js
137008 silly gunzTarPerm extractEntry fn/object/get-prototype-of.js
137009 silly gunzTarPerm extractEntry 2020/IsNoTearConfiguration.js
137010 silly gunzTarPerm modified mode [ '2020/IsNoTearConfiguration.js', 420, 438 ]
137011 silly gunzTarPerm extractEntry 2021/IsNoTearConfiguration.js
137012 silly gunzTarPerm modified mode [ '2021/IsNoTearConfiguration.js', 420, 438 ]
137013 silly gunzTarPerm extractEntry fp/toFinite.js
137014 silly gunzTarPerm modified mode [ 'fp/toFinite.js', 420, 438 ]
137015 silly gunzTarPerm extractEntry toFinite.js
137016 silly gunzTarPerm modified mode [ 'toFinite.js', 420, 438 ]
137017 silly gunzTarPerm extractEntry fn/reflect/get-prototype-of.js
137018 silly gunzTarPerm extractEntry library/fn/object/get-prototype-of.js
137019 silly gunzTarPerm extractEntry 2022/IsNoTearConfiguration.js
137020 silly gunzTarPerm modified mode [ '2022/IsNoTearConfiguration.js', 420, 438 ]
137021 silly gunzTarPerm extractEntry 2023/IsNoTearConfiguration.js
137022 silly gunzTarPerm modified mode [ '2023/IsNoTearConfiguration.js', 420, 438 ]
137023 silly gunzTarPerm extractEntry fp/toInteger.js
137024 silly gunzTarPerm modified mode [ 'fp/toInteger.js', 420, 438 ]
137025 silly gunzTarPerm extractEntry toInteger.js
137026 silly gunzTarPerm modified mode [ 'toInteger.js', 420, 438 ]
137027 silly gunzTarPerm extractEntry library/fn/reflect/get-prototype-of.js
137028 silly gunzTarPerm extractEntry fn/reflect/get.js
137029 silly gunzTarPerm extractEntry 2024/IsNoTearConfiguration.js
137030 silly gunzTarPerm modified mode [ '2024/IsNoTearConfiguration.js', 420, 438 ]
137031 silly gunzTarPerm extractEntry helpers/isObject.js
137032 silly gunzTarPerm modified mode [ 'helpers/isObject.js', 420, 438 ]
137033 silly gunzTarPerm extractEntry fp/toIterator.js
137034 silly gunzTarPerm modified mode [ 'fp/toIterator.js', 420, 438 ]
137035 silly gunzTarPerm extractEntry toIterator.js
137036 silly gunzTarPerm modified mode [ 'toIterator.js', 420, 438 ]
137037 silly gunzTarPerm extractEntry library/fn/reflect/get.js
137038 silly gunzTarPerm extractEntry es7/global.js
137039 silly gunzTarPerm extractEntry helpers/isPrefixOf.js
137040 silly gunzTarPerm modified mode [ 'helpers/isPrefixOf.js', 420, 438 ]
137041 silly gunzTarPerm extractEntry helpers/isPrimitive.js
137042 silly gunzTarPerm modified mode [ 'helpers/isPrimitive.js', 420, 438 ]
137043 silly gunzTarPerm extractEntry fp/toJSON.js
137044 silly gunzTarPerm modified mode [ 'fp/toJSON.js', 420, 438 ]
137045 silly gunzTarPerm extractEntry toJSON.js
137046 silly gunzTarPerm modified mode [ 'toJSON.js', 420, 438 ]
137047 silly gunzTarPerm extractEntry fn/global.js
137048 silly gunzTarPerm extractEntry fn/system/global.js
137049 silly gunzTarPerm extractEntry 2015/IsPromise.js
137050 silly gunzTarPerm modified mode [ '2015/IsPromise.js', 420, 438 ]
137051 silly gunzTarPerm extractEntry 2016/IsPromise.js
137052 silly gunzTarPerm modified mode [ '2016/IsPromise.js', 420, 438 ]
137053 silly gunzTarPerm extractEntry fp/toLength.js
137054 silly gunzTarPerm modified mode [ 'fp/toLength.js', 420, 438 ]
137055 silly gunzTarPerm extractEntry toLength.js
137056 silly gunzTarPerm modified mode [ 'toLength.js', 420, 438 ]
137057 silly gunzTarPerm extractEntry library/es7/global.js
137058 silly gunzTarPerm extractEntry library/fn/global.js
137059 silly gunzTarPerm extractEntry 2017/IsPromise.js
137060 silly gunzTarPerm modified mode [ '2017/IsPromise.js', 420, 438 ]
137061 silly gunzTarPerm extractEntry 2018/IsPromise.js
137062 silly gunzTarPerm modified mode [ '2018/IsPromise.js', 420, 438 ]
137063 silly gunzTarPerm extractEntry library/fn/system/global.js
137064 silly gunzTarPerm extractEntry Gruntfile.js
137065 silly gunzTarPerm extractEntry fp/toLower.js
137066 silly gunzTarPerm modified mode [ 'fp/toLower.js', 420, 438 ]
137067 silly gunzTarPerm extractEntry toLower.js
137068 silly gunzTarPerm modified mode [ 'toLower.js', 420, 438 ]
137069 silly gunzTarPerm extractEntry fn/function/has-instance.js
137070 silly gunzTarPerm extractEntry fn/symbol/has-instance.js
137071 silly gunzTarPerm extractEntry 2019/IsPromise.js
137072 silly gunzTarPerm modified mode [ '2019/IsPromise.js', 420, 438 ]
137073 silly gunzTarPerm extractEntry 2020/IsPromise.js
137074 silly gunzTarPerm modified mode [ '2020/IsPromise.js', 420, 438 ]
137075 silly gunzTarPerm extractEntry fp/toNumber.js
137076 silly gunzTarPerm modified mode [ 'fp/toNumber.js', 420, 438 ]
137077 silly gunzTarPerm extractEntry toNumber.js
137078 silly gunzTarPerm modified mode [ 'toNumber.js', 420, 438 ]
137079 silly gunzTarPerm extractEntry 2021/IsPromise.js
137080 silly gunzTarPerm modified mode [ '2021/IsPromise.js', 420, 438 ]
137081 silly gunzTarPerm extractEntry 2022/IsPromise.js
137082 silly gunzTarPerm modified mode [ '2022/IsPromise.js', 420, 438 ]
137083 silly gunzTarPerm extractEntry library/fn/function/has-instance.js
137084 silly gunzTarPerm extractEntry library/fn/symbol/has-instance.js
137085 silly gunzTarPerm extractEntry fp/toPairs.js
137086 silly gunzTarPerm modified mode [ 'fp/toPairs.js', 420, 438 ]
137087 silly gunzTarPerm extractEntry toPairs.js
137088 silly gunzTarPerm modified mode [ 'toPairs.js', 420, 438 ]
137089 silly gunzTarPerm extractEntry 2023/IsPromise.js
137090 silly gunzTarPerm modified mode [ '2023/IsPromise.js', 420, 438 ]
137091 silly gunzTarPerm extractEntry 2024/IsPromise.js
137092 silly gunzTarPerm modified mode [ '2024/IsPromise.js', 420, 438 ]
137093 silly gunzTarPerm extractEntry fn/reflect/has-metadata.js
137094 silly gunzTarPerm extractEntry library/fn/reflect/has-metadata.js
137095 silly gunzTarPerm extractEntry fp/toPairsIn.js
137096 silly gunzTarPerm modified mode [ 'fp/toPairsIn.js', 420, 438 ]
137097 silly gunzTarPerm extractEntry toPairsIn.js
137098 silly gunzTarPerm modified mode [ 'toPairsIn.js', 420, 438 ]
137099 silly gunzTarPerm extractEntry fn/reflect/has-own-metadata.js
137100 silly gunzTarPerm extractEntry library/fn/reflect/has-own-metadata.js
137101 silly gunzTarPerm extractEntry fp/toPath.js
137102 silly gunzTarPerm modified mode [ 'fp/toPath.js', 420, 438 ]
137103 silly gunzTarPerm extractEntry toPath.js
137104 silly gunzTarPerm modified mode [ 'toPath.js', 420, 438 ]
137105 silly gunzTarPerm extractEntry 2015/IsPropertyDescriptor.js
137106 silly gunzTarPerm modified mode [ '2015/IsPropertyDescriptor.js', 420, 438 ]
137107 silly gunzTarPerm extractEntry 2016/IsPropertyDescriptor.js
137108 silly gunzTarPerm modified mode [ '2016/IsPropertyDescriptor.js', 420, 438 ]
137109 silly gunzTarPerm extractEntry fn/reflect/has.js
137110 silly gunzTarPerm extractEntry library/fn/reflect/has.js
137111 silly gunzTarPerm extractEntry fp/toPlainObject.js
137112 silly gunzTarPerm modified mode [ 'fp/toPlainObject.js', 420, 438 ]
137113 silly gunzTarPerm extractEntry toPlainObject.js
137114 silly gunzTarPerm modified mode [ 'toPlainObject.js', 420, 438 ]
137115 silly gunzTarPerm extractEntry 2017/IsPropertyDescriptor.js
137116 silly gunzTarPerm modified mode [ '2017/IsPropertyDescriptor.js', 420, 438 ]
137117 silly gunzTarPerm extractEntry 5/IsPropertyDescriptor.js
137118 silly gunzTarPerm modified mode [ '5/IsPropertyDescriptor.js', 420, 438 ]
137119 silly gunzTarPerm extractEntry fn/math/hypot.js
137120 silly gunzTarPerm extractEntry library/fn/math/hypot.js
137121 silly gunzTarPerm extractEntry fp/toSafeInteger.js
137122 silly gunzTarPerm modified mode [ 'fp/toSafeInteger.js', 420, 438 ]
137123 silly gunzTarPerm extractEntry toSafeInteger.js
137124 silly gunzTarPerm modified mode [ 'toSafeInteger.js', 420, 438 ]
137125 silly gunzTarPerm extractEntry 2015/IsPropertyKey.js
137126 silly gunzTarPerm modified mode [ '2015/IsPropertyKey.js', 420, 438 ]
137127 silly gunzTarPerm extractEntry 2016/IsPropertyKey.js
137128 silly gunzTarPerm modified mode [ '2016/IsPropertyKey.js', 420, 438 ]
137129 silly gunzTarPerm extractEntry fn/math/iaddh.js
137130 silly gunzTarPerm extractEntry library/fn/math/iaddh.js
137131 silly gunzTarPerm extractEntry fp/toString.js
137132 silly gunzTarPerm modified mode [ 'fp/toString.js', 420, 438 ]
137133 silly gunzTarPerm extractEntry toString.js
137134 silly gunzTarPerm modified mode [ 'toString.js', 420, 438 ]
137135 silly gunzTarPerm extractEntry 2017/IsPropertyKey.js
137136 silly gunzTarPerm modified mode [ '2017/IsPropertyKey.js', 420, 438 ]
137137 silly gunzTarPerm extractEntry 2018/IsPropertyKey.js
137138 silly gunzTarPerm modified mode [ '2018/IsPropertyKey.js', 420, 438 ]
137139 silly gunzTarPerm extractEntry library/web/immediate.js
137140 silly gunzTarPerm extractEntry web/immediate.js
137141 silly gunzTarPerm extractEntry fp/toUpper.js
137142 silly gunzTarPerm modified mode [ 'fp/toUpper.js', 420, 438 ]
137143 silly gunzTarPerm extractEntry toUpper.js
137144 silly gunzTarPerm modified mode [ 'toUpper.js', 420, 438 ]
137145 silly gunzTarPerm extractEntry 2019/IsPropertyKey.js
137146 silly gunzTarPerm modified mode [ '2019/IsPropertyKey.js', 420, 438 ]
137147 silly gunzTarPerm extractEntry 2020/IsPropertyKey.js
137148 silly gunzTarPerm modified mode [ '2020/IsPropertyKey.js', 420, 438 ]
137149 silly gunzTarPerm extractEntry fn/math/imul.js
137150 silly gunzTarPerm extractEntry library/fn/math/imul.js
137151 silly gunzTarPerm extractEntry fp/transform.js
137152 silly gunzTarPerm modified mode [ 'fp/transform.js', 420, 438 ]
137153 silly gunzTarPerm extractEntry transform.js
137154 silly gunzTarPerm modified mode [ 'transform.js', 420, 438 ]
137155 silly gunzTarPerm extractEntry 2021/IsPropertyKey.js
137156 silly gunzTarPerm modified mode [ '2021/IsPropertyKey.js', 420, 438 ]
137157 silly gunzTarPerm extractEntry 2022/IsPropertyKey.js
137158 silly gunzTarPerm modified mode [ '2022/IsPropertyKey.js', 420, 438 ]
137159 silly gunzTarPerm extractEntry fn/math/imulh.js
137160 silly gunzTarPerm extractEntry library/fn/math/imulh.js
137161 silly gunzTarPerm extractEntry fp/trim.js
137162 silly gunzTarPerm modified mode [ 'fp/trim.js', 420, 438 ]
137163 silly gunzTarPerm extractEntry trim.js
137164 silly gunzTarPerm modified mode [ 'trim.js', 420, 438 ]
137165 silly gunzTarPerm extractEntry 2023/IsPropertyKey.js
137166 silly gunzTarPerm modified mode [ '2023/IsPropertyKey.js', 420, 438 ]
137167 silly gunzTarPerm extractEntry 2024/IsPropertyKey.js
137168 silly gunzTarPerm modified mode [ '2024/IsPropertyKey.js', 420, 438 ]
137169 silly gunzTarPerm extractEntry fn/array/includes.js
137170 silly gunzTarPerm extractEntry fn/array/virtual/includes.js
137171 silly gunzTarPerm extractEntry fp/trimChars.js
137172 silly gunzTarPerm modified mode [ 'fp/trimChars.js', 420, 438 ]
137173 silly gunzTarPerm extractEntry fp/trimCharsEnd.js
137174 silly gunzTarPerm modified mode [ 'fp/trimCharsEnd.js', 420, 438 ]
137175 silly gunzTarPerm extractEntry fn/string/includes.js
137176 silly gunzTarPerm extractEntry fn/string/virtual/includes.js
137177 silly gunzTarPerm extractEntry helpers/isPropertyKey.js
137178 silly gunzTarPerm modified mode [ 'helpers/isPropertyKey.js', 420, 438 ]
137179 silly gunzTarPerm extractEntry 2015/IsRegExp.js
137180 silly gunzTarPerm modified mode [ '2015/IsRegExp.js', 420, 438 ]
137181 silly gunzTarPerm extractEntry fp/trimCharsStart.js
137182 silly gunzTarPerm modified mode [ 'fp/trimCharsStart.js', 420, 438 ]
137183 silly gunzTarPerm extractEntry fp/trimEnd.js
137184 silly gunzTarPerm modified mode [ 'fp/trimEnd.js', 420, 438 ]
137185 silly gunzTarPerm extractEntry library/fn/array/includes.js
137186 silly gunzTarPerm extractEntry library/fn/array/virtual/includes.js
137187 silly gunzTarPerm extractEntry trimEnd.js
137188 silly gunzTarPerm modified mode [ 'trimEnd.js', 420, 438 ]
137189 silly gunzTarPerm extractEntry fp/trimStart.js
137190 silly gunzTarPerm modified mode [ 'fp/trimStart.js', 420, 438 ]
137191 silly gunzTarPerm extractEntry 2016/IsRegExp.js
137192 silly gunzTarPerm modified mode [ '2016/IsRegExp.js', 420, 438 ]
137193 silly gunzTarPerm extractEntry 2017/IsRegExp.js
137194 silly gunzTarPerm modified mode [ '2017/IsRegExp.js', 420, 438 ]
137195 silly gunzTarPerm extractEntry library/fn/string/includes.js
137196 silly gunzTarPerm extractEntry library/fn/string/virtual/includes.js
137197 silly gunzTarPerm extractEntry trimStart.js
137198 silly gunzTarPerm modified mode [ 'trimStart.js', 420, 438 ]
137199 silly gunzTarPerm extractEntry fp/truncate.js
137200 silly gunzTarPerm modified mode [ 'fp/truncate.js', 420, 438 ]
137201 silly gunzTarPerm extractEntry 2018/IsRegExp.js
137202 silly gunzTarPerm modified mode [ '2018/IsRegExp.js', 420, 438 ]
137203 silly gunzTarPerm extractEntry 2019/IsRegExp.js
137204 silly gunzTarPerm modified mode [ '2019/IsRegExp.js', 420, 438 ]
137205 silly gunzTarPerm extractEntry fn/array/index-of.js
137206 silly gunzTarPerm extractEntry fn/array/virtual/index-of.js
137207 silly gunzTarPerm extractEntry truncate.js
137208 silly gunzTarPerm modified mode [ 'truncate.js', 420, 438 ]
137209 silly gunzTarPerm extractEntry fp/unapply.js
137210 silly gunzTarPerm modified mode [ 'fp/unapply.js', 420, 438 ]
137211 silly gunzTarPerm extractEntry 2020/IsRegExp.js
137212 silly gunzTarPerm modified mode [ '2020/IsRegExp.js', 420, 438 ]
137213 silly gunzTarPerm extractEntry 2021/IsRegExp.js
137214 silly gunzTarPerm modified mode [ '2021/IsRegExp.js', 420, 438 ]
137215 silly gunzTarPerm extractEntry library/fn/array/index-of.js
137216 silly gunzTarPerm extractEntry library/fn/array/virtual/index-of.js
137217 silly gunzTarPerm extractEntry fp/unary.js
137218 silly gunzTarPerm modified mode [ 'fp/unary.js', 420, 438 ]
137219 silly gunzTarPerm extractEntry unary.js
137220 silly gunzTarPerm modified mode [ 'unary.js', 420, 438 ]
137221 silly gunzTarPerm extractEntry 2022/IsRegExp.js
137222 silly gunzTarPerm modified mode [ '2022/IsRegExp.js', 420, 438 ]
137223 silly gunzTarPerm extractEntry 2023/IsRegExp.js
137224 silly gunzTarPerm modified mode [ '2023/IsRegExp.js', 420, 438 ]
137225 silly gunzTarPerm extractEntry build/index.js
137226 silly gunzTarPerm extractEntry core/index.js
137227 silly gunzTarPerm extractEntry fp/unescape.js
137228 silly gunzTarPerm modified mode [ 'fp/unescape.js', 420, 438 ]
137229 silly gunzTarPerm extractEntry unescape.js
137230 silly gunzTarPerm modified mode [ 'unescape.js', 420, 438 ]
137231 silly gunzTarPerm extractEntry 2024/IsRegExp.js
137232 silly gunzTarPerm modified mode [ '2024/IsRegExp.js', 420, 438 ]
137233 silly gunzTarPerm extractEntry helpers/isSamePropertyDescriptor.js
137234 silly gunzTarPerm modified mode [ 'helpers/isSamePropertyDescriptor.js', 420, 438 ]
137235 silly gunzTarPerm extractEntry es5/index.js
137236 silly gunzTarPerm extractEntry es6/index.js
137237 silly gunzTarPerm extractEntry fp/union.js
137238 silly gunzTarPerm modified mode [ 'fp/union.js', 420, 438 ]
137239 silly gunzTarPerm extractEntry union.js
137240 silly gunzTarPerm modified mode [ 'union.js', 420, 438 ]
137241 silly gunzTarPerm extractEntry 2017/IsSharedArrayBuffer.js
137242 silly gunzTarPerm modified mode [ '2017/IsSharedArrayBuffer.js', 420, 438 ]
137243 silly gunzTarPerm extractEntry 2018/IsSharedArrayBuffer.js
137244 silly gunzTarPerm modified mode [ '2018/IsSharedArrayBuffer.js', 420, 438 ]
137245 silly gunzTarPerm extractEntry es7/index.js
137246 silly gunzTarPerm extractEntry fn/array/index.js
137247 silly gunzTarPerm extractEntry fp/unionBy.js
137248 silly gunzTarPerm modified mode [ 'fp/unionBy.js', 420, 438 ]
137249 silly gunzTarPerm extractEntry unionBy.js
137250 silly gunzTarPerm modified mode [ 'unionBy.js', 420, 438 ]
137251 silly gunzTarPerm extractEntry 2019/IsSharedArrayBuffer.js
137252 silly gunzTarPerm modified mode [ '2019/IsSharedArrayBuffer.js', 420, 438 ]
137253 silly gunzTarPerm extractEntry 2020/IsSharedArrayBuffer.js
137254 silly gunzTarPerm modified mode [ '2020/IsSharedArrayBuffer.js', 420, 438 ]
137255 silly gunzTarPerm extractEntry fn/array/virtual/index.js
137256 silly gunzTarPerm extractEntry fn/date/index.js
137257 silly gunzTarPerm extractEntry fp/unionWith.js
137258 silly gunzTarPerm modified mode [ 'fp/unionWith.js', 420, 438 ]
137259 silly gunzTarPerm extractEntry unionWith.js
137260 silly gunzTarPerm modified mode [ 'unionWith.js', 420, 438 ]
137261 silly gunzTarPerm extractEntry 2021/IsSharedArrayBuffer.js
137262 silly gunzTarPerm modified mode [ '2021/IsSharedArrayBuffer.js', 420, 438 ]
137263 silly gunzTarPerm extractEntry 2022/IsSharedArrayBuffer.js
137264 silly gunzTarPerm modified mode [ '2022/IsSharedArrayBuffer.js', 420, 438 ]
137265 silly gunzTarPerm extractEntry fn/dom-collections/index.js
137266 silly gunzTarPerm extractEntry fn/error/index.js
137267 silly gunzTarPerm extractEntry fp/uniq.js
137268 silly gunzTarPerm modified mode [ 'fp/uniq.js', 420, 438 ]
137269 silly gunzTarPerm extractEntry uniq.js
137270 silly gunzTarPerm modified mode [ 'uniq.js', 420, 438 ]
137271 silly gunzTarPerm extractEntry fn/function/index.js
137272 silly gunzTarPerm extractEntry fn/function/virtual/index.js
137273 silly gunzTarPerm extractEntry 2023/IsSharedArrayBuffer.js
137274 silly gunzTarPerm modified mode [ '2023/IsSharedArrayBuffer.js', 420, 438 ]
137275 silly gunzTarPerm extractEntry 2024/IsSharedArrayBuffer.js
137276 silly gunzTarPerm modified mode [ '2024/IsSharedArrayBuffer.js', 420, 438 ]
137277 silly gunzTarPerm extractEntry fp/uniqBy.js
137278 silly gunzTarPerm modified mode [ 'fp/uniqBy.js', 420, 438 ]
137279 silly gunzTarPerm extractEntry uniqBy.js
137280 silly gunzTarPerm modified mode [ 'uniqBy.js', 420, 438 ]
137281 silly gunzTarPerm extractEntry fn/json/index.js
137282 silly gunzTarPerm extractEntry fn/map/index.js
137283 silly gunzTarPerm extractEntry 2022/IsStrictlyEqual.js
137284 silly gunzTarPerm modified mode [ '2022/IsStrictlyEqual.js', 420, 438 ]
137285 silly gunzTarPerm extractEntry 2023/IsStrictlyEqual.js
137286 silly gunzTarPerm modified mode [ '2023/IsStrictlyEqual.js', 420, 438 ]
137287 silly gunzTarPerm extractEntry fp/uniqueId.js
137288 silly gunzTarPerm modified mode [ 'fp/uniqueId.js', 420, 438 ]
137289 silly gunzTarPerm extractEntry uniqueId.js
137290 silly gunzTarPerm modified mode [ 'uniqueId.js', 420, 438 ]
137291 silly gunzTarPerm extractEntry fn/math/index.js
137292 silly gunzTarPerm extractEntry fn/number/index.js
137293 silly gunzTarPerm extractEntry 2024/IsStrictlyEqual.js
137294 silly gunzTarPerm modified mode [ '2024/IsStrictlyEqual.js', 420, 438 ]
137295 silly gunzTarPerm extractEntry helpers/isStringOrHole.js
137296 silly gunzTarPerm modified mode [ 'helpers/isStringOrHole.js', 420, 438 ]
137297 silly gunzTarPerm extractEntry fp/uniqWith.js
137298 silly gunzTarPerm modified mode [ 'fp/uniqWith.js', 420, 438 ]
137299 silly gunzTarPerm extractEntry uniqWith.js
137300 silly gunzTarPerm modified mode [ 'uniqWith.js', 420, 438 ]
137301 silly gunzTarPerm extractEntry fn/number/virtual/index.js
137302 silly gunzTarPerm extractEntry fn/object/index.js
137303 silly gunzTarPerm extractEntry helpers/isStringOrUndefined.js
137304 silly gunzTarPerm modified mode [ 'helpers/isStringOrUndefined.js', 420, 438 ]
137305 silly gunzTarPerm extractEntry 2018/IsStringPrefix.js
137306 silly gunzTarPerm modified mode [ '2018/IsStringPrefix.js', 420, 438 ]
137307 silly gunzTarPerm extractEntry fp/unnest.js
137308 silly gunzTarPerm modified mode [ 'fp/unnest.js', 420, 438 ]
137309 silly gunzTarPerm extractEntry fp/unset.js
137310 silly gunzTarPerm modified mode [ 'fp/unset.js', 420, 438 ]
137311 silly gunzTarPerm extractEntry fn/promise/index.js
137312 silly gunzTarPerm extractEntry fn/reflect/index.js
137313 silly gunzTarPerm extractEntry 2019/IsStringPrefix.js
137314 silly gunzTarPerm modified mode [ '2019/IsStringPrefix.js', 420, 438 ]
137315 silly gunzTarPerm extractEntry 2020/IsStringPrefix.js
137316 silly gunzTarPerm modified mode [ '2020/IsStringPrefix.js', 420, 438 ]
137317 silly gunzTarPerm extractEntry unset.js
137318 silly gunzTarPerm modified mode [ 'unset.js', 420, 438 ]
137319 silly gunzTarPerm extractEntry fp/unzip.js
137320 silly gunzTarPerm modified mode [ 'fp/unzip.js', 420, 438 ]
137321 silly gunzTarPerm extractEntry fn/regexp/index.js
137322 silly gunzTarPerm extractEntry fn/set/index.js
137323 silly gunzTarPerm extractEntry 2021/IsStringPrefix.js
137324 silly gunzTarPerm modified mode [ '2021/IsStringPrefix.js', 420, 438 ]
137325 silly gunzTarPerm extractEntry 2022/IsStringPrefix.js
137326 silly gunzTarPerm modified mode [ '2022/IsStringPrefix.js', 420, 438 ]
137327 silly gunzTarPerm extractEntry unzip.js
137328 silly gunzTarPerm modified mode [ 'unzip.js', 420, 438 ]
137329 silly gunzTarPerm extractEntry fp/unzipWith.js
137330 silly gunzTarPerm modified mode [ 'fp/unzipWith.js', 420, 438 ]
137331 silly gunzTarPerm extractEntry fn/string/index.js
137332 silly gunzTarPerm extractEntry fn/string/virtual/index.js
137333 silly gunzTarPerm extractEntry 2022/IsStringWellFormedUnicode.js
137334 silly gunzTarPerm modified mode [ '2022/IsStringWellFormedUnicode.js', 420, 438 ]
137335 silly gunzTarPerm extractEntry 2023/IsStringWellFormedUnicode.js
137336 silly gunzTarPerm modified mode [ '2023/IsStringWellFormedUnicode.js', 420, 438 ]
137337 silly gunzTarPerm extractEntry unzipWith.js
137338 silly gunzTarPerm modified mode [ 'unzipWith.js', 420, 438 ]
137339 silly gunzTarPerm extractEntry fp/update.js
137340 silly gunzTarPerm modified mode [ 'fp/update.js', 420, 438 ]
137341 silly gunzTarPerm extractEntry fn/symbol/index.js
137342 silly gunzTarPerm extractEntry fn/system/index.js
137343 silly gunzTarPerm extractEntry 2024/IsStringWellFormedUnicode.js
137344 silly gunzTarPerm modified mode [ '2024/IsStringWellFormedUnicode.js', 420, 438 ]
137345 silly gunzTarPerm extractEntry helpers/isTrailingSurrogate.js
137346 silly gunzTarPerm modified mode [ 'helpers/isTrailingSurrogate.js', 420, 438 ]
137347 silly gunzTarPerm extractEntry update.js
137348 silly gunzTarPerm modified mode [ 'update.js', 420, 438 ]
137349 silly gunzTarPerm extractEntry fp/updateWith.js
137350 silly gunzTarPerm modified mode [ 'fp/updateWith.js', 420, 438 ]
137351 silly gunzTarPerm extractEntry fn/typed/index.js
137352 silly gunzTarPerm extractEntry fn/weak-map/index.js
137353 silly gunzTarPerm extractEntry 2024/IsTypedArrayOutOfBounds.js
137354 silly gunzTarPerm modified mode [ '2024/IsTypedArrayOutOfBounds.js', 420, 438 ]
137355 silly gunzTarPerm extractEntry 2020/IsUnclampedIntegerElementType.js
137356 silly gunzTarPerm modified mode [ '2020/IsUnclampedIntegerElementType.js', 420, 438 ]
137357 silly gunzTarPerm extractEntry updateWith.js
137358 silly gunzTarPerm modified mode [ 'updateWith.js', 420, 438 ]
137359 silly gunzTarPerm extractEntry fp/upperCase.js
137360 silly gunzTarPerm modified mode [ 'fp/upperCase.js', 420, 438 ]
137361 silly gunzTarPerm extractEntry fn/weak-set/index.js
137362 silly gunzTarPerm extractEntry index.js
137363 silly gunzTarPerm extractEntry 2021/IsUnclampedIntegerElementType.js
137364 silly gunzTarPerm modified mode [ '2021/IsUnclampedIntegerElementType.js', 420, 438 ]
137365 silly gunzTarPerm extractEntry 2022/IsUnclampedIntegerElementType.js
137366 silly gunzTarPerm modified mode [ '2022/IsUnclampedIntegerElementType.js', 420, 438 ]
137367 silly gunzTarPerm extractEntry library/core/index.js
137368 silly gunzTarPerm extractEntry library/es5/index.js
137369 silly gunzTarPerm extractEntry upperCase.js
137370 silly gunzTarPerm modified mode [ 'upperCase.js', 420, 438 ]
137371 silly gunzTarPerm extractEntry fp/upperFirst.js
137372 silly gunzTarPerm modified mode [ 'fp/upperFirst.js', 420, 438 ]
137373 silly gunzTarPerm extractEntry library/es6/index.js
137374 silly gunzTarPerm extractEntry library/es7/index.js
137375 silly gunzTarPerm extractEntry 2023/IsUnclampedIntegerElementType.js
137376 silly gunzTarPerm modified mode [ '2023/IsUnclampedIntegerElementType.js', 420, 438 ]
137377 silly gunzTarPerm extractEntry 2024/IsUnclampedIntegerElementType.js
137378 silly gunzTarPerm modified mode [ '2024/IsUnclampedIntegerElementType.js', 420, 438 ]
137379 silly gunzTarPerm extractEntry upperFirst.js
137380 silly gunzTarPerm modified mode [ 'upperFirst.js', 420, 438 ]
137381 silly gunzTarPerm extractEntry fp/useWith.js
137382 silly gunzTarPerm modified mode [ 'fp/useWith.js', 420, 438 ]
137383 silly gunzTarPerm extractEntry library/fn/array/index.js
137384 silly gunzTarPerm extractEntry library/fn/array/virtual/index.js
137385 silly gunzTarPerm extractEntry 2020/IsUnsignedElementType.js
137386 silly gunzTarPerm modified mode [ '2020/IsUnsignedElementType.js', 420, 438 ]
137387 silly gunzTarPerm extractEntry 2021/IsUnsignedElementType.js
137388 silly gunzTarPerm modified mode [ '2021/IsUnsignedElementType.js', 420, 438 ]
137389 silly gunzTarPerm extractEntry fp/util.js
137390 silly gunzTarPerm modified mode [ 'fp/util.js', 420, 438 ]
137391 silly gunzTarPerm extractEntry util.js
137392 silly gunzTarPerm modified mode [ 'util.js', 420, 438 ]
137393 silly gunzTarPerm extractEntry library/fn/date/index.js
137394 silly gunzTarPerm extractEntry library/fn/dom-collections/index.js
137395 silly gunzTarPerm extractEntry fp/value.js
137396 silly gunzTarPerm modified mode [ 'fp/value.js', 420, 438 ]
137397 silly gunzTarPerm extractEntry value.js
137398 silly gunzTarPerm modified mode [ 'value.js', 420, 438 ]
137399 silly gunzTarPerm extractEntry 2022/IsUnsignedElementType.js
137400 silly gunzTarPerm modified mode [ '2022/IsUnsignedElementType.js', 420, 438 ]
137401 silly gunzTarPerm extractEntry 2023/IsUnsignedElementType.js
137402 silly gunzTarPerm modified mode [ '2023/IsUnsignedElementType.js', 420, 438 ]
137403 silly gunzTarPerm extractEntry library/fn/error/index.js
137404 silly gunzTarPerm extractEntry library/fn/function/index.js
137405 silly gunzTarPerm extractEntry fp/valueOf.js
137406 silly gunzTarPerm modified mode [ 'fp/valueOf.js', 420, 438 ]
137407 silly gunzTarPerm extractEntry valueOf.js
137408 silly gunzTarPerm modified mode [ 'valueOf.js', 420, 438 ]
137409 silly gunzTarPerm extractEntry 2024/IsUnsignedElementType.js
137410 silly gunzTarPerm modified mode [ '2024/IsUnsignedElementType.js', 420, 438 ]
137411 silly gunzTarPerm extractEntry 2020/IsValidIntegerIndex.js
137412 silly gunzTarPerm modified mode [ '2020/IsValidIntegerIndex.js', 420, 438 ]
137413 silly gunzTarPerm extractEntry library/fn/function/virtual/index.js
137414 silly gunzTarPerm extractEntry library/fn/json/index.js
137415 silly gunzTarPerm extractEntry fp/values.js
137416 silly gunzTarPerm modified mode [ 'fp/values.js', 420, 438 ]
137417 silly gunzTarPerm extractEntry values.js
137418 silly gunzTarPerm modified mode [ 'values.js', 420, 438 ]
137419 silly gunzTarPerm extractEntry library/fn/map/index.js
137420 silly gunzTarPerm extractEntry library/fn/math/index.js
137421 silly gunzTarPerm extractEntry 2021/IsValidIntegerIndex.js
137422 silly gunzTarPerm modified mode [ '2021/IsValidIntegerIndex.js', 420, 438 ]
137423 silly gunzTarPerm extractEntry 2022/IsValidIntegerIndex.js
137424 silly gunzTarPerm modified mode [ '2022/IsValidIntegerIndex.js', 420, 438 ]
137425 silly gunzTarPerm extractEntry fp/valuesIn.js
137426 silly gunzTarPerm modified mode [ 'fp/valuesIn.js', 420, 438 ]
137427 silly gunzTarPerm extractEntry valuesIn.js
137428 silly gunzTarPerm modified mode [ 'valuesIn.js', 420, 438 ]
137429 silly gunzTarPerm extractEntry library/fn/number/index.js
137430 silly gunzTarPerm extractEntry library/fn/number/virtual/index.js
137431 silly gunzTarPerm extractEntry 2023/IsValidIntegerIndex.js
137432 silly gunzTarPerm modified mode [ '2023/IsValidIntegerIndex.js', 420, 438 ]
137433 silly gunzTarPerm extractEntry 2024/IsValidIntegerIndex.js
137434 silly gunzTarPerm modified mode [ '2024/IsValidIntegerIndex.js', 420, 438 ]
137435 silly gunzTarPerm extractEntry fp/where.js
137436 silly gunzTarPerm modified mode [ 'fp/where.js', 420, 438 ]
137437 silly gunzTarPerm extractEntry fp/whereEq.js
137438 silly gunzTarPerm modified mode [ 'fp/whereEq.js', 420, 438 ]
137439 silly gunzTarPerm extractEntry 2024/IsViewOutOfBounds.js
137440 silly gunzTarPerm modified mode [ '2024/IsViewOutOfBounds.js', 420, 438 ]
137441 silly gunzTarPerm extractEntry 2015/IsWordChar.js
137442 silly gunzTarPerm modified mode [ '2015/IsWordChar.js', 420, 438 ]
137443 silly gunzTarPerm extractEntry library/fn/object/index.js
137444 silly gunzTarPerm extractEntry library/fn/promise/index.js
137445 silly gunzTarPerm extractEntry fp/without.js
137446 silly gunzTarPerm modified mode [ 'fp/without.js', 420, 438 ]
137447 silly gunzTarPerm extractEntry without.js
137448 silly gunzTarPerm modified mode [ 'without.js', 420, 438 ]
137449 silly gunzTarPerm extractEntry library/fn/reflect/index.js
137450 silly gunzTarPerm extractEntry library/fn/regexp/index.js
137451 silly gunzTarPerm extractEntry 2016/IsWordChar.js
137452 silly gunzTarPerm modified mode [ '2016/IsWordChar.js', 420, 438 ]
137453 silly gunzTarPerm extractEntry 2017/IsWordChar.js
137454 silly gunzTarPerm modified mode [ '2017/IsWordChar.js', 420, 438 ]
137455 silly gunzTarPerm extractEntry fp/words.js
137456 silly gunzTarPerm modified mode [ 'fp/words.js', 420, 438 ]
137457 silly gunzTarPerm extractEntry words.js
137458 silly gunzTarPerm modified mode [ 'words.js', 420, 438 ]
137459 silly gunzTarPerm extractEntry library/fn/set/index.js
137460 silly gunzTarPerm extractEntry library/fn/string/index.js
137461 silly gunzTarPerm extractEntry 2018/IsWordChar.js
137462 silly gunzTarPerm modified mode [ '2018/IsWordChar.js', 420, 438 ]
137463 silly gunzTarPerm extractEntry 2019/IsWordChar.js
137464 silly gunzTarPerm modified mode [ '2019/IsWordChar.js', 420, 438 ]
137465 silly gunzTarPerm extractEntry library/fn/string/virtual/index.js
137466 silly gunzTarPerm extractEntry library/fn/symbol/index.js
137467 silly gunzTarPerm extractEntry fp/wrap.js
137468 silly gunzTarPerm modified mode [ 'fp/wrap.js', 420, 438 ]
137469 silly gunzTarPerm extractEntry wrap.js
137470 silly gunzTarPerm modified mode [ 'wrap.js', 420, 438 ]
137471 silly gunzTarPerm extractEntry 2020/IsWordChar.js
137472 silly gunzTarPerm modified mode [ '2020/IsWordChar.js', 420, 438 ]
137473 silly gunzTarPerm extractEntry 2021/IsWordChar.js
137474 silly gunzTarPerm modified mode [ '2021/IsWordChar.js', 420, 438 ]
137475 silly gunzTarPerm extractEntry fp/wrapperAt.js
137476 silly gunzTarPerm modified mode [ 'fp/wrapperAt.js', 420, 438 ]
137477 silly gunzTarPerm extractEntry wrapperAt.js
137478 silly gunzTarPerm modified mode [ 'wrapperAt.js', 420, 438 ]
137479 silly gunzTarPerm extractEntry library/fn/system/index.js
137480 silly gunzTarPerm extractEntry library/fn/typed/index.js
137481 silly gunzTarPerm extractEntry 2022/IsWordChar.js
137482 silly gunzTarPerm modified mode [ '2022/IsWordChar.js', 420, 438 ]
137483 silly gunzTarPerm extractEntry 2023/IsWordChar.js
137484 silly gunzTarPerm modified mode [ '2023/IsWordChar.js', 420, 438 ]
137485 silly gunzTarPerm extractEntry fp/wrapperChain.js
137486 silly gunzTarPerm modified mode [ 'fp/wrapperChain.js', 420, 438 ]
137487 silly gunzTarPerm extractEntry wrapperChain.js
137488 silly gunzTarPerm modified mode [ 'wrapperChain.js', 420, 438 ]
137489 silly gunzTarPerm extractEntry library/fn/weak-map/index.js
137490 silly gunzTarPerm extractEntry library/fn/weak-set/index.js
137491 silly gunzTarPerm extractEntry 2024/IsWordChar.js
137492 silly gunzTarPerm modified mode [ '2024/IsWordChar.js', 420, 438 ]
137493 silly gunzTarPerm extractEntry 2016/IterableToArrayLike.js
137494 silly gunzTarPerm modified mode [ '2016/IterableToArrayLike.js', 420, 438 ]
137495 silly gunzTarPerm extractEntry fp/wrapperLodash.js
137496 silly gunzTarPerm modified mode [ 'fp/wrapperLodash.js', 420, 438 ]
137497 silly gunzTarPerm extractEntry wrapperLodash.js
137498 silly gunzTarPerm modified mode [ 'wrapperLodash.js', 420, 438 ]
137499 silly gunzTarPerm extractEntry library/index.js
137500 silly gunzTarPerm extractEntry library/stage/index.js
137501 silly gunzTarPerm extractEntry 2017/IterableToList.js
137502 silly gunzTarPerm modified mode [ '2017/IterableToList.js', 420, 438 ]
137503 silly gunzTarPerm extractEntry 2018/IterableToList.js
137504 silly gunzTarPerm modified mode [ '2018/IterableToList.js', 420, 438 ]
137505 silly gunzTarPerm extractEntry fp/wrapperReverse.js
137506 silly gunzTarPerm modified mode [ 'fp/wrapperReverse.js', 420, 438 ]
137507 silly gunzTarPerm extractEntry wrapperReverse.js
137508 silly gunzTarPerm modified mode [ 'wrapperReverse.js', 420, 438 ]
137509 silly gunzTarPerm extractEntry library/web/index.js
137510 silly gunzTarPerm extractEntry stage/index.js
137511 silly gunzTarPerm extractEntry 2019/IterableToList.js
137512 silly gunzTarPerm modified mode [ '2019/IterableToList.js', 420, 438 ]
137513 silly gunzTarPerm extractEntry 2020/IterableToList.js
137514 silly gunzTarPerm modified mode [ '2020/IterableToList.js', 420, 438 ]
137515 silly gunzTarPerm extractEntry fp/wrapperValue.js
137516 silly gunzTarPerm modified mode [ 'fp/wrapperValue.js', 420, 438 ]
137517 silly gunzTarPerm extractEntry wrapperValue.js
137518 silly gunzTarPerm modified mode [ 'wrapperValue.js', 420, 438 ]
137519 silly gunzTarPerm extractEntry web/index.js
137520 silly gunzTarPerm extractEntry fn/typed/int16-array.js
137521 silly gunzTarPerm extractEntry 2021/IterableToList.js
137522 silly gunzTarPerm modified mode [ '2021/IterableToList.js', 420, 438 ]
137523 silly gunzTarPerm extractEntry 2022/IterableToList.js
137524 silly gunzTarPerm modified mode [ '2022/IterableToList.js', 420, 438 ]
137525 silly gunzTarPerm extractEntry library/fn/typed/int16-array.js
137526 silly gunzTarPerm extractEntry fn/typed/int32-array.js
137527 silly gunzTarPerm extractEntry fp/xor.js
137528 silly gunzTarPerm modified mode [ 'fp/xor.js', 420, 438 ]
137529 silly gunzTarPerm extractEntry xor.js
137530 silly gunzTarPerm modified mode [ 'xor.js', 420, 438 ]
137531 silly gunzTarPerm extractEntry helpers/records/iterator-record-2023.js
137532 silly gunzTarPerm modified mode [ 'helpers/records/iterator-record-2023.js', 420, 438 ]
137533 silly gunzTarPerm extractEntry helpers/records/iterator-record.js
137534 silly gunzTarPerm modified mode [ 'helpers/records/iterator-record.js', 420, 438 ]
137535 silly gunzTarPerm extractEntry fp/xorBy.js
137536 silly gunzTarPerm modified mode [ 'fp/xorBy.js', 420, 438 ]
137537 silly gunzTarPerm extractEntry xorBy.js
137538 silly gunzTarPerm modified mode [ 'xorBy.js', 420, 438 ]
137539 silly gunzTarPerm extractEntry 2015/IteratorClose.js
137540 silly gunzTarPerm modified mode [ '2015/IteratorClose.js', 420, 438 ]
137541 silly gunzTarPerm extractEntry 2016/IteratorClose.js
137542 silly gunzTarPerm modified mode [ '2016/IteratorClose.js', 420, 438 ]
137543 silly gunzTarPerm extractEntry library/fn/typed/int32-array.js
137544 silly gunzTarPerm extractEntry fn/typed/int8-array.js
137545 silly gunzTarPerm extractEntry 2017/IteratorClose.js
137546 silly gunzTarPerm modified mode [ '2017/IteratorClose.js', 420, 438 ]
137547 silly gunzTarPerm extractEntry 2018/IteratorClose.js
137548 silly gunzTarPerm modified mode [ '2018/IteratorClose.js', 420, 438 ]
137549 silly gunzTarPerm extractEntry library/fn/typed/int8-array.js
137550 silly gunzTarPerm extractEntry fn/array/is-array.js
137551 silly gunzTarPerm extractEntry fp/xorWith.js
137552 silly gunzTarPerm modified mode [ 'fp/xorWith.js', 420, 438 ]
137553 silly gunzTarPerm extractEntry xorWith.js
137554 silly gunzTarPerm modified mode [ 'xorWith.js', 420, 438 ]
137555 silly gunzTarPerm extractEntry 2019/IteratorClose.js
137556 silly gunzTarPerm modified mode [ '2019/IteratorClose.js', 420, 438 ]
137557 silly gunzTarPerm extractEntry 2020/IteratorClose.js
137558 silly gunzTarPerm modified mode [ '2020/IteratorClose.js', 420, 438 ]
137559 silly gunzTarPerm extractEntry fp/zip.js
137560 silly gunzTarPerm modified mode [ 'fp/zip.js', 420, 438 ]
137561 silly gunzTarPerm extractEntry zip.js
137562 silly gunzTarPerm modified mode [ 'zip.js', 420, 438 ]
137563 silly gunzTarPerm extractEntry library/fn/array/is-array.js
137564 silly gunzTarPerm extractEntry fn/symbol/is-concat-spreadable.js
137565 silly gunzTarPerm extractEntry library/fn/symbol/is-concat-spreadable.js
137566 silly gunzTarPerm extractEntry fn/error/is-error.js
137567 silly gunzTarPerm extractEntry fp/zipAll.js
137568 silly gunzTarPerm modified mode [ 'fp/zipAll.js', 420, 438 ]
137569 silly gunzTarPerm extractEntry fp/zipObj.js
137570 silly gunzTarPerm modified mode [ 'fp/zipObj.js', 420, 438 ]
137571 silly gunzTarPerm extractEntry 2021/IteratorClose.js
137572 silly gunzTarPerm modified mode [ '2021/IteratorClose.js', 420, 438 ]
137573 silly gunzTarPerm extractEntry 2022/IteratorClose.js
137574 silly gunzTarPerm modified mode [ '2022/IteratorClose.js', 420, 438 ]
137575 silly gunzTarPerm extractEntry library/fn/error/is-error.js
137576 silly gunzTarPerm extractEntry fn/object/is-extensible.js
137577 silly gunzTarPerm extractEntry fp/zipObject.js
137578 silly gunzTarPerm modified mode [ 'fp/zipObject.js', 420, 438 ]
137579 silly gunzTarPerm extractEntry zipObject.js
137580 silly gunzTarPerm modified mode [ 'zipObject.js', 420, 438 ]
137581 silly gunzTarPerm extractEntry 2023/IteratorClose.js
137582 silly gunzTarPerm modified mode [ '2023/IteratorClose.js', 420, 438 ]
137583 silly gunzTarPerm extractEntry 2024/IteratorClose.js
137584 silly gunzTarPerm modified mode [ '2024/IteratorClose.js', 420, 438 ]
137585 silly gunzTarPerm extractEntry fn/reflect/is-extensible.js
137586 silly gunzTarPerm extractEntry library/fn/object/is-extensible.js
137587 silly gunzTarPerm extractEntry fp/zipObjectDeep.js
137588 silly gunzTarPerm modified mode [ 'fp/zipObjectDeep.js', 420, 438 ]
137589 silly gunzTarPerm extractEntry zipObjectDeep.js
137590 silly gunzTarPerm modified mode [ 'zipObjectDeep.js', 420, 438 ]
137591 silly gunzTarPerm extractEntry 2015/IteratorComplete.js
137592 silly gunzTarPerm modified mode [ '2015/IteratorComplete.js', 420, 438 ]
137593 silly gunzTarPerm extractEntry 2016/IteratorComplete.js
137594 silly gunzTarPerm modified mode [ '2016/IteratorComplete.js', 420, 438 ]
137595 silly gunzTarPerm extractEntry library/fn/reflect/is-extensible.js
137596 silly gunzTarPerm extractEntry fn/number/is-finite.js
137597 silly gunzTarPerm extractEntry fp/zipWith.js
137598 silly gunzTarPerm modified mode [ 'fp/zipWith.js', 420, 438 ]
137599 silly gunzTarPerm extractEntry zipWith.js
137600 silly gunzTarPerm modified mode [ 'zipWith.js', 420, 438 ]
137601 silly gunzTarPerm extractEntry 2017/IteratorComplete.js
137602 silly gunzTarPerm modified mode [ '2017/IteratorComplete.js', 420, 438 ]
137603 silly gunzTarPerm extractEntry 2018/IteratorComplete.js
137604 silly gunzTarPerm modified mode [ '2018/IteratorComplete.js', 420, 438 ]
137605 silly gunzTarPerm extractEntry library/fn/number/is-finite.js
137606 silly gunzTarPerm extractEntry fn/object/is-frozen.js
137607 silly gunzTarPerm extractEntry package.json
137608 silly gunzTarPerm modified mode [ 'package.json', 420, 438 ]
137609 silly gunzTarPerm extractEntry flake.lock
137610 silly gunzTarPerm modified mode [ 'flake.lock', 420, 438 ]
137611 silly gunzTarPerm extractEntry 2019/IteratorComplete.js
137612 silly gunzTarPerm modified mode [ '2019/IteratorComplete.js', 420, 438 ]
137613 silly gunzTarPerm extractEntry 2020/IteratorComplete.js
137614 silly gunzTarPerm modified mode [ '2020/IteratorComplete.js', 420, 438 ]
137615 silly gunzTarPerm extractEntry library/fn/object/is-frozen.js
137616 silly gunzTarPerm extractEntry fn/number/is-integer.js
137617 silly gunzTarPerm extractEntry README.md
137618 silly gunzTarPerm modified mode [ 'README.md', 420, 438 ]
137619 silly gunzTarPerm extractEntry release.md
137620 silly gunzTarPerm modified mode [ 'release.md', 420, 438 ]
137621 silly gunzTarPerm extractEntry 2021/IteratorComplete.js
137622 silly gunzTarPerm modified mode [ '2021/IteratorComplete.js', 420, 438 ]
137623 silly gunzTarPerm extractEntry 2022/IteratorComplete.js
137624 silly gunzTarPerm modified mode [ '2022/IteratorComplete.js', 420, 438 ]
137625 silly gunzTarPerm extractEntry library/fn/number/is-integer.js
137626 silly gunzTarPerm extractEntry fn/is-iterable.js
137627 silly gunzTarPerm extractEntry flake.nix
137628 silly gunzTarPerm modified mode [ 'flake.nix', 420, 438 ]
137629 silly gunzTarPerm extractEntry 2023/IteratorComplete.js
137630 silly gunzTarPerm modified mode [ '2023/IteratorComplete.js', 420, 438 ]
137631 silly gunzTarPerm extractEntry 2024/IteratorComplete.js
137632 silly gunzTarPerm modified mode [ '2024/IteratorComplete.js', 420, 438 ]
137633 silly gunzTarPerm extractEntry library/fn/is-iterable.js
137634 silly gunzTarPerm extractEntry fn/number/is-nan.js
137635 silly gunzTarPerm extractEntry library/fn/number/is-nan.js
137636 silly gunzTarPerm extractEntry fn/object/is-object.js
137637 silly gunzTarPerm extractEntry 2015/IteratorNext.js
137638 silly gunzTarPerm modified mode [ '2015/IteratorNext.js', 420, 438 ]
137639 silly gunzTarPerm extractEntry 2016/IteratorNext.js
137640 silly gunzTarPerm modified mode [ '2016/IteratorNext.js', 420, 438 ]
137641 silly gunzTarPerm extractEntry library/fn/object/is-object.js
137642 silly gunzTarPerm extractEntry fn/number/is-safe-integer.js
137643 silly gunzTarPerm extractEntry 2017/IteratorNext.js
137644 silly gunzTarPerm modified mode [ '2017/IteratorNext.js', 420, 438 ]
137645 silly gunzTarPerm extractEntry 2018/IteratorNext.js
137646 silly gunzTarPerm modified mode [ '2018/IteratorNext.js', 420, 438 ]
137647 silly gunzTarPerm extractEntry library/fn/number/is-safe-integer.js
137648 silly gunzTarPerm extractEntry fn/object/is-sealed.js
137649 silly gunzTarPerm extractEntry 2019/IteratorNext.js
137650 silly gunzTarPerm modified mode [ '2019/IteratorNext.js', 420, 438 ]
137651 silly gunzTarPerm extractEntry 2020/IteratorNext.js
137652 silly gunzTarPerm modified mode [ '2020/IteratorNext.js', 420, 438 ]
137653 silly gunzTarPerm extractEntry library/fn/object/is-sealed.js
137654 silly gunzTarPerm extractEntry fn/object/is.js
137655 silly gunzTarPerm extractEntry 2021/IteratorNext.js
137656 silly gunzTarPerm modified mode [ '2021/IteratorNext.js', 420, 438 ]
137657 silly gunzTarPerm extractEntry 2022/IteratorNext.js
137658 silly gunzTarPerm modified mode [ '2022/IteratorNext.js', 420, 438 ]
137659 silly gunzTarPerm extractEntry library/fn/object/is.js
137660 silly gunzTarPerm extractEntry fn/math/isubh.js
137661 silly gunzTarPerm extractEntry 2023/IteratorNext.js
137662 silly gunzTarPerm modified mode [ '2023/IteratorNext.js', 420, 438 ]
137663 silly gunzTarPerm extractEntry 2024/IteratorNext.js
137664 silly gunzTarPerm modified mode [ '2024/IteratorNext.js', 420, 438 ]
137665 silly gunzTarPerm extractEntry library/fn/math/isubh.js
137666 silly gunzTarPerm extractEntry fn/string/italics.js
137667 silly gunzTarPerm extractEntry 2015/IteratorStep.js
137668 silly gunzTarPerm modified mode [ '2015/IteratorStep.js', 420, 438 ]
137669 silly gunzTarPerm extractEntry 2016/IteratorStep.js
137670 silly gunzTarPerm modified mode [ '2016/IteratorStep.js', 420, 438 ]
137671 silly gunzTarPerm extractEntry fn/string/virtual/italics.js
137672 silly gunzTarPerm extractEntry library/fn/string/italics.js
137673 silly gunzTarPerm extractEntry 2017/IteratorStep.js
137674 silly gunzTarPerm modified mode [ '2017/IteratorStep.js', 420, 438 ]
137675 silly gunzTarPerm extractEntry 2018/IteratorStep.js
137676 silly gunzTarPerm modified mode [ '2018/IteratorStep.js', 420, 438 ]
137677 silly gunzTarPerm extractEntry library/fn/string/virtual/italics.js
137678 silly gunzTarPerm extractEntry fn/array/iterator.js
137679 silly gunzTarPerm extractEntry 2019/IteratorStep.js
137680 silly gunzTarPerm modified mode [ '2019/IteratorStep.js', 420, 438 ]
137681 silly gunzTarPerm extractEntry 2020/IteratorStep.js
137682 silly gunzTarPerm modified mode [ '2020/IteratorStep.js', 420, 438 ]
137683 silly gunzTarPerm extractEntry fn/array/virtual/iterator.js
137684 silly gunzTarPerm extractEntry fn/dom-collections/iterator.js
137685 silly gunzTarPerm extractEntry fn/number/iterator.js
137686 silly gunzTarPerm extractEntry fn/number/virtual/iterator.js
137687 silly gunzTarPerm extractEntry 2021/IteratorStep.js
137688 silly gunzTarPerm modified mode [ '2021/IteratorStep.js', 420, 438 ]
137689 silly gunzTarPerm extractEntry 2022/IteratorStep.js
137690 silly gunzTarPerm modified mode [ '2022/IteratorStep.js', 420, 438 ]
137691 silly gunzTarPerm extractEntry fn/string/iterator.js
137692 silly gunzTarPerm extractEntry fn/string/virtual/iterator.js
137693 silly gunzTarPerm extractEntry 2023/IteratorStep.js
137694 silly gunzTarPerm modified mode [ '2023/IteratorStep.js', 420, 438 ]
137695 silly gunzTarPerm extractEntry 2024/IteratorStep.js
137696 silly gunzTarPerm modified mode [ '2024/IteratorStep.js', 420, 438 ]
137697 silly gunzTarPerm extractEntry 2024/IteratorStepValue.js
137698 silly gunzTarPerm modified mode [ '2024/IteratorStepValue.js', 420, 438 ]
137699 silly gunzTarPerm extractEntry 2023/IteratorToList.js
137700 silly gunzTarPerm modified mode [ '2023/IteratorToList.js', 420, 438 ]
137701 silly gunzTarPerm extractEntry fn/symbol/iterator.js
137702 silly gunzTarPerm extractEntry library/fn/array/iterator.js
137703 silly gunzTarPerm extractEntry 2024/IteratorToList.js
137704 silly gunzTarPerm modified mode [ '2024/IteratorToList.js', 420, 438 ]
137705 silly gunzTarPerm extractEntry 2015/IteratorValue.js
137706 silly gunzTarPerm modified mode [ '2015/IteratorValue.js', 420, 438 ]
137707 silly gunzTarPerm extractEntry library/fn/array/virtual/iterator.js
137708 silly gunzTarPerm extractEntry library/fn/dom-collections/iterator.js
137709 silly gunzTarPerm extractEntry 2016/IteratorValue.js
137710 silly gunzTarPerm modified mode [ '2016/IteratorValue.js', 420, 438 ]
137711 silly gunzTarPerm extractEntry 2017/IteratorValue.js
137712 silly gunzTarPerm modified mode [ '2017/IteratorValue.js', 420, 438 ]
137713 silly gunzTarPerm extractEntry library/fn/number/iterator.js
137714 silly gunzTarPerm extractEntry library/fn/number/virtual/iterator.js
137715 silly gunzTarPerm extractEntry 2018/IteratorValue.js
137716 silly gunzTarPerm modified mode [ '2018/IteratorValue.js', 420, 438 ]
137717 silly gunzTarPerm extractEntry 2019/IteratorValue.js
137718 silly gunzTarPerm modified mode [ '2019/IteratorValue.js', 420, 438 ]
137719 silly gunzTarPerm extractEntry library/fn/string/iterator.js
137720 silly gunzTarPerm extractEntry library/fn/string/virtual/iterator.js
137721 silly gunzTarPerm extractEntry library/fn/symbol/iterator.js
137722 silly gunzTarPerm extractEntry fn/array/join.js
137723 silly gunzTarPerm extractEntry 2020/IteratorValue.js
137724 silly gunzTarPerm modified mode [ '2020/IteratorValue.js', 420, 438 ]
137725 silly gunzTarPerm extractEntry 2021/IteratorValue.js
137726 silly gunzTarPerm modified mode [ '2021/IteratorValue.js', 420, 438 ]
137727 silly gunzTarPerm extractEntry fn/array/virtual/join.js
137728 silly gunzTarPerm extractEntry library/fn/array/join.js
137729 silly gunzTarPerm extractEntry 2022/IteratorValue.js
137730 silly gunzTarPerm modified mode [ '2022/IteratorValue.js', 420, 438 ]
137731 silly gunzTarPerm extractEntry 2023/IteratorValue.js
137732 silly gunzTarPerm modified mode [ '2023/IteratorValue.js', 420, 438 ]
137733 silly gunzTarPerm extractEntry library/fn/array/virtual/join.js
137734 silly gunzTarPerm extractEntry fn/symbol/key-for.js
137735 silly gunzTarPerm extractEntry 2024/IteratorValue.js
137736 silly gunzTarPerm modified mode [ '2024/IteratorValue.js', 420, 438 ]
137737 silly gunzTarPerm extractEntry 2023/KeyForSymbol.js
137738 silly gunzTarPerm modified mode [ '2023/KeyForSymbol.js', 420, 438 ]
137739 silly gunzTarPerm extractEntry library/fn/symbol/key-for.js
137740 silly gunzTarPerm extractEntry fn/array/keys.js
137741 silly gunzTarPerm extractEntry 2024/KeyForSymbol.js
137742 silly gunzTarPerm modified mode [ '2024/KeyForSymbol.js', 420, 438 ]
137743 silly gunzTarPerm extractEntry 2020/BigInt/leftShift.js
137744 silly gunzTarPerm modified mode [ '2020/BigInt/leftShift.js', 420, 438 ]
137745 silly gunzTarPerm extractEntry fn/array/virtual/keys.js
137746 silly gunzTarPerm extractEntry fn/object/keys.js
137747 silly gunzTarPerm extractEntry 2020/Number/leftShift.js
137748 silly gunzTarPerm modified mode [ '2020/Number/leftShift.js', 420, 438 ]
137749 silly gunzTarPerm extractEntry 2021/BigInt/leftShift.js
137750 silly gunzTarPerm modified mode [ '2021/BigInt/leftShift.js', 420, 438 ]
137751 silly gunzTarPerm extractEntry library/fn/array/keys.js
137752 silly gunzTarPerm extractEntry library/fn/array/virtual/keys.js
137753 silly gunzTarPerm extractEntry 2021/Number/leftShift.js
137754 silly gunzTarPerm modified mode [ '2021/Number/leftShift.js', 420, 438 ]
137755 silly gunzTarPerm extractEntry 2022/BigInt/leftShift.js
137756 silly gunzTarPerm modified mode [ '2022/BigInt/leftShift.js', 420, 438 ]
137757 silly gunzTarPerm extractEntry library/fn/object/keys.js
137758 silly gunzTarPerm extractEntry fn/array/last-index-of.js
137759 silly gunzTarPerm extractEntry fn/array/virtual/last-index-of.js
137760 silly gunzTarPerm extractEntry library/fn/array/last-index-of.js
137761 silly gunzTarPerm extractEntry 2022/Number/leftShift.js
137762 silly gunzTarPerm modified mode [ '2022/Number/leftShift.js', 420, 438 ]
137763 silly gunzTarPerm extractEntry 2023/BigInt/leftShift.js
137764 silly gunzTarPerm modified mode [ '2023/BigInt/leftShift.js', 420, 438 ]
137765 silly gunzTarPerm extractEntry library/fn/array/virtual/last-index-of.js
137766 silly gunzTarPerm extractEntry client/library.js
137767 silly gunzTarPerm extractEntry 2023/Number/leftShift.js
137768 silly gunzTarPerm modified mode [ '2023/Number/leftShift.js', 420, 438 ]
137769 silly gunzTarPerm extractEntry 2024/BigInt/leftShift.js
137770 silly gunzTarPerm modified mode [ '2024/BigInt/leftShift.js', 420, 438 ]
137771 silly gunzTarPerm extractEntry client/library.min.js
137772 silly gunzTarPerm extractEntry 2024/Number/leftShift.js
137773 silly gunzTarPerm modified mode [ '2024/Number/leftShift.js', 420, 438 ]
137774 silly gunzTarPerm extractEntry 2020/LengthOfArrayLike.js
137775 silly gunzTarPerm modified mode [ '2020/LengthOfArrayLike.js', 420, 438 ]
137776 silly gunzTarPerm extractEntry fn/string/link.js
137777 silly gunzTarPerm extractEntry 2021/LengthOfArrayLike.js
137778 silly gunzTarPerm modified mode [ '2021/LengthOfArrayLike.js', 420, 438 ]
137779 silly gunzTarPerm extractEntry 2022/LengthOfArrayLike.js
137780 silly gunzTarPerm modified mode [ '2022/LengthOfArrayLike.js', 420, 438 ]
137781 silly gunzTarPerm extractEntry fn/string/virtual/link.js
137782 silly gunzTarPerm extractEntry library/fn/string/link.js
137783 silly gunzTarPerm extractEntry 2023/LengthOfArrayLike.js
137784 silly gunzTarPerm modified mode [ '2023/LengthOfArrayLike.js', 420, 438 ]
137785 silly gunzTarPerm extractEntry 2024/LengthOfArrayLike.js
137786 silly gunzTarPerm modified mode [ '2024/LengthOfArrayLike.js', 420, 438 ]
137787 silly gunzTarPerm extractEntry library/fn/string/virtual/link.js
137788 silly gunzTarPerm extractEntry fn/math/log10.js
137789 silly gunzTarPerm extractEntry 2020/BigInt/lessThan.js
137790 silly gunzTarPerm modified mode [ '2020/BigInt/lessThan.js', 420, 438 ]
137791 silly gunzTarPerm extractEntry 2020/Number/lessThan.js
137792 silly gunzTarPerm modified mode [ '2020/Number/lessThan.js', 420, 438 ]
137793 silly gunzTarPerm extractEntry library/fn/math/log10.js
137794 silly gunzTarPerm extractEntry fn/math/log1p.js
137795 silly gunzTarPerm extractEntry 2021/BigInt/lessThan.js
137796 silly gunzTarPerm modified mode [ '2021/BigInt/lessThan.js', 420, 438 ]
137797 silly gunzTarPerm extractEntry 2021/Number/lessThan.js
137798 silly gunzTarPerm modified mode [ '2021/Number/lessThan.js', 420, 438 ]
137799 silly gunzTarPerm extractEntry library/fn/math/log1p.js
137800 silly gunzTarPerm extractEntry fn/math/log2.js
137801 silly gunzTarPerm extractEntry 2022/BigInt/lessThan.js
137802 silly gunzTarPerm modified mode [ '2022/BigInt/lessThan.js', 420, 438 ]
137803 silly gunzTarPerm extractEntry 2022/Number/lessThan.js
137804 silly gunzTarPerm modified mode [ '2022/Number/lessThan.js', 420, 438 ]
137805 silly gunzTarPerm extractEntry library/fn/math/log2.js
137806 silly gunzTarPerm extractEntry fn/object/lookup-getter.js
137807 silly gunzTarPerm extractEntry 2023/BigInt/lessThan.js
137808 silly gunzTarPerm modified mode [ '2023/BigInt/lessThan.js', 420, 438 ]
137809 silly gunzTarPerm extractEntry 2023/Number/lessThan.js
137810 silly gunzTarPerm modified mode [ '2023/Number/lessThan.js', 420, 438 ]
137811 silly gunzTarPerm extractEntry library/fn/object/lookup-getter.js
137812 silly gunzTarPerm extractEntry fn/object/lookup-setter.js
137813 silly gunzTarPerm extractEntry 2024/BigInt/lessThan.js
137814 silly gunzTarPerm modified mode [ '2024/BigInt/lessThan.js', 420, 438 ]
137815 silly gunzTarPerm extractEntry 2024/Number/lessThan.js
137816 silly gunzTarPerm modified mode [ '2024/Number/lessThan.js', 420, 438 ]
137817 silly gunzTarPerm extractEntry library/fn/object/lookup-setter.js
137818 silly gunzTarPerm extractEntry fn/object/make.js
137819 silly gunzTarPerm extractEntry 2024/MakeDataViewWithBufferWitnessRecord.js
137820 silly gunzTarPerm modified mode [ '2024/MakeDataViewWithBufferWitnessRecord.js', 420, 438 ]
137821 silly gunzTarPerm extractEntry 2015/MakeDate.js
137822 silly gunzTarPerm modified mode [ '2015/MakeDate.js', 420, 438 ]
137823 silly gunzTarPerm extractEntry library/fn/object/make.js
137824 silly gunzTarPerm extractEntry es6/map.js
137825 silly gunzTarPerm extractEntry 2016/MakeDate.js
137826 silly gunzTarPerm modified mode [ '2016/MakeDate.js', 420, 438 ]
137827 silly gunzTarPerm extractEntry 2017/MakeDate.js
137828 silly gunzTarPerm modified mode [ '2017/MakeDate.js', 420, 438 ]
137829 silly gunzTarPerm extractEntry es7/map.js
137830 silly gunzTarPerm extractEntry fn/array/map.js
137831 silly gunzTarPerm extractEntry 2018/MakeDate.js
137832 silly gunzTarPerm modified mode [ '2018/MakeDate.js', 420, 438 ]
137833 silly gunzTarPerm extractEntry 2019/MakeDate.js
137834 silly gunzTarPerm modified mode [ '2019/MakeDate.js', 420, 438 ]
137835 silly gunzTarPerm extractEntry fn/array/virtual/map.js
137836 silly gunzTarPerm extractEntry fn/map.js
137837 silly gunzTarPerm extractEntry 2020/MakeDate.js
137838 silly gunzTarPerm modified mode [ '2020/MakeDate.js', 420, 438 ]
137839 silly gunzTarPerm extractEntry 2021/MakeDate.js
137840 silly gunzTarPerm modified mode [ '2021/MakeDate.js', 420, 438 ]
137841 silly gunzTarPerm extractEntry library/es6/map.js
137842 silly gunzTarPerm extractEntry library/es7/map.js
137843 silly gunzTarPerm extractEntry 2022/MakeDate.js
137844 silly gunzTarPerm modified mode [ '2022/MakeDate.js', 420, 438 ]
137845 silly gunzTarPerm extractEntry 2023/MakeDate.js
137846 silly gunzTarPerm modified mode [ '2023/MakeDate.js', 420, 438 ]
137847 silly gunzTarPerm extractEntry library/fn/array/map.js
137848 silly gunzTarPerm extractEntry library/fn/array/virtual/map.js
137849 silly gunzTarPerm extractEntry 2024/MakeDate.js
137850 silly gunzTarPerm modified mode [ '2024/MakeDate.js', 420, 438 ]
137851 silly gunzTarPerm extractEntry 5/MakeDate.js
137852 silly gunzTarPerm modified mode [ '5/MakeDate.js', 420, 438 ]
137853 silly gunzTarPerm extractEntry library/fn/map.js
137854 silly gunzTarPerm extractEntry fn/string/match-all.js
137855 silly gunzTarPerm extractEntry 2015/MakeDay.js
137856 silly gunzTarPerm modified mode [ '2015/MakeDay.js', 420, 438 ]
137857 silly gunzTarPerm extractEntry 2016/MakeDay.js
137858 silly gunzTarPerm modified mode [ '2016/MakeDay.js', 420, 438 ]
137859 silly gunzTarPerm extractEntry fn/string/virtual/match-all.js
137860 silly gunzTarPerm extractEntry library/fn/string/match-all.js
137861 silly gunzTarPerm extractEntry 2017/MakeDay.js
137862 silly gunzTarPerm modified mode [ '2017/MakeDay.js', 420, 438 ]
137863 silly gunzTarPerm extractEntry 2018/MakeDay.js
137864 silly gunzTarPerm modified mode [ '2018/MakeDay.js', 420, 438 ]
137865 silly gunzTarPerm extractEntry library/fn/string/virtual/match-all.js
137866 silly gunzTarPerm extractEntry fn/regexp/match.js
137867 silly gunzTarPerm extractEntry 2019/MakeDay.js
137868 silly gunzTarPerm modified mode [ '2019/MakeDay.js', 420, 438 ]
137869 silly gunzTarPerm extractEntry 2020/MakeDay.js
137870 silly gunzTarPerm modified mode [ '2020/MakeDay.js', 420, 438 ]
137871 silly gunzTarPerm extractEntry fn/symbol/match.js
137872 silly gunzTarPerm extractEntry library/fn/regexp/match.js
137873 silly gunzTarPerm extractEntry 2021/MakeDay.js
137874 silly gunzTarPerm modified mode [ '2021/MakeDay.js', 420, 438 ]
137875 silly gunzTarPerm extractEntry 2022/MakeDay.js
137876 silly gunzTarPerm modified mode [ '2022/MakeDay.js', 420, 438 ]
137877 silly gunzTarPerm extractEntry library/fn/symbol/match.js
137878 silly gunzTarPerm extractEntry es6/math.js
137879 silly gunzTarPerm extractEntry 2023/MakeDay.js
137880 silly gunzTarPerm modified mode [ '2023/MakeDay.js', 420, 438 ]
137881 silly gunzTarPerm extractEntry 2024/MakeDay.js
137882 silly gunzTarPerm modified mode [ '2024/MakeDay.js', 420, 438 ]
137883 silly gunzTarPerm extractEntry es7/math.js
137884 silly gunzTarPerm extractEntry library/es6/math.js
137885 silly gunzTarPerm extractEntry 5/MakeDay.js
137886 silly gunzTarPerm modified mode [ '5/MakeDay.js', 420, 438 ]
137887 silly gunzTarPerm extractEntry 2024/MakeFullYear.js
137888 silly gunzTarPerm modified mode [ '2024/MakeFullYear.js', 420, 438 ]
137889 silly gunzTarPerm extractEntry library/es7/math.js
137890 silly gunzTarPerm extractEntry fn/number/max-safe-integer.js
137891 silly gunzTarPerm extractEntry 2022/MakeMatchIndicesIndexPairArray.js
137892 silly gunzTarPerm modified mode [ '2022/MakeMatchIndicesIndexPairArray.js', 420, 438 ]
137893 silly gunzTarPerm extractEntry 2023/MakeMatchIndicesIndexPairArray.js
137894 silly gunzTarPerm modified mode [ '2023/MakeMatchIndicesIndexPairArray.js', 420, 438 ]
137895 silly gunzTarPerm extractEntry library/fn/number/max-safe-integer.js
137896 silly gunzTarPerm extractEntry fn/reflect/metadata.js
137897 silly gunzTarPerm extractEntry library/fn/reflect/metadata.js
137898 silly gunzTarPerm extractEntry fn/number/min-safe-integer.js
137899 silly gunzTarPerm extractEntry 2024/MakeMatchIndicesIndexPairArray.js
137900 silly gunzTarPerm modified mode [ '2024/MakeMatchIndicesIndexPairArray.js', 420, 438 ]
137901 silly gunzTarPerm extractEntry 2015/MakeTime.js
137902 silly gunzTarPerm modified mode [ '2015/MakeTime.js', 420, 438 ]
137903 silly gunzTarPerm extractEntry library/fn/number/min-safe-integer.js
137904 silly gunzTarPerm extractEntry fn/function/name.js
137905 silly gunzTarPerm extractEntry 2016/MakeTime.js
137906 silly gunzTarPerm modified mode [ '2016/MakeTime.js', 420, 438 ]
137907 silly gunzTarPerm extractEntry 2017/MakeTime.js
137908 silly gunzTarPerm modified mode [ '2017/MakeTime.js', 420, 438 ]
137909 silly gunzTarPerm extractEntry library/fn/function/name.js
137910 silly gunzTarPerm extractEntry fn/date/now.js
137911 silly gunzTarPerm extractEntry 2018/MakeTime.js
137912 silly gunzTarPerm modified mode [ '2018/MakeTime.js', 420, 438 ]
137913 silly gunzTarPerm extractEntry 2019/MakeTime.js
137914 silly gunzTarPerm modified mode [ '2019/MakeTime.js', 420, 438 ]
137915 silly gunzTarPerm extractEntry library/fn/date/now.js
137916 silly gunzTarPerm extractEntry core/number.js
137917 silly gunzTarPerm extractEntry 2020/MakeTime.js
137918 silly gunzTarPerm modified mode [ '2020/MakeTime.js', 420, 438 ]
137919 silly gunzTarPerm extractEntry 2021/MakeTime.js
137920 silly gunzTarPerm modified mode [ '2021/MakeTime.js', 420, 438 ]
137921 silly gunzTarPerm extractEntry es6/number.js
137922 silly gunzTarPerm extractEntry library/core/number.js
137923 silly gunzTarPerm extractEntry 2022/MakeTime.js
137924 silly gunzTarPerm modified mode [ '2022/MakeTime.js', 420, 438 ]
137925 silly gunzTarPerm extractEntry 2023/MakeTime.js
137926 silly gunzTarPerm modified mode [ '2023/MakeTime.js', 420, 438 ]
137927 silly gunzTarPerm extractEntry library/es6/number.js
137928 silly gunzTarPerm extractEntry core/object.js
137929 silly gunzTarPerm extractEntry 2024/MakeTime.js
137930 silly gunzTarPerm modified mode [ '2024/MakeTime.js', 420, 438 ]
137931 silly gunzTarPerm extractEntry 5/MakeTime.js
137932 silly gunzTarPerm modified mode [ '5/MakeTime.js', 420, 438 ]
137933 silly gunzTarPerm extractEntry es6/object.js
137934 silly gunzTarPerm extractEntry es7/object.js
137935 silly gunzTarPerm extractEntry 2024/MakeTypedArrayWithBufferWitnessRecord.js
137936 silly gunzTarPerm modified mode [ '2024/MakeTypedArrayWithBufferWitnessRecord.js', 420, 438 ]
137937 silly gunzTarPerm extractEntry helpers/records/match-record.js
137938 silly gunzTarPerm modified mode [ 'helpers/records/match-record.js', 420, 438 ]
137939 silly gunzTarPerm extractEntry library/core/object.js
137940 silly gunzTarPerm extractEntry library/es6/object.js
137941 silly gunzTarPerm extractEntry 2015/max.js
137942 silly gunzTarPerm modified mode [ '2015/max.js', 420, 438 ]
137943 silly gunzTarPerm extractEntry 2016/max.js
137944 silly gunzTarPerm modified mode [ '2016/max.js', 420, 438 ]
137945 silly gunzTarPerm extractEntry library/es7/object.js
137946 silly gunzTarPerm extractEntry es7/observable.js
137947 silly gunzTarPerm extractEntry fn/observable.js
137948 silly gunzTarPerm extractEntry fn/symbol/observable.js
137949 silly gunzTarPerm extractEntry 2017/max.js
137950 silly gunzTarPerm modified mode [ '2017/max.js', 420, 438 ]
137951 silly gunzTarPerm extractEntry 2018/max.js
137952 silly gunzTarPerm modified mode [ '2018/max.js', 420, 438 ]
137953 silly gunzTarPerm extractEntry library/es7/observable.js
137954 silly gunzTarPerm extractEntry library/fn/observable.js
137955 silly gunzTarPerm extractEntry 2019/max.js
137956 silly gunzTarPerm modified mode [ '2019/max.js', 420, 438 ]
137957 silly gunzTarPerm extractEntry 2020/max.js
137958 silly gunzTarPerm modified mode [ '2020/max.js', 420, 438 ]
137959 silly gunzTarPerm extractEntry library/fn/symbol/observable.js
137960 silly gunzTarPerm extractEntry fn/array/of.js
137961 silly gunzTarPerm extractEntry 2021/max.js
137962 silly gunzTarPerm modified mode [ '2021/max.js', 420, 438 ]
137963 silly gunzTarPerm extractEntry 2022/max.js
137964 silly gunzTarPerm modified mode [ '2022/max.js', 420, 438 ]
137965 silly gunzTarPerm extractEntry fn/map/of.js
137966 silly gunzTarPerm extractEntry fn/set/of.js
137967 silly gunzTarPerm extractEntry 2023/max.js
137968 silly gunzTarPerm modified mode [ '2023/max.js', 420, 438 ]
137969 silly gunzTarPerm extractEntry 2024/max.js
137970 silly gunzTarPerm modified mode [ '2024/max.js', 420, 438 ]
137971 silly gunzTarPerm extractEntry fn/weak-map/of.js
137972 silly gunzTarPerm extractEntry fn/weak-set/of.js
137973 silly gunzTarPerm extractEntry helpers/maxSafeInteger.js
137974 silly gunzTarPerm modified mode [ 'helpers/maxSafeInteger.js', 420, 438 ]
137975 silly gunzTarPerm extractEntry helpers/maxValue.js
137976 silly gunzTarPerm modified mode [ 'helpers/maxValue.js', 420, 438 ]
137977 silly gunzTarPerm extractEntry library/fn/array/of.js
137978 silly gunzTarPerm extractEntry library/fn/map/of.js
137979 silly gunzTarPerm extractEntry 2015/min.js
137980 silly gunzTarPerm modified mode [ '2015/min.js', 420, 438 ]
137981 silly gunzTarPerm extractEntry 2016/min.js
137982 silly gunzTarPerm modified mode [ '2016/min.js', 420, 438 ]
137983 silly gunzTarPerm extractEntry library/fn/set/of.js
137984 silly gunzTarPerm extractEntry library/fn/weak-map/of.js
137985 silly gunzTarPerm extractEntry 2017/min.js
137986 silly gunzTarPerm modified mode [ '2017/min.js', 420, 438 ]
137987 silly gunzTarPerm extractEntry 2018/min.js
137988 silly gunzTarPerm modified mode [ '2018/min.js', 420, 438 ]
137989 silly gunzTarPerm extractEntry library/fn/weak-set/of.js
137990 silly gunzTarPerm extractEntry fn/reflect/own-keys.js
137991 silly gunzTarPerm extractEntry 2019/min.js
137992 silly gunzTarPerm modified mode [ '2019/min.js', 420, 438 ]
137993 silly gunzTarPerm extractEntry 2020/min.js
137994 silly gunzTarPerm modified mode [ '2020/min.js', 420, 438 ]
137995 silly gunzTarPerm extractEntry library/fn/reflect/own-keys.js
137996 silly gunzTarPerm extractEntry fn/string/pad-end.js
137997 silly gunzTarPerm extractEntry 2021/min.js
137998 silly gunzTarPerm modified mode [ '2021/min.js', 420, 438 ]
137999 silly gunzTarPerm extractEntry 2022/min.js
138000 silly gunzTarPerm modified mode [ '2022/min.js', 420, 438 ]
138001 silly gunzTarPerm extractEntry fn/string/virtual/pad-end.js
138002 silly gunzTarPerm extractEntry library/fn/string/pad-end.js
138003 silly gunzTarPerm extractEntry library/fn/string/virtual/pad-end.js
138004 silly gunzTarPerm extractEntry fn/string/pad-start.js
138005 silly gunzTarPerm extractEntry 2023/min.js
138006 silly gunzTarPerm modified mode [ '2023/min.js', 420, 438 ]
138007 silly gunzTarPerm extractEntry 2024/min.js
138008 silly gunzTarPerm modified mode [ '2024/min.js', 420, 438 ]
138009 silly gunzTarPerm extractEntry fn/string/virtual/pad-start.js
138010 silly gunzTarPerm extractEntry library/fn/string/pad-start.js
138011 silly gunzTarPerm extractEntry 2015/MinFromTime.js
138012 silly gunzTarPerm modified mode [ '2015/MinFromTime.js', 420, 438 ]
138013 silly gunzTarPerm extractEntry 2016/MinFromTime.js
138014 silly gunzTarPerm modified mode [ '2016/MinFromTime.js', 420, 438 ]
138015 silly gunzTarPerm extractEntry 2017/MinFromTime.js
138016 silly gunzTarPerm modified mode [ '2017/MinFromTime.js', 420, 438 ]
138017 silly gunzTarPerm extractEntry 2018/MinFromTime.js
138018 silly gunzTarPerm modified mode [ '2018/MinFromTime.js', 420, 438 ]
138019 silly gunzTarPerm extractEntry library/fn/string/virtual/pad-start.js
138020 silly gunzTarPerm extractEntry es6/parse-float.js
138021 silly gunzTarPerm extractEntry 2019/MinFromTime.js
138022 silly gunzTarPerm modified mode [ '2019/MinFromTime.js', 420, 438 ]
138023 silly gunzTarPerm extractEntry 2020/MinFromTime.js
138024 silly gunzTarPerm modified mode [ '2020/MinFromTime.js', 420, 438 ]
138025 silly gunzTarPerm extractEntry fn/number/parse-float.js
138026 silly gunzTarPerm extractEntry fn/parse-float.js
138027 silly gunzTarPerm extractEntry 2021/MinFromTime.js
138028 silly gunzTarPerm modified mode [ '2021/MinFromTime.js', 420, 438 ]
138029 silly gunzTarPerm extractEntry 2022/MinFromTime.js
138030 silly gunzTarPerm modified mode [ '2022/MinFromTime.js', 420, 438 ]
138031 silly gunzTarPerm extractEntry library/es6/parse-float.js
138032 silly gunzTarPerm extractEntry library/fn/number/parse-float.js
138033 silly gunzTarPerm extractEntry 2023/MinFromTime.js
138034 silly gunzTarPerm modified mode [ '2023/MinFromTime.js', 420, 438 ]
138035 silly gunzTarPerm extractEntry 2024/MinFromTime.js
138036 silly gunzTarPerm modified mode [ '2024/MinFromTime.js', 420, 438 ]
138037 silly gunzTarPerm extractEntry library/fn/parse-float.js
138038 silly gunzTarPerm extractEntry es6/parse-int.js
138039 silly gunzTarPerm extractEntry 5/MinFromTime.js
138040 silly gunzTarPerm modified mode [ '5/MinFromTime.js', 420, 438 ]
138041 silly gunzTarPerm extractEntry helpers/mod.js
138042 silly gunzTarPerm modified mode [ 'helpers/mod.js', 420, 438 ]
138043 silly gunzTarPerm extractEntry fn/number/parse-int.js
138044 silly gunzTarPerm extractEntry fn/parse-int.js
138045 silly gunzTarPerm extractEntry helpers/modBigInt.js
138046 silly gunzTarPerm modified mode [ 'helpers/modBigInt.js', 420, 438 ]
138047 silly gunzTarPerm extractEntry 2015/modulo.js
138048 silly gunzTarPerm modified mode [ '2015/modulo.js', 420, 438 ]
138049 silly gunzTarPerm extractEntry library/es6/parse-int.js
138050 silly gunzTarPerm extractEntry library/fn/number/parse-int.js
138051 silly gunzTarPerm extractEntry library/fn/parse-int.js
138052 silly gunzTarPerm extractEntry fn/function/part.js
138053 silly gunzTarPerm extractEntry 2016/modulo.js
138054 silly gunzTarPerm modified mode [ '2016/modulo.js', 420, 438 ]
138055 silly gunzTarPerm extractEntry 2017/modulo.js
138056 silly gunzTarPerm modified mode [ '2017/modulo.js', 420, 438 ]
138057 silly gunzTarPerm extractEntry fn/function/virtual/part.js
138058 silly gunzTarPerm extractEntry library/fn/function/part.js
138059 silly gunzTarPerm extractEntry 2018/modulo.js
138060 silly gunzTarPerm modified mode [ '2018/modulo.js', 420, 438 ]
138061 silly gunzTarPerm extractEntry 2019/modulo.js
138062 silly gunzTarPerm modified mode [ '2019/modulo.js', 420, 438 ]
138063 silly gunzTarPerm extractEntry library/fn/function/virtual/part.js
138064 silly gunzTarPerm extractEntry fn/array/pop.js
138065 silly gunzTarPerm extractEntry 2020/modulo.js
138066 silly gunzTarPerm modified mode [ '2020/modulo.js', 420, 438 ]
138067 silly gunzTarPerm extractEntry 2021/modulo.js
138068 silly gunzTarPerm modified mode [ '2021/modulo.js', 420, 438 ]
138069 silly gunzTarPerm extractEntry library/fn/array/pop.js
138070 silly gunzTarPerm extractEntry postinstall.js
138071 silly gunzTarPerm extractEntry 2022/modulo.js
138072 silly gunzTarPerm modified mode [ '2022/modulo.js', 420, 438 ]
138073 silly gunzTarPerm extractEntry 2023/modulo.js
138074 silly gunzTarPerm modified mode [ '2023/modulo.js', 420, 438 ]
138075 silly gunzTarPerm extractEntry library/stage/pre.js
138076 silly gunzTarPerm extractEntry stage/pre.js
138077 silly gunzTarPerm extractEntry 2024/modulo.js
138078 silly gunzTarPerm modified mode [ '2024/modulo.js', 420, 438 ]
138079 silly gunzTarPerm extractEntry 5/modulo.js
138080 silly gunzTarPerm modified mode [ '5/modulo.js', 420, 438 ]
138081 silly gunzTarPerm extractEntry fn/object/prevent-extensions.js
138082 silly gunzTarPerm extractEntry fn/reflect/prevent-extensions.js
138083 silly gunzTarPerm extractEntry 2015/MonthFromTime.js
138084 silly gunzTarPerm modified mode [ '2015/MonthFromTime.js', 420, 438 ]
138085 silly gunzTarPerm extractEntry 2016/MonthFromTime.js
138086 silly gunzTarPerm modified mode [ '2016/MonthFromTime.js', 420, 438 ]
138087 silly gunzTarPerm extractEntry library/fn/object/prevent-extensions.js
138088 silly gunzTarPerm extractEntry library/fn/reflect/prevent-extensions.js
138089 silly gunzTarPerm extractEntry 2017/MonthFromTime.js
138090 silly gunzTarPerm modified mode [ '2017/MonthFromTime.js', 420, 438 ]
138091 silly gunzTarPerm extractEntry 2018/MonthFromTime.js
138092 silly gunzTarPerm modified mode [ '2018/MonthFromTime.js', 420, 438 ]
138093 silly gunzTarPerm extractEntry es6/promise.js
138094 silly gunzTarPerm extractEntry es7/promise.js
138095 silly gunzTarPerm extractEntry 2019/MonthFromTime.js
138096 silly gunzTarPerm modified mode [ '2019/MonthFromTime.js', 420, 438 ]
138097 silly gunzTarPerm extractEntry 2020/MonthFromTime.js
138098 silly gunzTarPerm modified mode [ '2020/MonthFromTime.js', 420, 438 ]
138099 silly gunzTarPerm extractEntry fn/promise.js
138100 silly gunzTarPerm extractEntry library/es6/promise.js
138101 silly gunzTarPerm extractEntry 2021/MonthFromTime.js
138102 silly gunzTarPerm modified mode [ '2021/MonthFromTime.js', 420, 438 ]
138103 silly gunzTarPerm extractEntry 2022/MonthFromTime.js
138104 silly gunzTarPerm modified mode [ '2022/MonthFromTime.js', 420, 438 ]
138105 silly gunzTarPerm extractEntry library/es7/promise.js
138106 silly gunzTarPerm extractEntry library/fn/promise.js
138107 silly gunzTarPerm extractEntry 2023/MonthFromTime.js
138108 silly gunzTarPerm modified mode [ '2023/MonthFromTime.js', 420, 438 ]
138109 silly gunzTarPerm extractEntry 2024/MonthFromTime.js
138110 silly gunzTarPerm modified mode [ '2024/MonthFromTime.js', 420, 438 ]
138111 silly gunzTarPerm extractEntry fn/array/push.js
138112 silly gunzTarPerm extractEntry library/fn/array/push.js
138113 silly gunzTarPerm extractEntry 5/MonthFromTime.js
138114 silly gunzTarPerm modified mode [ '5/MonthFromTime.js', 420, 438 ]
138115 silly gunzTarPerm extractEntry 2015/msFromTime.js
138116 silly gunzTarPerm modified mode [ '2015/msFromTime.js', 420, 438 ]
138117 silly gunzTarPerm extractEntry fn/math/rad-per-deg.js
138118 silly gunzTarPerm extractEntry library/fn/math/rad-per-deg.js
138119 silly gunzTarPerm extractEntry 2016/msFromTime.js
138120 silly gunzTarPerm modified mode [ '2016/msFromTime.js', 420, 438 ]
138121 silly gunzTarPerm extractEntry 2017/msFromTime.js
138122 silly gunzTarPerm modified mode [ '2017/msFromTime.js', 420, 438 ]
138123 silly gunzTarPerm extractEntry fn/math/radians.js
138124 silly gunzTarPerm extractEntry library/fn/math/radians.js
138125 silly gunzTarPerm extractEntry fn/string/raw.js
138126 silly gunzTarPerm extractEntry library/fn/string/raw.js
138127 silly gunzTarPerm extractEntry 2018/msFromTime.js
138128 silly gunzTarPerm modified mode [ '2018/msFromTime.js', 420, 438 ]
138129 silly gunzTarPerm extractEntry 2019/msFromTime.js
138130 silly gunzTarPerm modified mode [ '2019/msFromTime.js', 420, 438 ]
138131 silly gunzTarPerm extractEntry fn/array/reduce-right.js
138132 silly gunzTarPerm extractEntry fn/array/virtual/reduce-right.js
138133 silly gunzTarPerm extractEntry 2020/msFromTime.js
138134 silly gunzTarPerm modified mode [ '2020/msFromTime.js', 420, 438 ]
138135 silly gunzTarPerm extractEntry 2021/msFromTime.js
138136 silly gunzTarPerm modified mode [ '2021/msFromTime.js', 420, 438 ]
138137 silly gunzTarPerm extractEntry library/fn/array/reduce-right.js
138138 silly gunzTarPerm extractEntry library/fn/array/virtual/reduce-right.js
138139 silly gunzTarPerm extractEntry 2022/msFromTime.js
138140 silly gunzTarPerm modified mode [ '2022/msFromTime.js', 420, 438 ]
138141 silly gunzTarPerm extractEntry 2023/msFromTime.js
138142 silly gunzTarPerm modified mode [ '2023/msFromTime.js', 420, 438 ]
138143 silly gunzTarPerm extractEntry fn/array/reduce.js
138144 silly gunzTarPerm extractEntry fn/array/virtual/reduce.js
138145 silly gunzTarPerm extractEntry 2024/msFromTime.js
138146 silly gunzTarPerm modified mode [ '2024/msFromTime.js', 420, 438 ]
138147 silly gunzTarPerm extractEntry 5/msFromTime.js
138148 silly gunzTarPerm modified mode [ '5/msFromTime.js', 420, 438 ]
138149 silly gunzTarPerm extractEntry 2020/BigInt/multiply.js
138150 silly gunzTarPerm modified mode [ '2020/BigInt/multiply.js', 420, 438 ]
138151 silly gunzTarPerm extractEntry 2020/Number/multiply.js
138152 silly gunzTarPerm modified mode [ '2020/Number/multiply.js', 420, 438 ]
138153 silly gunzTarPerm extractEntry library/fn/array/reduce.js
138154 silly gunzTarPerm extractEntry library/fn/array/virtual/reduce.js
138155 silly gunzTarPerm extractEntry es6/reflect.js
138156 silly gunzTarPerm extractEntry es7/reflect.js
138157 silly gunzTarPerm extractEntry 2021/BigInt/multiply.js
138158 silly gunzTarPerm modified mode [ '2021/BigInt/multiply.js', 420, 438 ]
138159 silly gunzTarPerm extractEntry library/es6/reflect.js
138160 silly gunzTarPerm extractEntry library/es7/reflect.js
138161 silly gunzTarPerm extractEntry 2021/Number/multiply.js
138162 silly gunzTarPerm modified mode [ '2021/Number/multiply.js', 420, 438 ]
138163 silly gunzTarPerm extractEntry 2022/BigInt/multiply.js
138164 silly gunzTarPerm modified mode [ '2022/BigInt/multiply.js', 420, 438 ]
138165 silly gunzTarPerm extractEntry core/regexp.js
138166 silly gunzTarPerm extractEntry es6/regexp.js
138167 silly gunzTarPerm extractEntry 2022/Number/multiply.js
138168 silly gunzTarPerm modified mode [ '2022/Number/multiply.js', 420, 438 ]
138169 silly gunzTarPerm extractEntry 2023/BigInt/multiply.js
138170 silly gunzTarPerm modified mode [ '2023/BigInt/multiply.js', 420, 438 ]
138171 silly gunzTarPerm extractEntry library/core/regexp.js
138172 silly gunzTarPerm extractEntry library/es6/regexp.js
138173 silly gunzTarPerm extractEntry 2023/Number/multiply.js
138174 silly gunzTarPerm modified mode [ '2023/Number/multiply.js', 420, 438 ]
138175 silly gunzTarPerm extractEntry 2024/BigInt/multiply.js
138176 silly gunzTarPerm modified mode [ '2024/BigInt/multiply.js', 420, 438 ]
138177 silly gunzTarPerm extractEntry fn/string/repeat.js
138178 silly gunzTarPerm extractEntry fn/string/virtual/repeat.js
138179 silly gunzTarPerm extractEntry 2024/Number/multiply.js
138180 silly gunzTarPerm modified mode [ '2024/Number/multiply.js', 420, 438 ]
138181 silly gunzTarPerm extractEntry 2015/NewPromiseCapability.js
138182 silly gunzTarPerm modified mode [ '2015/NewPromiseCapability.js', 420, 438 ]
138183 silly gunzTarPerm extractEntry library/fn/string/repeat.js
138184 silly gunzTarPerm extractEntry library/fn/string/virtual/repeat.js
138185 silly gunzTarPerm extractEntry 2016/NewPromiseCapability.js
138186 silly gunzTarPerm modified mode [ '2016/NewPromiseCapability.js', 420, 438 ]
138187 silly gunzTarPerm extractEntry 2017/NewPromiseCapability.js
138188 silly gunzTarPerm modified mode [ '2017/NewPromiseCapability.js', 420, 438 ]
138189 silly gentlyRm C:\Users\Dell\Documents\INV\inventory\node_modules\.staging\moment-176f6a0c\node_modules is being purged
138190 verbose gentlyRm don't care about contents; nuking C:\Users\Dell\Documents\INV\inventory\node_modules\.staging\moment-176f6a0c\node_modules
138191 silly gunzTarPerm extractEntry fn/regexp/replace.js
138192 silly gunzTarPerm extractEntry fn/symbol/replace.js
138193 silly gunzTarPerm extractEntry 2018/NewPromiseCapability.js
138194 silly gunzTarPerm modified mode [ '2018/NewPromiseCapability.js', 420, 438 ]
138195 silly gunzTarPerm extractEntry 2019/NewPromiseCapability.js
138196 silly gunzTarPerm modified mode [ '2019/NewPromiseCapability.js', 420, 438 ]
138197 silly gunzTarPerm extractEntry library/fn/regexp/replace.js
138198 silly gunzTarPerm extractEntry library/fn/symbol/replace.js
138199 silly gunzTarPerm extractEntry 2020/NewPromiseCapability.js
138200 silly gunzTarPerm modified mode [ '2020/NewPromiseCapability.js', 420, 438 ]
138201 silly gunzTarPerm extractEntry 2021/NewPromiseCapability.js
138202 silly gunzTarPerm modified mode [ '2021/NewPromiseCapability.js', 420, 438 ]
138203 silly gunzTarPerm extractEntry fn/array/reverse.js
138204 silly gunzTarPerm extractEntry library/fn/array/reverse.js
138205 silly gunzTarPerm extractEntry 2022/NewPromiseCapability.js
138206 silly gunzTarPerm modified mode [ '2022/NewPromiseCapability.js', 420, 438 ]
138207 silly gunzTarPerm extractEntry 2023/NewPromiseCapability.js
138208 silly gunzTarPerm modified mode [ '2023/NewPromiseCapability.js', 420, 438 ]
138209 silly gunzTarPerm extractEntry 2024/NewPromiseCapability.js
138210 silly gunzTarPerm modified mode [ '2024/NewPromiseCapability.js', 420, 438 ]
138211 silly gunzTarPerm extractEntry 2015/NormalCompletion.js
138212 silly gunzTarPerm modified mode [ '2015/NormalCompletion.js', 420, 438 ]
138213 silly gunzTarPerm extractEntry fn/math/scale.js
138214 silly gunzTarPerm extractEntry library/fn/math/scale.js
138215 silly gunzTarPerm extractEntry fn/object/seal.js
138216 silly gunzTarPerm extractEntry library/fn/object/seal.js
138217 silly gunzTarPerm extractEntry 2016/NormalCompletion.js
138218 silly gunzTarPerm modified mode [ '2016/NormalCompletion.js', 420, 438 ]
138219 silly gunzTarPerm extractEntry 2017/NormalCompletion.js
138220 silly gunzTarPerm modified mode [ '2017/NormalCompletion.js', 420, 438 ]
138221 silly gunzTarPerm extractEntry fn/regexp/search.js
138222 silly gunzTarPerm extractEntry fn/symbol/search.js
138223 silly gunzTarPerm extractEntry 2018/NormalCompletion.js
138224 silly gunzTarPerm modified mode [ '2018/NormalCompletion.js', 420, 438 ]
138225 silly gunzTarPerm extractEntry 2019/NormalCompletion.js
138226 silly gunzTarPerm modified mode [ '2019/NormalCompletion.js', 420, 438 ]
138227 silly gunzTarPerm extractEntry library/fn/regexp/search.js
138228 silly gunzTarPerm extractEntry library/fn/symbol/search.js
138229 silly gunzTarPerm extractEntry 2020/NormalCompletion.js
138230 silly gunzTarPerm modified mode [ '2020/NormalCompletion.js', 420, 438 ]
138231 silly gunzTarPerm extractEntry 2021/NormalCompletion.js
138232 silly gunzTarPerm modified mode [ '2021/NormalCompletion.js', 420, 438 ]
138233 silly gunzTarPerm extractEntry fn/set-immediate.js
138234 silly gunzTarPerm extractEntry library/fn/set-immediate.js
138235 silly gunzTarPerm extractEntry fn/set-interval.js
138236 silly gunzTarPerm extractEntry library/fn/set-interval.js
138237 silly gunzTarPerm extractEntry 2022/NormalCompletion.js
138238 silly gunzTarPerm modified mode [ '2022/NormalCompletion.js', 420, 438 ]
138239 silly gunzTarPerm extractEntry 2023/NormalCompletion.js
138240 silly gunzTarPerm modified mode [ '2023/NormalCompletion.js', 420, 438 ]
138241 silly gunzTarPerm extractEntry fn/object/set-prototype-of.js
138242 silly gunzTarPerm extractEntry fn/reflect/set-prototype-of.js
138243 silly gunzTarPerm extractEntry 2024/NormalCompletion.js
138244 silly gunzTarPerm modified mode [ '2024/NormalCompletion.js', 420, 438 ]
138245 silly gunzTarPerm extractEntry 2020/NumberBitwiseOp.js
138246 silly gunzTarPerm modified mode [ '2020/NumberBitwiseOp.js', 420, 438 ]
138247 silly gunzTarPerm extractEntry library/fn/object/set-prototype-of.js
138248 silly gunzTarPerm extractEntry library/fn/reflect/set-prototype-of.js
138249 silly gunzTarPerm extractEntry 2021/NumberBitwiseOp.js
138250 silly gunzTarPerm modified mode [ '2021/NumberBitwiseOp.js', 420, 438 ]
138251 silly gunzTarPerm extractEntry 2022/NumberBitwiseOp.js
138252 silly gunzTarPerm modified mode [ '2022/NumberBitwiseOp.js', 420, 438 ]
138253 silly gunzTarPerm extractEntry fn/set-timeout.js
138254 silly gunzTarPerm extractEntry library/fn/set-timeout.js
138255 silly gunzTarPerm extractEntry 2023/NumberBitwiseOp.js
138256 silly gunzTarPerm modified mode [ '2023/NumberBitwiseOp.js', 420, 438 ]
138257 silly gunzTarPerm extractEntry 2024/NumberBitwiseOp.js
138258 silly gunzTarPerm modified mode [ '2024/NumberBitwiseOp.js', 420, 438 ]
138259 silly gunzTarPerm extractEntry es6/set.js
138260 silly gunzTarPerm extractEntry es7/set.js
138261 silly gunzTarPerm extractEntry 2020/NumberToBigInt.js
138262 silly gunzTarPerm modified mode [ '2020/NumberToBigInt.js', 420, 438 ]
138263 silly gunzTarPerm extractEntry 2021/NumberToBigInt.js
138264 silly gunzTarPerm modified mode [ '2021/NumberToBigInt.js', 420, 438 ]
138265 silly gunzTarPerm extractEntry fn/reflect/set.js
138266 silly gunzTarPerm extractEntry fn/set.js
138267 silly gunzTarPerm extractEntry 2022/NumberToBigInt.js
138268 silly gunzTarPerm modified mode [ '2022/NumberToBigInt.js', 420, 438 ]
138269 silly gunzTarPerm extractEntry 2023/NumberToBigInt.js
138270 silly gunzTarPerm modified mode [ '2023/NumberToBigInt.js', 420, 438 ]
138271 silly gunzTarPerm extractEntry library/es6/set.js
138272 silly gunzTarPerm extractEntry library/es7/set.js
138273 silly gunzTarPerm extractEntry 2024/NumberToBigInt.js
138274 silly gunzTarPerm modified mode [ '2024/NumberToBigInt.js', 420, 438 ]
138275 silly gunzTarPerm extractEntry 2017/NumberToRawBytes.js
138276 silly gunzTarPerm modified mode [ '2017/NumberToRawBytes.js', 420, 438 ]
138277 silly gunzTarPerm extractEntry library/fn/reflect/set.js
138278 silly gunzTarPerm extractEntry library/fn/set.js
138279 silly gunzTarPerm extractEntry 2018/NumberToRawBytes.js
138280 silly gunzTarPerm modified mode [ '2018/NumberToRawBytes.js', 420, 438 ]
138281 silly gunzTarPerm extractEntry 2019/NumberToRawBytes.js
138282 silly gunzTarPerm modified mode [ '2019/NumberToRawBytes.js', 420, 438 ]
138283 silly gunzTarPerm extractEntry fn/array/shift.js
138284 silly gunzTarPerm extractEntry library/fn/array/shift.js
138285 silly gunzTarPerm extractEntry 2018/NumberToString.js
138286 silly gunzTarPerm modified mode [ '2018/NumberToString.js', 420, 438 ]
138287 silly gunzTarPerm extractEntry 2019/NumberToString.js
138288 silly gunzTarPerm modified mode [ '2019/NumberToString.js', 420, 438 ]
138289 silly gunzTarPerm extractEntry client/shim.js
138290 silly gunzTarPerm extractEntry library/shim.js
138291 silly gunzTarPerm extractEntry shim.js
138292 silly gunzTarPerm extractEntry client/shim.min.js
138293 silly gunzTarPerm extractEntry 2020/NumericToRawBytes.js
138294 silly gunzTarPerm modified mode [ '2020/NumericToRawBytes.js', 420, 438 ]
138295 silly gunzTarPerm extractEntry 2021/NumericToRawBytes.js
138296 silly gunzTarPerm modified mode [ '2021/NumericToRawBytes.js', 420, 438 ]
138297 silly gunzTarPerm extractEntry fn/math/sign.js
138298 silly gunzTarPerm extractEntry library/fn/math/sign.js
138299 silly gunzTarPerm extractEntry 2022/NumericToRawBytes.js
138300 silly gunzTarPerm modified mode [ '2022/NumericToRawBytes.js', 420, 438 ]
138301 silly gunzTarPerm extractEntry 2023/NumericToRawBytes.js
138302 silly gunzTarPerm modified mode [ '2023/NumericToRawBytes.js', 420, 438 ]
138303 silly gunzTarPerm extractEntry fn/math/signbit.js
138304 silly gunzTarPerm extractEntry library/fn/math/signbit.js
138305 silly gunzTarPerm extractEntry 2024/NumericToRawBytes.js
138306 silly gunzTarPerm modified mode [ '2024/NumericToRawBytes.js', 420, 438 ]
138307 silly gunzTarPerm extractEntry 2015/ObjectCreate.js
138308 silly gunzTarPerm modified mode [ '2015/ObjectCreate.js', 420, 438 ]
138309 silly gunzTarPerm extractEntry fn/math/sinh.js
138310 silly gunzTarPerm extractEntry library/fn/math/sinh.js
138311 silly gunzTarPerm extractEntry 2016/ObjectCreate.js
138312 silly gunzTarPerm modified mode [ '2016/ObjectCreate.js', 420, 438 ]
138313 silly gunzTarPerm extractEntry 2017/ObjectCreate.js
138314 silly gunzTarPerm modified mode [ '2017/ObjectCreate.js', 420, 438 ]
138315 silly gunzTarPerm extractEntry fn/array/slice.js
138316 silly gunzTarPerm extractEntry fn/array/virtual/slice.js
138317 silly gunzTarPerm extractEntry 2018/ObjectCreate.js
138318 silly gunzTarPerm modified mode [ '2018/ObjectCreate.js', 420, 438 ]
138319 silly gunzTarPerm extractEntry 2019/ObjectCreate.js
138320 silly gunzTarPerm modified mode [ '2019/ObjectCreate.js', 420, 438 ]
138321 silly gunzTarPerm extractEntry library/fn/array/slice.js
138322 silly gunzTarPerm extractEntry library/fn/array/virtual/slice.js
138323 silly gunzTarPerm extractEntry 2015/ObjectDefineProperties.js
138324 silly gunzTarPerm modified mode [ '2015/ObjectDefineProperties.js', 420, 438 ]
138325 silly gunzTarPerm extractEntry 2016/ObjectDefineProperties.js
138326 silly gunzTarPerm modified mode [ '2016/ObjectDefineProperties.js', 420, 438 ]
138327 silly gunzTarPerm extractEntry fn/string/small.js
138328 silly gunzTarPerm extractEntry fn/string/virtual/small.js
138329 silly gunzTarPerm extractEntry 2017/ObjectDefineProperties.js
138330 silly gunzTarPerm modified mode [ '2017/ObjectDefineProperties.js', 420, 438 ]
138331 silly gunzTarPerm extractEntry 2018/ObjectDefineProperties.js
138332 silly gunzTarPerm modified mode [ '2018/ObjectDefineProperties.js', 420, 438 ]
138333 silly gunzTarPerm extractEntry library/fn/string/small.js
138334 silly gunzTarPerm extractEntry library/fn/string/virtual/small.js
138335 silly gunzTarPerm extractEntry 2019/ObjectDefineProperties.js
138336 silly gunzTarPerm modified mode [ '2019/ObjectDefineProperties.js', 420, 438 ]
138337 silly gunzTarPerm extractEntry 2020/ObjectDefineProperties.js
138338 silly gunzTarPerm modified mode [ '2020/ObjectDefineProperties.js', 420, 438 ]
138339 silly gunzTarPerm extractEntry fn/array/some.js
138340 silly gunzTarPerm extractEntry fn/array/virtual/some.js
138341 silly gunzTarPerm extractEntry library/fn/array/some.js
138342 silly gunzTarPerm extractEntry library/fn/array/virtual/some.js
138343 silly gunzTarPerm extractEntry 2021/ObjectDefineProperties.js
138344 silly gunzTarPerm modified mode [ '2021/ObjectDefineProperties.js', 420, 438 ]
138345 silly gunzTarPerm extractEntry 2022/ObjectDefineProperties.js
138346 silly gunzTarPerm modified mode [ '2022/ObjectDefineProperties.js', 420, 438 ]
138347 silly gunzTarPerm extractEntry fn/array/sort.js
138348 silly gunzTarPerm extractEntry fn/array/virtual/sort.js
138349 silly gunzTarPerm extractEntry 2023/ObjectDefineProperties.js
138350 silly gunzTarPerm modified mode [ '2023/ObjectDefineProperties.js', 420, 438 ]
138351 silly gunzTarPerm extractEntry 2024/ObjectDefineProperties.js
138352 silly gunzTarPerm modified mode [ '2024/ObjectDefineProperties.js', 420, 438 ]
138353 silly gunzTarPerm extractEntry library/fn/array/sort.js
138354 silly gunzTarPerm extractEntry library/fn/array/virtual/sort.js
138355 silly gunzTarPerm extractEntry 2015/OrdinaryCreateFromConstructor.js
138356 silly gunzTarPerm modified mode [ '2015/OrdinaryCreateFromConstructor.js', 420, 438 ]
138357 silly gunzTarPerm extractEntry 2016/OrdinaryCreateFromConstructor.js
138358 silly gunzTarPerm modified mode [ '2016/OrdinaryCreateFromConstructor.js', 420, 438 ]
138359 silly gunzTarPerm extractEntry fn/symbol/species.js
138360 silly gunzTarPerm extractEntry library/fn/symbol/species.js
138361 silly gunzTarPerm extractEntry 2017/OrdinaryCreateFromConstructor.js
138362 silly gunzTarPerm modified mode [ '2017/OrdinaryCreateFromConstructor.js', 420, 438 ]
138363 silly gunzTarPerm extractEntry 2018/OrdinaryCreateFromConstructor.js
138364 silly gunzTarPerm modified mode [ '2018/OrdinaryCreateFromConstructor.js', 420, 438 ]
138365 silly gunzTarPerm extractEntry fn/array/splice.js
138366 silly gunzTarPerm extractEntry library/fn/array/splice.js
138367 silly gunzTarPerm extractEntry 2019/OrdinaryCreateFromConstructor.js
138368 silly gunzTarPerm modified mode [ '2019/OrdinaryCreateFromConstructor.js', 420, 438 ]
138369 silly gunzTarPerm extractEntry 2020/OrdinaryCreateFromConstructor.js
138370 silly gunzTarPerm modified mode [ '2020/OrdinaryCreateFromConstructor.js', 420, 438 ]
138371 silly gunzTarPerm extractEntry fn/regexp/split.js
138372 silly gunzTarPerm extractEntry fn/symbol/split.js
138373 silly gunzTarPerm extractEntry 2021/OrdinaryCreateFromConstructor.js
138374 silly gunzTarPerm modified mode [ '2021/OrdinaryCreateFromConstructor.js', 420, 438 ]
138375 silly gunzTarPerm extractEntry 2022/OrdinaryCreateFromConstructor.js
138376 silly gunzTarPerm modified mode [ '2022/OrdinaryCreateFromConstructor.js', 420, 438 ]
138377 silly gunzTarPerm extractEntry library/fn/regexp/split.js
138378 silly gunzTarPerm extractEntry library/fn/symbol/split.js
138379 silly gunzTarPerm extractEntry fn/string/starts-with.js
138380 silly gunzTarPerm extractEntry fn/string/virtual/starts-with.js
138381 silly gunzTarPerm extractEntry 2023/OrdinaryCreateFromConstructor.js
138382 silly gunzTarPerm modified mode [ '2023/OrdinaryCreateFromConstructor.js', 420, 438 ]
138383 silly gunzTarPerm extractEntry 2024/OrdinaryCreateFromConstructor.js
138384 silly gunzTarPerm modified mode [ '2024/OrdinaryCreateFromConstructor.js', 420, 438 ]
138385 silly gunzTarPerm extractEntry library/fn/string/starts-with.js
138386 silly gunzTarPerm extractEntry library/fn/string/virtual/starts-with.js
138387 silly gunzTarPerm extractEntry 2015/OrdinaryDefineOwnProperty.js
138388 silly gunzTarPerm modified mode [ '2015/OrdinaryDefineOwnProperty.js', 420, 438 ]
138389 silly gunzTarPerm extractEntry 2016/OrdinaryDefineOwnProperty.js
138390 silly gunzTarPerm modified mode [ '2016/OrdinaryDefineOwnProperty.js', 420, 438 ]
138391 silly gunzTarPerm extractEntry fn/string/strike.js
138392 silly gunzTarPerm extractEntry fn/string/virtual/strike.js
138393 silly gunzTarPerm extractEntry 2017/OrdinaryDefineOwnProperty.js
138394 silly gunzTarPerm modified mode [ '2017/OrdinaryDefineOwnProperty.js', 420, 438 ]
138395 silly gunzTarPerm extractEntry 2018/OrdinaryDefineOwnProperty.js
138396 silly gunzTarPerm modified mode [ '2018/OrdinaryDefineOwnProperty.js', 420, 438 ]
138397 silly gunzTarPerm extractEntry library/fn/string/strike.js
138398 silly gunzTarPerm extractEntry library/fn/string/virtual/strike.js
138399 silly gunzTarPerm extractEntry 2019/OrdinaryDefineOwnProperty.js
138400 silly gunzTarPerm modified mode [ '2019/OrdinaryDefineOwnProperty.js', 420, 438 ]
138401 silly gunzTarPerm extractEntry 2020/OrdinaryDefineOwnProperty.js
138402 silly gunzTarPerm modified mode [ '2020/OrdinaryDefineOwnProperty.js', 420, 438 ]
138403 silly gunzTarPerm extractEntry core/string.js
138404 silly gunzTarPerm extractEntry es6/string.js
138405 silly gunzTarPerm extractEntry es7/string.js
138406 silly gunzTarPerm extractEntry library/core/string.js
138407 silly gunzTarPerm extractEntry 2021/OrdinaryDefineOwnProperty.js
138408 silly gunzTarPerm modified mode [ '2021/OrdinaryDefineOwnProperty.js', 420, 438 ]
138409 silly gunzTarPerm extractEntry 2022/OrdinaryDefineOwnProperty.js
138410 silly gunzTarPerm modified mode [ '2022/OrdinaryDefineOwnProperty.js', 420, 438 ]
138411 silly gunzTarPerm extractEntry library/es6/string.js
138412 silly gunzTarPerm extractEntry library/es7/string.js
138413 silly gunzTarPerm extractEntry 2023/OrdinaryDefineOwnProperty.js
138414 silly gunzTarPerm modified mode [ '2023/OrdinaryDefineOwnProperty.js', 420, 438 ]
138415 silly gunzTarPerm extractEntry 2024/OrdinaryDefineOwnProperty.js
138416 silly gunzTarPerm modified mode [ '2024/OrdinaryDefineOwnProperty.js', 420, 438 ]
138417 silly gunzTarPerm extractEntry fn/json/stringify.js
138418 silly gunzTarPerm extractEntry library/fn/json/stringify.js
138419 silly gunzTarPerm extractEntry 2015/OrdinaryGetOwnProperty.js
138420 silly gunzTarPerm modified mode [ '2015/OrdinaryGetOwnProperty.js', 420, 438 ]
138421 silly gunzTarPerm extractEntry 2016/OrdinaryGetOwnProperty.js
138422 silly gunzTarPerm modified mode [ '2016/OrdinaryGetOwnProperty.js', 420, 438 ]
138423 silly gunzTarPerm extractEntry fn/string/sub.js
138424 silly gunzTarPerm extractEntry fn/string/virtual/sub.js
138425 silly gunzTarPerm extractEntry 2017/OrdinaryGetOwnProperty.js
138426 silly gunzTarPerm modified mode [ '2017/OrdinaryGetOwnProperty.js', 420, 438 ]
138427 silly gunzTarPerm extractEntry 2018/OrdinaryGetOwnProperty.js
138428 silly gunzTarPerm modified mode [ '2018/OrdinaryGetOwnProperty.js', 420, 438 ]
138429 silly gunzTarPerm extractEntry library/fn/string/sub.js
138430 silly gunzTarPerm extractEntry library/fn/string/virtual/sub.js
138431 silly gunzTarPerm extractEntry 2019/OrdinaryGetOwnProperty.js
138432 silly gunzTarPerm modified mode [ '2019/OrdinaryGetOwnProperty.js', 420, 438 ]
138433 silly gunzTarPerm extractEntry 2020/OrdinaryGetOwnProperty.js
138434 silly gunzTarPerm modified mode [ '2020/OrdinaryGetOwnProperty.js', 420, 438 ]
138435 silly gunzTarPerm extractEntry fn/string/sup.js
138436 silly gunzTarPerm extractEntry fn/string/virtual/sup.js
138437 silly gunzTarPerm extractEntry 2021/OrdinaryGetOwnProperty.js
138438 silly gunzTarPerm modified mode [ '2021/OrdinaryGetOwnProperty.js', 420, 438 ]
138439 silly gunzTarPerm extractEntry 2022/OrdinaryGetOwnProperty.js
138440 silly gunzTarPerm modified mode [ '2022/OrdinaryGetOwnProperty.js', 420, 438 ]
138441 silly gunzTarPerm extractEntry library/fn/string/sup.js
138442 silly gunzTarPerm extractEntry library/fn/string/virtual/sup.js
138443 silly gunzTarPerm extractEntry es6/symbol.js
138444 silly gunzTarPerm extractEntry es7/symbol.js
138445 silly gunzTarPerm extractEntry 2023/OrdinaryGetOwnProperty.js
138446 silly gunzTarPerm modified mode [ '2023/OrdinaryGetOwnProperty.js', 420, 438 ]
138447 silly gunzTarPerm extractEntry 2024/OrdinaryGetOwnProperty.js
138448 silly gunzTarPerm modified mode [ '2024/OrdinaryGetOwnProperty.js', 420, 438 ]
138449 silly gunzTarPerm extractEntry library/es6/symbol.js
138450 silly gunzTarPerm extractEntry library/es7/symbol.js
138451 silly gunzTarPerm extractEntry 2016/OrdinaryGetPrototypeOf.js
138452 silly gunzTarPerm modified mode [ '2016/OrdinaryGetPrototypeOf.js', 420, 438 ]
138453 silly gunzTarPerm extractEntry 2017/OrdinaryGetPrototypeOf.js
138454 silly gunzTarPerm modified mode [ '2017/OrdinaryGetPrototypeOf.js', 420, 438 ]
138455 silly gunzTarPerm extractEntry es7/system.js
138456 silly gunzTarPerm extractEntry library/es7/system.js
138457 silly gunzTarPerm extractEntry 2018/OrdinaryGetPrototypeOf.js
138458 silly gunzTarPerm modified mode [ '2018/OrdinaryGetPrototypeOf.js', 420, 438 ]
138459 silly gunzTarPerm extractEntry 2019/OrdinaryGetPrototypeOf.js
138460 silly gunzTarPerm modified mode [ '2019/OrdinaryGetPrototypeOf.js', 420, 438 ]
138461 silly gunzTarPerm extractEntry fn/math/tanh.js
138462 silly gunzTarPerm extractEntry library/fn/math/tanh.js
138463 silly gunzTarPerm extractEntry 2020/OrdinaryGetPrototypeOf.js
138464 silly gunzTarPerm modified mode [ '2020/OrdinaryGetPrototypeOf.js', 420, 438 ]
138465 silly gunzTarPerm extractEntry 2021/OrdinaryGetPrototypeOf.js
138466 silly gunzTarPerm modified mode [ '2021/OrdinaryGetPrototypeOf.js', 420, 438 ]
138467 silly gunzTarPerm extractEntry library/web/timers.js
138468 silly gunzTarPerm extractEntry web/timers.js
138469 silly gunzTarPerm extractEntry 2022/OrdinaryGetPrototypeOf.js
138470 silly gunzTarPerm modified mode [ '2022/OrdinaryGetPrototypeOf.js', 420, 438 ]
138471 silly gunzTarPerm extractEntry 2023/OrdinaryGetPrototypeOf.js
138472 silly gunzTarPerm modified mode [ '2023/OrdinaryGetPrototypeOf.js', 420, 438 ]
138473 silly gunzTarPerm extractEntry fn/number/to-fixed.js
138474 silly gunzTarPerm extractEntry fn/number/virtual/to-fixed.js
138475 silly gunzTarPerm extractEntry 2024/OrdinaryGetPrototypeOf.js
138476 silly gunzTarPerm modified mode [ '2024/OrdinaryGetPrototypeOf.js', 420, 438 ]
138477 silly gunzTarPerm extractEntry 2015/OrdinaryHasInstance.js
138478 silly gunzTarPerm modified mode [ '2015/OrdinaryHasInstance.js', 420, 438 ]
138479 silly gunzTarPerm extractEntry library/fn/number/to-fixed.js
138480 silly gunzTarPerm extractEntry library/fn/number/virtual/to-fixed.js
138481 silly gunzTarPerm extractEntry 2016/OrdinaryHasInstance.js
138482 silly gunzTarPerm modified mode [ '2016/OrdinaryHasInstance.js', 420, 438 ]
138483 silly gunzTarPerm extractEntry 2017/OrdinaryHasInstance.js
138484 silly gunzTarPerm modified mode [ '2017/OrdinaryHasInstance.js', 420, 438 ]
138485 silly gunzTarPerm extractEntry fn/date/to-iso-string.js
138486 silly gunzTarPerm extractEntry library/fn/date/to-iso-string.js
138487 silly gunzTarPerm extractEntry 2018/OrdinaryHasInstance.js
138488 silly gunzTarPerm modified mode [ '2018/OrdinaryHasInstance.js', 420, 438 ]
138489 silly gunzTarPerm extractEntry 2019/OrdinaryHasInstance.js
138490 silly gunzTarPerm modified mode [ '2019/OrdinaryHasInstance.js', 420, 438 ]
138491 silly gunzTarPerm extractEntry fn/date/to-json.js
138492 silly gunzTarPerm extractEntry library/fn/date/to-json.js
138493 silly gunzTarPerm extractEntry 2020/OrdinaryHasInstance.js
138494 silly gunzTarPerm modified mode [ '2020/OrdinaryHasInstance.js', 420, 438 ]
138495 silly gunzTarPerm extractEntry 2021/OrdinaryHasInstance.js
138496 silly gunzTarPerm modified mode [ '2021/OrdinaryHasInstance.js', 420, 438 ]
138497 silly gunzTarPerm extractEntry fn/number/to-precision.js
138498 silly gunzTarPerm extractEntry fn/number/virtual/to-precision.js
138499 silly gunzTarPerm extractEntry 2022/OrdinaryHasInstance.js
138500 silly gunzTarPerm modified mode [ '2022/OrdinaryHasInstance.js', 420, 438 ]
138501 silly gunzTarPerm extractEntry 2023/OrdinaryHasInstance.js
138502 silly gunzTarPerm modified mode [ '2023/OrdinaryHasInstance.js', 420, 438 ]
138503 silly gunzTarPerm extractEntry library/fn/number/to-precision.js
138504 silly gunzTarPerm extractEntry library/fn/number/virtual/to-precision.js
138505 silly gunzTarPerm extractEntry 2024/OrdinaryHasInstance.js
138506 silly gunzTarPerm modified mode [ '2024/OrdinaryHasInstance.js', 420, 438 ]
138507 silly gunzTarPerm extractEntry 2015/OrdinaryHasProperty.js
138508 silly gunzTarPerm modified mode [ '2015/OrdinaryHasProperty.js', 420, 438 ]
138509 silly gunzTarPerm extractEntry fn/date/to-primitive.js
138510 silly gunzTarPerm extractEntry fn/symbol/to-primitive.js
138511 silly gunzTarPerm extractEntry 2016/OrdinaryHasProperty.js
138512 silly gunzTarPerm modified mode [ '2016/OrdinaryHasProperty.js', 420, 438 ]
138513 silly gunzTarPerm extractEntry 2017/OrdinaryHasProperty.js
138514 silly gunzTarPerm modified mode [ '2017/OrdinaryHasProperty.js', 420, 438 ]
138515 silly gunzTarPerm extractEntry library/fn/date/to-primitive.js
138516 silly gunzTarPerm extractEntry library/fn/symbol/to-primitive.js
138517 silly gunzTarPerm extractEntry 2018/OrdinaryHasProperty.js
138518 silly gunzTarPerm modified mode [ '2018/OrdinaryHasProperty.js', 420, 438 ]
138519 silly gunzTarPerm extractEntry 2019/OrdinaryHasProperty.js
138520 silly gunzTarPerm modified mode [ '2019/OrdinaryHasProperty.js', 420, 438 ]
138521 silly gunzTarPerm extractEntry fn/symbol/to-string-tag.js
138522 silly gunzTarPerm extractEntry library/fn/symbol/to-string-tag.js
138523 silly gunzTarPerm extractEntry 2020/OrdinaryHasProperty.js
138524 silly gunzTarPerm modified mode [ '2020/OrdinaryHasProperty.js', 420, 438 ]
138525 silly gunzTarPerm extractEntry 2021/OrdinaryHasProperty.js
138526 silly gunzTarPerm modified mode [ '2021/OrdinaryHasProperty.js', 420, 438 ]
138527 silly gunzTarPerm extractEntry fn/date/to-string.js
138528 silly gunzTarPerm extractEntry fn/regexp/to-string.js
138529 silly gunzTarPerm extractEntry 2022/OrdinaryHasProperty.js
138530 silly gunzTarPerm modified mode [ '2022/OrdinaryHasProperty.js', 420, 438 ]
138531 silly gunzTarPerm extractEntry 2023/OrdinaryHasProperty.js
138532 silly gunzTarPerm modified mode [ '2023/OrdinaryHasProperty.js', 420, 438 ]
138533 silly gunzTarPerm extractEntry library/fn/date/to-string.js
138534 silly gunzTarPerm extractEntry library/fn/regexp/to-string.js
138535 silly gunzTarPerm extractEntry fn/string/trim-end.js
138536 silly gunzTarPerm extractEntry fn/string/virtual/trim-end.js
138537 silly gunzTarPerm extractEntry 2024/OrdinaryHasProperty.js
138538 silly gunzTarPerm modified mode [ '2024/OrdinaryHasProperty.js', 420, 438 ]
138539 silly gunzTarPerm extractEntry 2020/OrdinaryObjectCreate.js
138540 silly gunzTarPerm modified mode [ '2020/OrdinaryObjectCreate.js', 420, 438 ]
138541 silly gunzTarPerm extractEntry 2021/OrdinaryObjectCreate.js
138542 silly gunzTarPerm modified mode [ '2021/OrdinaryObjectCreate.js', 420, 438 ]
138543 silly gunzTarPerm extractEntry 2022/OrdinaryObjectCreate.js
138544 silly gunzTarPerm modified mode [ '2022/OrdinaryObjectCreate.js', 420, 438 ]
138545 silly gunzTarPerm extractEntry library/fn/string/trim-end.js
138546 silly gunzTarPerm extractEntry library/fn/string/virtual/trim-end.js
138547 silly gunzTarPerm extractEntry 2023/OrdinaryObjectCreate.js
138548 silly gunzTarPerm modified mode [ '2023/OrdinaryObjectCreate.js', 420, 438 ]
138549 silly gunzTarPerm extractEntry 2024/OrdinaryObjectCreate.js
138550 silly gunzTarPerm modified mode [ '2024/OrdinaryObjectCreate.js', 420, 438 ]
138551 silly gunzTarPerm extractEntry fn/string/trim-left.js
138552 silly gunzTarPerm extractEntry fn/string/virtual/trim-left.js
138553 silly gunzTarPerm extractEntry 2016/OrdinarySetPrototypeOf.js
138554 silly gunzTarPerm modified mode [ '2016/OrdinarySetPrototypeOf.js', 420, 438 ]
138555 silly gunzTarPerm extractEntry 2017/OrdinarySetPrototypeOf.js
138556 silly gunzTarPerm modified mode [ '2017/OrdinarySetPrototypeOf.js', 420, 438 ]
138557 silly gunzTarPerm extractEntry library/fn/string/trim-left.js
138558 silly gunzTarPerm extractEntry library/fn/string/virtual/trim-left.js
138559 silly gunzTarPerm extractEntry 2018/OrdinarySetPrototypeOf.js
138560 silly gunzTarPerm modified mode [ '2018/OrdinarySetPrototypeOf.js', 420, 438 ]
138561 silly gunzTarPerm extractEntry 2019/OrdinarySetPrototypeOf.js
138562 silly gunzTarPerm modified mode [ '2019/OrdinarySetPrototypeOf.js', 420, 438 ]
138563 silly gunzTarPerm extractEntry fn/string/trim-right.js
138564 silly gunzTarPerm extractEntry fn/string/virtual/trim-right.js
138565 silly gunzTarPerm extractEntry 2020/OrdinarySetPrototypeOf.js
138566 silly gunzTarPerm modified mode [ '2020/OrdinarySetPrototypeOf.js', 420, 438 ]
138567 silly gunzTarPerm extractEntry 2021/OrdinarySetPrototypeOf.js
138568 silly gunzTarPerm modified mode [ '2021/OrdinarySetPrototypeOf.js', 420, 438 ]
138569 silly gunzTarPerm extractEntry library/fn/string/trim-right.js
138570 silly gunzTarPerm extractEntry library/fn/string/virtual/trim-right.js
138571 silly gunzTarPerm extractEntry 2022/OrdinarySetPrototypeOf.js
138572 silly gunzTarPerm modified mode [ '2022/OrdinarySetPrototypeOf.js', 420, 438 ]
138573 silly gunzTarPerm extractEntry 2023/OrdinarySetPrototypeOf.js
138574 silly gunzTarPerm modified mode [ '2023/OrdinarySetPrototypeOf.js', 420, 438 ]
138575 silly gunzTarPerm extractEntry fn/string/trim-start.js
138576 silly gunzTarPerm extractEntry fn/string/virtual/trim-start.js
138577 silly gunzTarPerm extractEntry library/fn/string/trim-start.js
138578 silly gunzTarPerm extractEntry library/fn/string/virtual/trim-start.js
138579 silly gunzTarPerm extractEntry 2024/OrdinarySetPrototypeOf.js
138580 silly gunzTarPerm modified mode [ '2024/OrdinarySetPrototypeOf.js', 420, 438 ]
138581 silly gunzTarPerm extractEntry 2017/OrdinaryToPrimitive.js
138582 silly gunzTarPerm modified mode [ '2017/OrdinaryToPrimitive.js', 420, 438 ]
138583 silly gunzTarPerm extractEntry fn/string/trim.js
138584 silly gunzTarPerm extractEntry fn/string/virtual/trim.js
138585 silly gunzTarPerm extractEntry 2018/OrdinaryToPrimitive.js
138586 silly gunzTarPerm modified mode [ '2018/OrdinaryToPrimitive.js', 420, 438 ]
138587 silly gunzTarPerm extractEntry 2019/OrdinaryToPrimitive.js
138588 silly gunzTarPerm modified mode [ '2019/OrdinaryToPrimitive.js', 420, 438 ]
138589 silly gunzTarPerm extractEntry library/fn/string/trim.js
138590 silly gunzTarPerm extractEntry library/fn/string/virtual/trim.js
138591 silly gunzTarPerm extractEntry 2020/OrdinaryToPrimitive.js
138592 silly gunzTarPerm modified mode [ '2020/OrdinaryToPrimitive.js', 420, 438 ]
138593 silly gunzTarPerm extractEntry 2021/OrdinaryToPrimitive.js
138594 silly gunzTarPerm modified mode [ '2021/OrdinaryToPrimitive.js', 420, 438 ]
138595 silly gunzTarPerm extractEntry fn/math/trunc.js
138596 silly gunzTarPerm extractEntry library/fn/math/trunc.js
138597 silly gunzTarPerm extractEntry 2022/OrdinaryToPrimitive.js
138598 silly gunzTarPerm modified mode [ '2022/OrdinaryToPrimitive.js', 420, 438 ]
138599 silly gunzTarPerm extractEntry 2023/OrdinaryToPrimitive.js
138600 silly gunzTarPerm modified mode [ '2023/OrdinaryToPrimitive.js', 420, 438 ]
138601 silly gunzTarPerm extractEntry fn/promise/try.js
138602 silly gunzTarPerm extractEntry library/fn/promise/try.js
138603 silly gunzTarPerm extractEntry 2024/OrdinaryToPrimitive.js
138604 silly gunzTarPerm modified mode [ '2024/OrdinaryToPrimitive.js', 420, 438 ]
138605 silly gunzTarPerm extractEntry helpers/OwnPropertyKeys.js
138606 silly gunzTarPerm modified mode [ 'helpers/OwnPropertyKeys.js', 420, 438 ]
138607 silly gunzTarPerm extractEntry es6/typed.js
138608 silly gunzTarPerm extractEntry library/es6/typed.js
138609 silly gunzTarPerm extractEntry helpers/padTimeComponent.js
138610 silly gunzTarPerm modified mode [ 'helpers/padTimeComponent.js', 420, 438 ]
138611 silly gunzTarPerm extractEntry 2023/ParseHexOctet.js
138612 silly gunzTarPerm modified mode [ '2023/ParseHexOctet.js', 420, 438 ]
138613 silly gunzTarPerm extractEntry fn/typed/uint16-array.js
138614 silly gunzTarPerm extractEntry library/fn/typed/uint16-array.js
138615 silly gunzTarPerm extractEntry 2024/ParseHexOctet.js
138616 silly gunzTarPerm modified mode [ '2024/ParseHexOctet.js', 420, 438 ]
138617 silly gunzTarPerm extractEntry helpers/records/promise-capability-record.js
138618 silly gunzTarPerm modified mode [ 'helpers/records/promise-capability-record.js', 420, 438 ]
138619 silly gunzTarPerm extractEntry fn/typed/uint32-array.js
138620 silly gunzTarPerm extractEntry library/fn/typed/uint32-array.js
138621 silly gunzTarPerm extractEntry 2018/PromiseResolve.js
138622 silly gunzTarPerm modified mode [ '2018/PromiseResolve.js', 420, 438 ]
138623 silly gunzTarPerm extractEntry 2019/PromiseResolve.js
138624 silly gunzTarPerm modified mode [ '2019/PromiseResolve.js', 420, 438 ]
138625 silly gunzTarPerm extractEntry fn/typed/uint8-array.js
138626 silly gunzTarPerm extractEntry library/fn/typed/uint8-array.js
138627 silly gunzTarPerm extractEntry 2020/PromiseResolve.js
138628 silly gunzTarPerm modified mode [ '2020/PromiseResolve.js', 420, 438 ]
138629 silly gunzTarPerm extractEntry 2021/PromiseResolve.js
138630 silly gunzTarPerm modified mode [ '2021/PromiseResolve.js', 420, 438 ]
138631 silly gunzTarPerm extractEntry fn/typed/uint8-clamped-array.js
138632 silly gunzTarPerm extractEntry library/fn/typed/uint8-clamped-array.js
138633 silly gunzTarPerm extractEntry 2022/PromiseResolve.js
138634 silly gunzTarPerm modified mode [ '2022/PromiseResolve.js', 420, 438 ]
138635 silly gunzTarPerm extractEntry 2023/PromiseResolve.js
138636 silly gunzTarPerm modified mode [ '2023/PromiseResolve.js', 420, 438 ]
138637 silly gunzTarPerm extractEntry fn/math/umulh.js
138638 silly gunzTarPerm extractEntry library/fn/math/umulh.js
138639 silly gunzTarPerm extractEntry 2024/PromiseResolve.js
138640 silly gunzTarPerm modified mode [ '2024/PromiseResolve.js', 420, 438 ]
138641 silly gunzTarPerm extractEntry helpers/records/property-descriptor.js
138642 silly gunzTarPerm modified mode [ 'helpers/records/property-descriptor.js', 420, 438 ]
138643 silly gunzTarPerm extractEntry fn/string/unescape-html.js
138644 silly gunzTarPerm extractEntry fn/string/virtual/unescape-html.js
138645 silly gunzTarPerm extractEntry library/fn/string/unescape-html.js
138646 silly gunzTarPerm extractEntry library/fn/string/virtual/unescape-html.js
138647 silly gunzTarPerm extractEntry 2015/QuoteJSONString.js
138648 silly gunzTarPerm modified mode [ '2015/QuoteJSONString.js', 420, 438 ]
138649 silly gunzTarPerm extractEntry 2016/QuoteJSONString.js
138650 silly gunzTarPerm modified mode [ '2016/QuoteJSONString.js', 420, 438 ]
138651 silly gunzTarPerm extractEntry fn/symbol/unscopables.js
138652 silly gunzTarPerm extractEntry library/fn/symbol/unscopables.js
138653 silly gunzTarPerm extractEntry 2017/QuoteJSONString.js
138654 silly gunzTarPerm modified mode [ '2017/QuoteJSONString.js', 420, 438 ]
138655 silly gunzTarPerm extractEntry 2018/QuoteJSONString.js
138656 silly gunzTarPerm modified mode [ '2018/QuoteJSONString.js', 420, 438 ]
138657 silly gunzTarPerm extractEntry fn/array/unshift.js
138658 silly gunzTarPerm extractEntry library/fn/array/unshift.js
138659 silly gunzTarPerm extractEntry 2019/QuoteJSONString.js
138660 silly gunzTarPerm modified mode [ '2019/QuoteJSONString.js', 420, 438 ]
138661 silly gunzTarPerm extractEntry 2020/QuoteJSONString.js
138662 silly gunzTarPerm modified mode [ '2020/QuoteJSONString.js', 420, 438 ]
138663 silly gunzTarPerm extractEntry fn/array/values.js
138664 silly gunzTarPerm extractEntry fn/array/virtual/values.js
138665 silly gunzTarPerm extractEntry 2021/QuoteJSONString.js
138666 silly gunzTarPerm modified mode [ '2021/QuoteJSONString.js', 420, 438 ]
138667 silly gunzTarPerm extractEntry 2022/QuoteJSONString.js
138668 silly gunzTarPerm modified mode [ '2022/QuoteJSONString.js', 420, 438 ]
138669 silly gunzTarPerm extractEntry fn/object/values.js
138670 silly gunzTarPerm extractEntry library/fn/array/values.js
138671 silly gunzTarPerm extractEntry 2023/QuoteJSONString.js
138672 silly gunzTarPerm modified mode [ '2023/QuoteJSONString.js', 420, 438 ]
138673 silly gunzTarPerm extractEntry 2024/QuoteJSONString.js
138674 silly gunzTarPerm modified mode [ '2024/QuoteJSONString.js', 420, 438 ]
138675 silly gunzTarPerm extractEntry library/fn/array/virtual/values.js
138676 silly gunzTarPerm extractEntry library/fn/object/values.js
138677 silly gunzTarPerm extractEntry 2017/RawBytesToNumber.js
138678 silly gunzTarPerm modified mode [ '2017/RawBytesToNumber.js', 420, 438 ]
138679 silly gunzTarPerm extractEntry 2018/RawBytesToNumber.js
138680 silly gunzTarPerm modified mode [ '2018/RawBytesToNumber.js', 420, 438 ]
138681 silly gunzTarPerm extractEntry es6/weak-map.js
138682 silly gunzTarPerm extractEntry es7/weak-map.js
138683 silly gunzTarPerm extractEntry 2019/RawBytesToNumber.js
138684 silly gunzTarPerm modified mode [ '2019/RawBytesToNumber.js', 420, 438 ]
138685 silly gunzTarPerm extractEntry 2020/RawBytesToNumeric.js
138686 silly gunzTarPerm modified mode [ '2020/RawBytesToNumeric.js', 420, 438 ]
138687 silly gunzTarPerm extractEntry 2021/RawBytesToNumeric.js
138688 silly gunzTarPerm modified mode [ '2021/RawBytesToNumeric.js', 420, 438 ]
138689 silly gunzTarPerm extractEntry 2022/RawBytesToNumeric.js
138690 silly gunzTarPerm modified mode [ '2022/RawBytesToNumeric.js', 420, 438 ]
138691 silly gunzTarPerm extractEntry fn/weak-map.js
138692 silly gunzTarPerm extractEntry library/es6/weak-map.js
138693 silly gunzTarPerm extractEntry 2023/RawBytesToNumeric.js
138694 silly gunzTarPerm modified mode [ '2023/RawBytesToNumeric.js', 420, 438 ]
138695 silly gunzTarPerm extractEntry 2024/RawBytesToNumeric.js
138696 silly gunzTarPerm modified mode [ '2024/RawBytesToNumeric.js', 420, 438 ]
138697 silly gunzTarPerm extractEntry library/es7/weak-map.js
138698 silly gunzTarPerm extractEntry library/fn/weak-map.js
138699 silly gunzTarPerm extractEntry es6/weak-set.js
138700 silly gunzTarPerm extractEntry es7/weak-set.js
138701 silly gunzTarPerm extractEntry helpers/reduce.js
138702 silly gunzTarPerm modified mode [ 'helpers/reduce.js', 420, 438 ]
138703 silly gunzTarPerm extractEntry helpers/records/regexp-record.js
138704 silly gunzTarPerm modified mode [ 'helpers/records/regexp-record.js', 420, 438 ]
138705 silly gunzTarPerm extractEntry fn/weak-set.js
138706 silly gunzTarPerm extractEntry library/es6/weak-set.js
138707 silly gunzTarPerm extractEntry 2015/RegExpCreate.js
138708 silly gunzTarPerm modified mode [ '2015/RegExpCreate.js', 420, 438 ]
138709 silly gunzTarPerm extractEntry 2016/RegExpCreate.js
138710 silly gunzTarPerm modified mode [ '2016/RegExpCreate.js', 420, 438 ]
138711 silly gunzTarPerm extractEntry library/es7/weak-set.js
138712 silly gunzTarPerm extractEntry library/fn/weak-set.js
138713 silly gunzTarPerm extractEntry 2017/RegExpCreate.js
138714 silly gunzTarPerm modified mode [ '2017/RegExpCreate.js', 420, 438 ]
138715 silly gunzTarPerm extractEntry 2018/RegExpCreate.js
138716 silly gunzTarPerm modified mode [ '2018/RegExpCreate.js', 420, 438 ]
138717 silly gunzTarPerm extractEntry library/modules/web.dom.iterable.js
138718 silly gunzTarPerm extractEntry modules/library/web.dom.iterable.js
138719 silly gunzTarPerm extractEntry 2019/RegExpCreate.js
138720 silly gunzTarPerm modified mode [ '2019/RegExpCreate.js', 420, 438 ]
138721 silly gunzTarPerm extractEntry 2020/RegExpCreate.js
138722 silly gunzTarPerm modified mode [ '2020/RegExpCreate.js', 420, 438 ]
138723 silly gunzTarPerm extractEntry modules/web.dom.iterable.js
138724 silly gunzTarPerm extractEntry library/modules/web.immediate.js
138725 silly gunzTarPerm extractEntry 2021/RegExpCreate.js
138726 silly gunzTarPerm modified mode [ '2021/RegExpCreate.js', 420, 438 ]
138727 silly gunzTarPerm extractEntry 2022/RegExpCreate.js
138728 silly gunzTarPerm modified mode [ '2022/RegExpCreate.js', 420, 438 ]
138729 silly gunzTarPerm extractEntry modules/web.immediate.js
138730 silly gunzTarPerm extractEntry library/modules/web.timers.js
138731 silly gunzTarPerm extractEntry 2023/RegExpCreate.js
138732 silly gunzTarPerm modified mode [ '2023/RegExpCreate.js', 420, 438 ]
138733 silly gunzTarPerm extractEntry 2024/RegExpCreate.js
138734 silly gunzTarPerm modified mode [ '2024/RegExpCreate.js', 420, 438 ]
138735 silly gunzTarPerm extractEntry modules/web.timers.js
138736 silly gunzTarPerm extractEntry bower.json
138737 silly gunzTarPerm extractEntry 2015/RegExpExec.js
138738 silly gunzTarPerm modified mode [ '2015/RegExpExec.js', 420, 438 ]
138739 silly gunzTarPerm extractEntry 2016/RegExpExec.js
138740 silly gunzTarPerm modified mode [ '2016/RegExpExec.js', 420, 438 ]
138741 silly gunzTarPerm extractEntry package.json
138742 silly gunzTarPerm extractEntry build/build.ls
138743 silly gunzTarPerm extractEntry 2017/RegExpExec.js
138744 silly gunzTarPerm modified mode [ '2017/RegExpExec.js', 420, 438 ]
138745 silly gunzTarPerm extractEntry 2018/RegExpExec.js
138746 silly gunzTarPerm modified mode [ '2018/RegExpExec.js', 420, 438 ]
138747 silly gunzTarPerm extractEntry build/Gruntfile.ls
138748 silly gunzTarPerm extractEntry client/core.min.js.map
138749 silly gunzTarPerm extractEntry 2019/RegExpExec.js
138750 silly gunzTarPerm modified mode [ '2019/RegExpExec.js', 420, 438 ]
138751 silly gunzTarPerm extractEntry 2020/RegExpExec.js
138752 silly gunzTarPerm modified mode [ '2020/RegExpExec.js', 420, 438 ]
138753 silly gunzTarPerm extractEntry client/library.min.js.map
138754 silly gunzTarPerm extractEntry 2021/RegExpExec.js
138755 silly gunzTarPerm modified mode [ '2021/RegExpExec.js', 420, 438 ]
138756 silly gunzTarPerm extractEntry 2022/RegExpExec.js
138757 silly gunzTarPerm modified mode [ '2022/RegExpExec.js', 420, 438 ]
138758 silly gunzTarPerm extractEntry client/shim.min.js.map
138759 silly gunzTarPerm extractEntry 2023/RegExpExec.js
138760 silly gunzTarPerm modified mode [ '2023/RegExpExec.js', 420, 438 ]
138761 silly gunzTarPerm extractEntry 2024/RegExpExec.js
138762 silly gunzTarPerm modified mode [ '2024/RegExpExec.js', 420, 438 ]
138763 silly gunzTarPerm extractEntry CHANGELOG.md
138764 silly gunzTarPerm extractEntry 2022/RegExpHasFlag.js
138765 silly gunzTarPerm modified mode [ '2022/RegExpHasFlag.js', 420, 438 ]
138766 silly gunzTarPerm extractEntry 2023/RegExpHasFlag.js
138767 silly gunzTarPerm modified mode [ '2023/RegExpHasFlag.js', 420, 438 ]
138768 silly gunzTarPerm extractEntry README.md
138769 silly gunzTarPerm extractEntry 2024/RegExpHasFlag.js
138770 silly gunzTarPerm modified mode [ '2024/RegExpHasFlag.js', 420, 438 ]
138771 silly gunzTarPerm extractEntry helpers/regexTester.js
138772 silly gunzTarPerm modified mode [ 'helpers/regexTester.js', 420, 438 ]
138773 silly gunzTarPerm extractEntry 2020/BigInt/remainder.js
138774 silly gunzTarPerm modified mode [ '2020/BigInt/remainder.js', 420, 438 ]
138775 silly gunzTarPerm extractEntry 2020/Number/remainder.js
138776 silly gunzTarPerm modified mode [ '2020/Number/remainder.js', 420, 438 ]
138777 silly gunzTarPerm extractEntry 2021/BigInt/remainder.js
138778 silly gunzTarPerm modified mode [ '2021/BigInt/remainder.js', 420, 438 ]
138779 silly gunzTarPerm extractEntry 2021/Number/remainder.js
138780 silly gunzTarPerm modified mode [ '2021/Number/remainder.js', 420, 438 ]
138781 silly gunzTarPerm extractEntry 2022/BigInt/remainder.js
138782 silly gunzTarPerm modified mode [ '2022/BigInt/remainder.js', 420, 438 ]
138783 silly gunzTarPerm extractEntry 2022/Number/remainder.js
138784 silly gunzTarPerm modified mode [ '2022/Number/remainder.js', 420, 438 ]
138785 silly gunzTarPerm extractEntry 2023/BigInt/remainder.js
138786 silly gunzTarPerm modified mode [ '2023/BigInt/remainder.js', 420, 438 ]
138787 silly gunzTarPerm extractEntry 2023/Number/remainder.js
138788 silly gunzTarPerm modified mode [ '2023/Number/remainder.js', 420, 438 ]
138789 silly gunzTarPerm extractEntry 2024/BigInt/remainder.js
138790 silly gunzTarPerm modified mode [ '2024/BigInt/remainder.js', 420, 438 ]
138791 silly gunzTarPerm extractEntry 2024/Number/remainder.js
138792 silly gunzTarPerm modified mode [ '2024/Number/remainder.js', 420, 438 ]
138793 silly gunzTarPerm extractEntry 2015/RequireObjectCoercible.js
138794 silly gunzTarPerm modified mode [ '2015/RequireObjectCoercible.js', 420, 438 ]
138795 silly gunzTarPerm extractEntry 2016/RequireObjectCoercible.js
138796 silly gunzTarPerm modified mode [ '2016/RequireObjectCoercible.js', 420, 438 ]
138797 silly gunzTarPerm extractEntry 2017/RequireObjectCoercible.js
138798 silly gunzTarPerm modified mode [ '2017/RequireObjectCoercible.js', 420, 438 ]
138799 silly gunzTarPerm extractEntry 2018/RequireObjectCoercible.js
138800 silly gunzTarPerm modified mode [ '2018/RequireObjectCoercible.js', 420, 438 ]
138801 silly gunzTarPerm extractEntry 2019/RequireObjectCoercible.js
138802 silly gunzTarPerm modified mode [ '2019/RequireObjectCoercible.js', 420, 438 ]
138803 silly gunzTarPerm extractEntry 2020/RequireObjectCoercible.js
138804 silly gunzTarPerm modified mode [ '2020/RequireObjectCoercible.js', 420, 438 ]
138805 silly gunzTarPerm extractEntry 2021/RequireObjectCoercible.js
138806 silly gunzTarPerm modified mode [ '2021/RequireObjectCoercible.js', 420, 438 ]
138807 silly gunzTarPerm extractEntry 2022/RequireObjectCoercible.js
138808 silly gunzTarPerm modified mode [ '2022/RequireObjectCoercible.js', 420, 438 ]
138809 silly gunzTarPerm extractEntry 2023/RequireObjectCoercible.js
138810 silly gunzTarPerm modified mode [ '2023/RequireObjectCoercible.js', 420, 438 ]
138811 silly gunzTarPerm extractEntry 2024/RequireObjectCoercible.js
138812 silly gunzTarPerm modified mode [ '2024/RequireObjectCoercible.js', 420, 438 ]
138813 silly gunzTarPerm extractEntry 2015/SameValue.js
138814 silly gunzTarPerm modified mode [ '2015/SameValue.js', 420, 438 ]
138815 silly gunzTarPerm extractEntry 2016/SameValue.js
138816 silly gunzTarPerm modified mode [ '2016/SameValue.js', 420, 438 ]
138817 silly gunzTarPerm extractEntry 2017/SameValue.js
138818 silly gunzTarPerm modified mode [ '2017/SameValue.js', 420, 438 ]
138819 silly gunzTarPerm extractEntry 2018/SameValue.js
138820 silly gunzTarPerm modified mode [ '2018/SameValue.js', 420, 438 ]
138821 silly gunzTarPerm extractEntry 2019/SameValue.js
138822 silly gunzTarPerm modified mode [ '2019/SameValue.js', 420, 438 ]
138823 silly gunzTarPerm extractEntry 2020/BigInt/sameValue.js
138824 silly gunzTarPerm modified mode [ '2020/BigInt/sameValue.js', 420, 438 ]
138825 silly gunzTarPerm extractEntry 2020/Number/sameValue.js
138826 silly gunzTarPerm modified mode [ '2020/Number/sameValue.js', 420, 438 ]
138827 silly gunzTarPerm extractEntry 2020/SameValue.js
138828 silly gunzTarPerm modified mode [ '2020/SameValue.js', 420, 438 ]
138829 silly gunzTarPerm extractEntry 2021/BigInt/sameValue.js
138830 silly gunzTarPerm modified mode [ '2021/BigInt/sameValue.js', 420, 438 ]
138831 silly gunzTarPerm extractEntry 2021/Number/sameValue.js
138832 silly gunzTarPerm modified mode [ '2021/Number/sameValue.js', 420, 438 ]
138833 silly gunzTarPerm extractEntry 2021/SameValue.js
138834 silly gunzTarPerm modified mode [ '2021/SameValue.js', 420, 438 ]
138835 silly gunzTarPerm extractEntry 2022/BigInt/sameValue.js
138836 silly gunzTarPerm modified mode [ '2022/BigInt/sameValue.js', 420, 438 ]
138837 silly gunzTarPerm extractEntry 2022/Number/sameValue.js
138838 silly gunzTarPerm modified mode [ '2022/Number/sameValue.js', 420, 438 ]
138839 silly gunzTarPerm extractEntry 2022/SameValue.js
138840 silly gunzTarPerm modified mode [ '2022/SameValue.js', 420, 438 ]
138841 silly gunzTarPerm extractEntry 2023/Number/sameValue.js
138842 silly gunzTarPerm modified mode [ '2023/Number/sameValue.js', 420, 438 ]
138843 silly gunzTarPerm extractEntry 2023/SameValue.js
138844 silly gunzTarPerm modified mode [ '2023/SameValue.js', 420, 438 ]
138845 silly gunzTarPerm extractEntry 2024/Number/sameValue.js
138846 silly gunzTarPerm modified mode [ '2024/Number/sameValue.js', 420, 438 ]
138847 silly gunzTarPerm extractEntry 2024/SameValue.js
138848 silly gunzTarPerm modified mode [ '2024/SameValue.js', 420, 438 ]
138849 silly gunzTarPerm extractEntry 5/SameValue.js
138850 silly gunzTarPerm modified mode [ '5/SameValue.js', 420, 438 ]
138851 silly gunzTarPerm extractEntry 2016/SameValueNonNumber.js
138852 silly gunzTarPerm modified mode [ '2016/SameValueNonNumber.js', 420, 438 ]
138853 silly gunzTarPerm extractEntry 2017/SameValueNonNumber.js
138854 silly gunzTarPerm modified mode [ '2017/SameValueNonNumber.js', 420, 438 ]
138855 silly gunzTarPerm extractEntry 2018/SameValueNonNumber.js
138856 silly gunzTarPerm modified mode [ '2018/SameValueNonNumber.js', 420, 438 ]
138857 silly gunzTarPerm extractEntry 2019/SameValueNonNumber.js
138858 silly gunzTarPerm modified mode [ '2019/SameValueNonNumber.js', 420, 438 ]
138859 silly gunzTarPerm extractEntry 2023/SameValueNonNumber.js
138860 silly gunzTarPerm modified mode [ '2023/SameValueNonNumber.js', 420, 438 ]
138861 silly gunzTarPerm extractEntry 2024/SameValueNonNumber.js
138862 silly gunzTarPerm modified mode [ '2024/SameValueNonNumber.js', 420, 438 ]
138863 silly gunzTarPerm extractEntry 2020/SameValueNonNumeric.js
138864 silly gunzTarPerm modified mode [ '2020/SameValueNonNumeric.js', 420, 438 ]
138865 silly gunzTarPerm extractEntry 2021/SameValueNonNumeric.js
138866 silly gunzTarPerm modified mode [ '2021/SameValueNonNumeric.js', 420, 438 ]
138867 silly gunzTarPerm extractEntry 2022/SameValueNonNumeric.js
138868 silly gunzTarPerm modified mode [ '2022/SameValueNonNumeric.js', 420, 438 ]
138869 silly gunzTarPerm extractEntry 2015/SameValueZero.js
138870 silly gunzTarPerm modified mode [ '2015/SameValueZero.js', 420, 438 ]
138871 silly gunzTarPerm extractEntry 2016/SameValueZero.js
138872 silly gunzTarPerm modified mode [ '2016/SameValueZero.js', 420, 438 ]
138873 silly gunzTarPerm extractEntry 2017/SameValueZero.js
138874 silly gunzTarPerm modified mode [ '2017/SameValueZero.js', 420, 438 ]
138875 silly gunzTarPerm extractEntry 2018/SameValueZero.js
138876 silly gunzTarPerm modified mode [ '2018/SameValueZero.js', 420, 438 ]
138877 silly gunzTarPerm extractEntry 2019/SameValueZero.js
138878 silly gunzTarPerm modified mode [ '2019/SameValueZero.js', 420, 438 ]
138879 silly gunzTarPerm extractEntry 2020/BigInt/sameValueZero.js
138880 silly gunzTarPerm modified mode [ '2020/BigInt/sameValueZero.js', 420, 438 ]
138881 silly gunzTarPerm extractEntry 2020/Number/sameValueZero.js
138882 silly gunzTarPerm modified mode [ '2020/Number/sameValueZero.js', 420, 438 ]
138883 silly gunzTarPerm extractEntry 2020/SameValueZero.js
138884 silly gunzTarPerm modified mode [ '2020/SameValueZero.js', 420, 438 ]
138885 silly gunzTarPerm extractEntry 2021/BigInt/sameValueZero.js
138886 silly gunzTarPerm modified mode [ '2021/BigInt/sameValueZero.js', 420, 438 ]
138887 silly gunzTarPerm extractEntry 2021/Number/sameValueZero.js
138888 silly gunzTarPerm modified mode [ '2021/Number/sameValueZero.js', 420, 438 ]
138889 silly gunzTarPerm extractEntry 2021/SameValueZero.js
138890 silly gunzTarPerm modified mode [ '2021/SameValueZero.js', 420, 438 ]
138891 silly gunzTarPerm extractEntry 2022/BigInt/sameValueZero.js
138892 silly gunzTarPerm modified mode [ '2022/BigInt/sameValueZero.js', 420, 438 ]
138893 silly gunzTarPerm extractEntry 2022/Number/sameValueZero.js
138894 silly gunzTarPerm modified mode [ '2022/Number/sameValueZero.js', 420, 438 ]
138895 silly gunzTarPerm extractEntry 2022/SameValueZero.js
138896 silly gunzTarPerm modified mode [ '2022/SameValueZero.js', 420, 438 ]
138897 silly gunzTarPerm extractEntry 2023/Number/sameValueZero.js
138898 silly gunzTarPerm modified mode [ '2023/Number/sameValueZero.js', 420, 438 ]
138899 silly gunzTarPerm extractEntry 2023/SameValueZero.js
138900 silly gunzTarPerm modified mode [ '2023/SameValueZero.js', 420, 438 ]
138901 silly gunzTarPerm extractEntry 2024/Number/sameValueZero.js
138902 silly gunzTarPerm modified mode [ '2024/Number/sameValueZero.js', 420, 438 ]
138903 silly gunzTarPerm extractEntry 2024/SameValueZero.js
138904 silly gunzTarPerm modified mode [ '2024/SameValueZero.js', 420, 438 ]
138905 silly gunzTarPerm extractEntry 2015/SecFromTime.js
138906 silly gunzTarPerm modified mode [ '2015/SecFromTime.js', 420, 438 ]
138907 silly gunzTarPerm extractEntry 2016/SecFromTime.js
138908 silly gunzTarPerm modified mode [ '2016/SecFromTime.js', 420, 438 ]
138909 silly gunzTarPerm extractEntry 2017/SecFromTime.js
138910 silly gunzTarPerm modified mode [ '2017/SecFromTime.js', 420, 438 ]
138911 silly gunzTarPerm extractEntry 2018/SecFromTime.js
138912 silly gunzTarPerm modified mode [ '2018/SecFromTime.js', 420, 438 ]
138913 silly gunzTarPerm extractEntry 2019/SecFromTime.js
138914 silly gunzTarPerm modified mode [ '2019/SecFromTime.js', 420, 438 ]
138915 silly gunzTarPerm extractEntry 2020/SecFromTime.js
138916 silly gunzTarPerm modified mode [ '2020/SecFromTime.js', 420, 438 ]
138917 silly gunzTarPerm extractEntry 2021/SecFromTime.js
138918 silly gunzTarPerm modified mode [ '2021/SecFromTime.js', 420, 438 ]
138919 silly gunzTarPerm extractEntry 2022/SecFromTime.js
138920 silly gunzTarPerm modified mode [ '2022/SecFromTime.js', 420, 438 ]
138921 silly gunzTarPerm extractEntry 2023/SecFromTime.js
138922 silly gunzTarPerm modified mode [ '2023/SecFromTime.js', 420, 438 ]
138923 silly gunzTarPerm extractEntry 2024/SecFromTime.js
138924 silly gunzTarPerm modified mode [ '2024/SecFromTime.js', 420, 438 ]
138925 silly gunzTarPerm extractEntry 5/SecFromTime.js
138926 silly gunzTarPerm modified mode [ '5/SecFromTime.js', 420, 438 ]
138927 silly gunzTarPerm extractEntry 2015/Set.js
138928 silly gunzTarPerm modified mode [ '2015/Set.js', 420, 438 ]
138929 silly gunzTarPerm extractEntry 2016/Set.js
138930 silly gunzTarPerm modified mode [ '2016/Set.js', 420, 438 ]
138931 silly gunzTarPerm extractEntry 2017/Set.js
138932 silly gunzTarPerm modified mode [ '2017/Set.js', 420, 438 ]
138933 silly gunzTarPerm extractEntry 2018/Set.js
138934 silly gunzTarPerm modified mode [ '2018/Set.js', 420, 438 ]
138935 silly gunzTarPerm extractEntry 2019/Set.js
138936 silly gunzTarPerm modified mode [ '2019/Set.js', 420, 438 ]
138937 silly gunzTarPerm extractEntry 2020/Set.js
138938 silly gunzTarPerm modified mode [ '2020/Set.js', 420, 438 ]
138939 silly gunzTarPerm extractEntry 2021/Set.js
138940 silly gunzTarPerm modified mode [ '2021/Set.js', 420, 438 ]
138941 silly gunzTarPerm extractEntry 2022/Set.js
138942 silly gunzTarPerm modified mode [ '2022/Set.js', 420, 438 ]
138943 silly gunzTarPerm extractEntry 2023/Set.js
138944 silly gunzTarPerm modified mode [ '2023/Set.js', 420, 438 ]
138945 silly gunzTarPerm extractEntry 2024/Set.js
138946 silly gunzTarPerm modified mode [ '2024/Set.js', 420, 438 ]
138947 silly gunzTarPerm extractEntry 2018/SetFunctionLength.js
138948 silly gunzTarPerm modified mode [ '2018/SetFunctionLength.js', 420, 438 ]
138949 silly gunzTarPerm extractEntry 2019/SetFunctionLength.js
138950 silly gunzTarPerm modified mode [ '2019/SetFunctionLength.js', 420, 438 ]
138951 silly gunzTarPerm extractEntry 2020/SetFunctionLength.js
138952 silly gunzTarPerm modified mode [ '2020/SetFunctionLength.js', 420, 438 ]
138953 silly gunzTarPerm extractEntry 2021/SetFunctionLength.js
138954 silly gunzTarPerm modified mode [ '2021/SetFunctionLength.js', 420, 438 ]
138955 silly gunzTarPerm extractEntry 2022/SetFunctionLength.js
138956 silly gunzTarPerm modified mode [ '2022/SetFunctionLength.js', 420, 438 ]
138957 silly gunzTarPerm extractEntry 2023/SetFunctionLength.js
138958 silly gunzTarPerm modified mode [ '2023/SetFunctionLength.js', 420, 438 ]
138959 silly gunzTarPerm extractEntry 2024/SetFunctionLength.js
138960 silly gunzTarPerm modified mode [ '2024/SetFunctionLength.js', 420, 438 ]
138961 silly gunzTarPerm extractEntry 2015/SetFunctionName.js
138962 silly gunzTarPerm modified mode [ '2015/SetFunctionName.js', 420, 438 ]
138963 silly gunzTarPerm extractEntry 2016/SetFunctionName.js
138964 silly gunzTarPerm modified mode [ '2016/SetFunctionName.js', 420, 438 ]
138965 silly gunzTarPerm extractEntry 2017/SetFunctionName.js
138966 silly gunzTarPerm modified mode [ '2017/SetFunctionName.js', 420, 438 ]
138967 silly gunzTarPerm extractEntry 2018/SetFunctionName.js
138968 silly gunzTarPerm modified mode [ '2018/SetFunctionName.js', 420, 438 ]
138969 silly gunzTarPerm extractEntry 2019/SetFunctionName.js
138970 silly gunzTarPerm modified mode [ '2019/SetFunctionName.js', 420, 438 ]
138971 silly gunzTarPerm extractEntry 2020/SetFunctionName.js
138972 silly gunzTarPerm modified mode [ '2020/SetFunctionName.js', 420, 438 ]
138973 silly gunzTarPerm extractEntry 2021/SetFunctionName.js
138974 silly gunzTarPerm modified mode [ '2021/SetFunctionName.js', 420, 438 ]
138975 silly gunzTarPerm extractEntry 2022/SetFunctionName.js
138976 silly gunzTarPerm modified mode [ '2022/SetFunctionName.js', 420, 438 ]
138977 silly gunzTarPerm extractEntry 2023/SetFunctionName.js
138978 silly gunzTarPerm modified mode [ '2023/SetFunctionName.js', 420, 438 ]
138979 silly gunzTarPerm extractEntry 2024/SetFunctionName.js
138980 silly gunzTarPerm modified mode [ '2024/SetFunctionName.js', 420, 438 ]
138981 silly gunzTarPerm extractEntry 2015/SetIntegrityLevel.js
138982 silly gunzTarPerm modified mode [ '2015/SetIntegrityLevel.js', 420, 438 ]
138983 silly gunzTarPerm extractEntry 2016/SetIntegrityLevel.js
138984 silly gunzTarPerm modified mode [ '2016/SetIntegrityLevel.js', 420, 438 ]
138985 silly gunzTarPerm extractEntry 2017/SetIntegrityLevel.js
138986 silly gunzTarPerm modified mode [ '2017/SetIntegrityLevel.js', 420, 438 ]
138987 silly gunzTarPerm extractEntry 2018/SetIntegrityLevel.js
138988 silly gunzTarPerm modified mode [ '2018/SetIntegrityLevel.js', 420, 438 ]
138989 silly gunzTarPerm extractEntry 2019/SetIntegrityLevel.js
138990 silly gunzTarPerm modified mode [ '2019/SetIntegrityLevel.js', 420, 438 ]
138991 silly gunzTarPerm extractEntry 2020/SetIntegrityLevel.js
138992 silly gunzTarPerm modified mode [ '2020/SetIntegrityLevel.js', 420, 438 ]
138993 silly gunzTarPerm extractEntry 2021/SetIntegrityLevel.js
138994 silly gunzTarPerm modified mode [ '2021/SetIntegrityLevel.js', 420, 438 ]
138995 silly gunzTarPerm extractEntry 2022/SetIntegrityLevel.js
138996 silly gunzTarPerm modified mode [ '2022/SetIntegrityLevel.js', 420, 438 ]
138997 silly gunzTarPerm extractEntry 2023/SetIntegrityLevel.js
138998 silly gunzTarPerm modified mode [ '2023/SetIntegrityLevel.js', 420, 438 ]
138999 silly gunzTarPerm extractEntry 2024/SetIntegrityLevel.js
139000 silly gunzTarPerm modified mode [ '2024/SetIntegrityLevel.js', 420, 438 ]
139001 silly gunzTarPerm extractEntry helpers/setProto.js
139002 silly gunzTarPerm modified mode [ 'helpers/setProto.js', 420, 438 ]
139003 silly gunzTarPerm extractEntry 2021/SetTypedArrayFromArrayLike.js
139004 silly gunzTarPerm modified mode [ '2021/SetTypedArrayFromArrayLike.js', 420, 438 ]
139005 silly gunzTarPerm extractEntry 2022/SetTypedArrayFromArrayLike.js
139006 silly gunzTarPerm modified mode [ '2022/SetTypedArrayFromArrayLike.js', 420, 438 ]
139007 silly gunzTarPerm extractEntry 2023/SetTypedArrayFromArrayLike.js
139008 silly gunzTarPerm modified mode [ '2023/SetTypedArrayFromArrayLike.js', 420, 438 ]
139009 silly gunzTarPerm extractEntry 2024/SetTypedArrayFromArrayLike.js
139010 silly gunzTarPerm modified mode [ '2024/SetTypedArrayFromArrayLike.js', 420, 438 ]
139011 silly gunzTarPerm extractEntry 2021/SetTypedArrayFromTypedArray.js
139012 silly gunzTarPerm modified mode [ '2021/SetTypedArrayFromTypedArray.js', 420, 438 ]
139013 silly gunzTarPerm extractEntry 2022/SetTypedArrayFromTypedArray.js
139014 silly gunzTarPerm modified mode [ '2022/SetTypedArrayFromTypedArray.js', 420, 438 ]
139015 silly gunzTarPerm extractEntry 2023/SetTypedArrayFromTypedArray.js
139016 silly gunzTarPerm modified mode [ '2023/SetTypedArrayFromTypedArray.js', 420, 438 ]
139017 silly gunzTarPerm extractEntry 2024/SetTypedArrayFromTypedArray.js
139018 silly gunzTarPerm modified mode [ '2024/SetTypedArrayFromTypedArray.js', 420, 438 ]
139019 silly gunzTarPerm extractEntry 2015/SetValueInBuffer.js
139020 silly gunzTarPerm modified mode [ '2015/SetValueInBuffer.js', 420, 438 ]
139021 silly gunzTarPerm extractEntry 2016/SetValueInBuffer.js
139022 silly gunzTarPerm modified mode [ '2016/SetValueInBuffer.js', 420, 438 ]
139023 silly gunzTarPerm extractEntry 2017/SetValueInBuffer.js
139024 silly gunzTarPerm modified mode [ '2017/SetValueInBuffer.js', 420, 438 ]
139025 silly gunzTarPerm extractEntry 2018/SetValueInBuffer.js
139026 silly gunzTarPerm modified mode [ '2018/SetValueInBuffer.js', 420, 438 ]
139027 silly gunzTarPerm extractEntry 2019/SetValueInBuffer.js
139028 silly gunzTarPerm modified mode [ '2019/SetValueInBuffer.js', 420, 438 ]
139029 silly gunzTarPerm extractEntry 2020/SetValueInBuffer.js
139030 silly gunzTarPerm modified mode [ '2020/SetValueInBuffer.js', 420, 438 ]
139031 silly gunzTarPerm extractEntry 2021/SetValueInBuffer.js
139032 silly gunzTarPerm modified mode [ '2021/SetValueInBuffer.js', 420, 438 ]
139033 silly gunzTarPerm extractEntry 2022/SetValueInBuffer.js
139034 silly gunzTarPerm modified mode [ '2022/SetValueInBuffer.js', 420, 438 ]
139035 silly gunzTarPerm extractEntry 2023/SetValueInBuffer.js
139036 silly gunzTarPerm modified mode [ '2023/SetValueInBuffer.js', 420, 438 ]
139037 silly gunzTarPerm extractEntry 2024/SetValueInBuffer.js
139038 silly gunzTarPerm modified mode [ '2024/SetValueInBuffer.js', 420, 438 ]
139039 silly gunzTarPerm extractEntry helpers/sign.js
139040 silly gunzTarPerm modified mode [ 'helpers/sign.js', 420, 438 ]
139041 silly gunzTarPerm extractEntry 2020/BigInt/signedRightShift.js
139042 silly gunzTarPerm modified mode [ '2020/BigInt/signedRightShift.js', 420, 438 ]
139043 silly gunzTarPerm extractEntry 2020/Number/signedRightShift.js
139044 silly gunzTarPerm modified mode [ '2020/Number/signedRightShift.js', 420, 438 ]
139045 silly gunzTarPerm extractEntry 2021/BigInt/signedRightShift.js
139046 silly gunzTarPerm modified mode [ '2021/BigInt/signedRightShift.js', 420, 438 ]
139047 silly gunzTarPerm extractEntry 2021/Number/signedRightShift.js
139048 silly gunzTarPerm modified mode [ '2021/Number/signedRightShift.js', 420, 438 ]
139049 silly gunzTarPerm extractEntry 2022/BigInt/signedRightShift.js
139050 silly gunzTarPerm modified mode [ '2022/BigInt/signedRightShift.js', 420, 438 ]
139051 silly gunzTarPerm extractEntry 2022/Number/signedRightShift.js
139052 silly gunzTarPerm modified mode [ '2022/Number/signedRightShift.js', 420, 438 ]
139053 silly gunzTarPerm extractEntry 2023/BigInt/signedRightShift.js
139054 silly gunzTarPerm modified mode [ '2023/BigInt/signedRightShift.js', 420, 438 ]
139055 silly gunzTarPerm extractEntry 2023/Number/signedRightShift.js
139056 silly gunzTarPerm modified mode [ '2023/Number/signedRightShift.js', 420, 438 ]
139057 silly gunzTarPerm extractEntry 2024/BigInt/signedRightShift.js
139058 silly gunzTarPerm modified mode [ '2024/BigInt/signedRightShift.js', 420, 438 ]
139059 silly gunzTarPerm extractEntry 2024/Number/signedRightShift.js
139060 silly gunzTarPerm modified mode [ '2024/Number/signedRightShift.js', 420, 438 ]
139061 silly gunzTarPerm extractEntry helpers/some.js
139062 silly gunzTarPerm modified mode [ 'helpers/some.js', 420, 438 ]
139063 silly gunzTarPerm extractEntry 2022/SortIndexedProperties.js
139064 silly gunzTarPerm modified mode [ '2022/SortIndexedProperties.js', 420, 438 ]
139065 silly gunzTarPerm extractEntry 2023/SortIndexedProperties.js
139066 silly gunzTarPerm modified mode [ '2023/SortIndexedProperties.js', 420, 438 ]
139067 silly gunzTarPerm extractEntry 2024/SortIndexedProperties.js
139068 silly gunzTarPerm modified mode [ '2024/SortIndexedProperties.js', 420, 438 ]
139069 silly gunzTarPerm extractEntry 2015/SpeciesConstructor.js
139070 silly gunzTarPerm modified mode [ '2015/SpeciesConstructor.js', 420, 438 ]
139071 silly gunzTarPerm extractEntry 2016/SpeciesConstructor.js
139072 silly gunzTarPerm modified mode [ '2016/SpeciesConstructor.js', 420, 438 ]
139073 silly gunzTarPerm extractEntry 2017/SpeciesConstructor.js
139074 silly gunzTarPerm modified mode [ '2017/SpeciesConstructor.js', 420, 438 ]
139075 silly gunzTarPerm extractEntry 2018/SpeciesConstructor.js
139076 silly gunzTarPerm modified mode [ '2018/SpeciesConstructor.js', 420, 438 ]
139077 silly gunzTarPerm extractEntry 2019/SpeciesConstructor.js
139078 silly gunzTarPerm modified mode [ '2019/SpeciesConstructor.js', 420, 438 ]
139079 silly gunzTarPerm extractEntry 2020/SpeciesConstructor.js
139080 silly gunzTarPerm modified mode [ '2020/SpeciesConstructor.js', 420, 438 ]
139081 silly gunzTarPerm extractEntry 2021/SpeciesConstructor.js
139082 silly gunzTarPerm modified mode [ '2021/SpeciesConstructor.js', 420, 438 ]
139083 silly gunzTarPerm extractEntry 2022/SpeciesConstructor.js
139084 silly gunzTarPerm modified mode [ '2022/SpeciesConstructor.js', 420, 438 ]
139085 silly gunzTarPerm extractEntry 2023/SpeciesConstructor.js
139086 silly gunzTarPerm modified mode [ '2023/SpeciesConstructor.js', 420, 438 ]
139087 silly gunzTarPerm extractEntry 2024/SpeciesConstructor.js
139088 silly gunzTarPerm modified mode [ '2024/SpeciesConstructor.js', 420, 438 ]
139089 silly gunzTarPerm extractEntry 2015/SplitMatch.js
139090 silly gunzTarPerm modified mode [ '2015/SplitMatch.js', 420, 438 ]
139091 silly gunzTarPerm extractEntry 2016/SplitMatch.js
139092 silly gunzTarPerm modified mode [ '2016/SplitMatch.js', 420, 438 ]
139093 silly gunzTarPerm extractEntry 2017/SplitMatch.js
139094 silly gunzTarPerm modified mode [ '2017/SplitMatch.js', 420, 438 ]
139095 silly gunzTarPerm extractEntry 2018/SplitMatch.js
139096 silly gunzTarPerm modified mode [ '2018/SplitMatch.js', 420, 438 ]
139097 silly gunzTarPerm extractEntry 2019/SplitMatch.js
139098 silly gunzTarPerm modified mode [ '2019/SplitMatch.js', 420, 438 ]
139099 silly gunzTarPerm extractEntry 2020/SplitMatch.js
139100 silly gunzTarPerm modified mode [ '2020/SplitMatch.js', 420, 438 ]
139101 silly gunzTarPerm extractEntry 2021/SplitMatch.js
139102 silly gunzTarPerm modified mode [ '2021/SplitMatch.js', 420, 438 ]
139103 silly gunzTarPerm extractEntry 2015/StrictEqualityComparison.js
139104 silly gunzTarPerm modified mode [ '2015/StrictEqualityComparison.js', 420, 438 ]
139105 silly gunzTarPerm extractEntry 2016/StrictEqualityComparison.js
139106 silly gunzTarPerm modified mode [ '2016/StrictEqualityComparison.js', 420, 438 ]
139107 silly gunzTarPerm extractEntry 2017/StrictEqualityComparison.js
139108 silly gunzTarPerm modified mode [ '2017/StrictEqualityComparison.js', 420, 438 ]
139109 silly gunzTarPerm extractEntry 2018/StrictEqualityComparison.js
139110 silly gunzTarPerm modified mode [ '2018/StrictEqualityComparison.js', 420, 438 ]
139111 silly gunzTarPerm extractEntry 2019/StrictEqualityComparison.js
139112 silly gunzTarPerm modified mode [ '2019/StrictEqualityComparison.js', 420, 438 ]
139113 silly gunzTarPerm extractEntry 2020/StrictEqualityComparison.js
139114 silly gunzTarPerm modified mode [ '2020/StrictEqualityComparison.js', 420, 438 ]
139115 silly gunzTarPerm extractEntry 2021/StrictEqualityComparison.js
139116 silly gunzTarPerm modified mode [ '2021/StrictEqualityComparison.js', 420, 438 ]
139117 silly gunzTarPerm extractEntry 5/StrictEqualityComparison.js
139118 silly gunzTarPerm modified mode [ '5/StrictEqualityComparison.js', 420, 438 ]
139119 silly gunzTarPerm extractEntry 2015/StringCreate.js
139120 silly gunzTarPerm modified mode [ '2015/StringCreate.js', 420, 438 ]
139121 silly gunzTarPerm extractEntry 2016/StringCreate.js
139122 silly gunzTarPerm modified mode [ '2016/StringCreate.js', 420, 438 ]
139123 silly gunzTarPerm extractEntry 2017/StringCreate.js
139124 silly gunzTarPerm modified mode [ '2017/StringCreate.js', 420, 438 ]
139125 silly gunzTarPerm extractEntry 2018/StringCreate.js
139126 silly gunzTarPerm modified mode [ '2018/StringCreate.js', 420, 438 ]
139127 silly gunzTarPerm extractEntry 2019/StringCreate.js
139128 silly gunzTarPerm modified mode [ '2019/StringCreate.js', 420, 438 ]
139129 silly gunzTarPerm extractEntry 2020/StringCreate.js
139130 silly gunzTarPerm modified mode [ '2020/StringCreate.js', 420, 438 ]
139131 silly gunzTarPerm extractEntry 2021/StringCreate.js
139132 silly gunzTarPerm modified mode [ '2021/StringCreate.js', 420, 438 ]
139133 silly gunzTarPerm extractEntry 2022/StringCreate.js
139134 silly gunzTarPerm modified mode [ '2022/StringCreate.js', 420, 438 ]
139135 silly gunzTarPerm extractEntry 2023/StringCreate.js
139136 silly gunzTarPerm modified mode [ '2023/StringCreate.js', 420, 438 ]
139137 silly gunzTarPerm extractEntry 2024/StringCreate.js
139138 silly gunzTarPerm modified mode [ '2024/StringCreate.js', 420, 438 ]
139139 silly gunzTarPerm extractEntry 2015/StringGetIndexProperty.js
139140 silly gunzTarPerm modified mode [ '2015/StringGetIndexProperty.js', 420, 438 ]
139141 silly gunzTarPerm extractEntry 2017/StringGetOwnProperty.js
139142 silly gunzTarPerm modified mode [ '2017/StringGetOwnProperty.js', 420, 438 ]
139143 silly gunzTarPerm extractEntry 2018/StringGetOwnProperty.js
139144 silly gunzTarPerm modified mode [ '2018/StringGetOwnProperty.js', 420, 438 ]
139145 silly gunzTarPerm extractEntry 2019/StringGetOwnProperty.js
139146 silly gunzTarPerm modified mode [ '2019/StringGetOwnProperty.js', 420, 438 ]
139147 silly gunzTarPerm extractEntry 2020/StringGetOwnProperty.js
139148 silly gunzTarPerm modified mode [ '2020/StringGetOwnProperty.js', 420, 438 ]
139149 silly gunzTarPerm extractEntry 2021/StringGetOwnProperty.js
139150 silly gunzTarPerm modified mode [ '2021/StringGetOwnProperty.js', 420, 438 ]
139151 silly gunzTarPerm extractEntry 2022/StringGetOwnProperty.js
139152 silly gunzTarPerm modified mode [ '2022/StringGetOwnProperty.js', 420, 438 ]
139153 silly gunzTarPerm extractEntry 2023/StringGetOwnProperty.js
139154 silly gunzTarPerm modified mode [ '2023/StringGetOwnProperty.js', 420, 438 ]
139155 silly gunzTarPerm extractEntry 2024/StringGetOwnProperty.js
139156 silly gunzTarPerm modified mode [ '2024/StringGetOwnProperty.js', 420, 438 ]
139157 silly gunzTarPerm extractEntry 2021/StringIndexOf.js
139158 silly gunzTarPerm modified mode [ '2021/StringIndexOf.js', 420, 438 ]
139159 silly gunzTarPerm extractEntry 2022/StringIndexOf.js
139160 silly gunzTarPerm modified mode [ '2022/StringIndexOf.js', 420, 438 ]
139161 silly gunzTarPerm extractEntry 2023/StringIndexOf.js
139162 silly gunzTarPerm modified mode [ '2023/StringIndexOf.js', 420, 438 ]
139163 silly gunzTarPerm extractEntry 2024/StringIndexOf.js
139164 silly gunzTarPerm modified mode [ '2024/StringIndexOf.js', 420, 438 ]
139165 silly gunzTarPerm extractEntry 2020/StringPad.js
139166 silly gunzTarPerm modified mode [ '2020/StringPad.js', 420, 438 ]
139167 silly gunzTarPerm extractEntry 2021/StringPad.js
139168 silly gunzTarPerm modified mode [ '2021/StringPad.js', 420, 438 ]
139169 silly gunzTarPerm extractEntry 2022/StringPad.js
139170 silly gunzTarPerm modified mode [ '2022/StringPad.js', 420, 438 ]
139171 silly gunzTarPerm extractEntry 2023/StringPad.js
139172 silly gunzTarPerm modified mode [ '2023/StringPad.js', 420, 438 ]
139173 silly gunzTarPerm extractEntry 2024/StringPad.js
139174 silly gunzTarPerm modified mode [ '2024/StringPad.js', 420, 438 ]
139175 silly gunzTarPerm extractEntry 2024/StringPaddingBuiltinsImpl.js
139176 silly gunzTarPerm modified mode [ '2024/StringPaddingBuiltinsImpl.js', 420, 438 ]
139177 silly gunzTarPerm extractEntry 2020/StringToBigInt.js
139178 silly gunzTarPerm modified mode [ '2020/StringToBigInt.js', 420, 438 ]
139179 silly gunzTarPerm extractEntry 2021/StringToBigInt.js
139180 silly gunzTarPerm modified mode [ '2021/StringToBigInt.js', 420, 438 ]
139181 silly gunzTarPerm extractEntry 2022/StringToBigInt.js
139182 silly gunzTarPerm modified mode [ '2022/StringToBigInt.js', 420, 438 ]
139183 silly gunzTarPerm extractEntry 2023/StringToBigInt.js
139184 silly gunzTarPerm modified mode [ '2023/StringToBigInt.js', 420, 438 ]
139185 silly gunzTarPerm extractEntry 2024/StringToBigInt.js
139186 silly gunzTarPerm modified mode [ '2024/StringToBigInt.js', 420, 438 ]
139187 silly gunzTarPerm extractEntry 2021/StringToCodePoints.js
139188 silly gunzTarPerm modified mode [ '2021/StringToCodePoints.js', 420, 438 ]
139189 silly gunzTarPerm extractEntry 2022/StringToCodePoints.js
139190 silly gunzTarPerm modified mode [ '2022/StringToCodePoints.js', 420, 438 ]
139191 silly gunzTarPerm extractEntry 2023/StringToCodePoints.js
139192 silly gunzTarPerm modified mode [ '2023/StringToCodePoints.js', 420, 438 ]
139193 silly gunzTarPerm extractEntry 2024/StringToCodePoints.js
139194 silly gunzTarPerm modified mode [ '2024/StringToCodePoints.js', 420, 438 ]
139195 silly gunzTarPerm extractEntry 2022/StringToNumber.js
139196 silly gunzTarPerm modified mode [ '2022/StringToNumber.js', 420, 438 ]
139197 silly gunzTarPerm extractEntry 2023/StringToNumber.js
139198 silly gunzTarPerm modified mode [ '2023/StringToNumber.js', 420, 438 ]
139199 silly gunzTarPerm extractEntry 2024/StringToNumber.js
139200 silly gunzTarPerm modified mode [ '2024/StringToNumber.js', 420, 438 ]
139201 silly gunzTarPerm extractEntry 2021/substring.js
139202 silly gunzTarPerm modified mode [ '2021/substring.js', 420, 438 ]
139203 silly gunzTarPerm extractEntry 2022/substring.js
139204 silly gunzTarPerm modified mode [ '2022/substring.js', 420, 438 ]
139205 silly gunzTarPerm extractEntry 2023/substring.js
139206 silly gunzTarPerm modified mode [ '2023/substring.js', 420, 438 ]
139207 silly gunzTarPerm extractEntry 2024/substring.js
139208 silly gunzTarPerm modified mode [ '2024/substring.js', 420, 438 ]
139209 silly gunzTarPerm extractEntry 2020/BigInt/subtract.js
139210 silly gunzTarPerm modified mode [ '2020/BigInt/subtract.js', 420, 438 ]
139211 silly gunzTarPerm extractEntry 2020/Number/subtract.js
139212 silly gunzTarPerm modified mode [ '2020/Number/subtract.js', 420, 438 ]
139213 silly gunzTarPerm extractEntry 2021/BigInt/subtract.js
139214 silly gunzTarPerm modified mode [ '2021/BigInt/subtract.js', 420, 438 ]
139215 silly gunzTarPerm extractEntry 2021/Number/subtract.js
139216 silly gunzTarPerm modified mode [ '2021/Number/subtract.js', 420, 438 ]
139217 silly gunzTarPerm extractEntry 2022/BigInt/subtract.js
139218 silly gunzTarPerm modified mode [ '2022/BigInt/subtract.js', 420, 438 ]
139219 silly gunzTarPerm extractEntry 2022/Number/subtract.js
139220 silly gunzTarPerm modified mode [ '2022/Number/subtract.js', 420, 438 ]
139221 silly gunzTarPerm extractEntry 2023/BigInt/subtract.js
139222 silly gunzTarPerm modified mode [ '2023/BigInt/subtract.js', 420, 438 ]
139223 silly gunzTarPerm extractEntry 2023/Number/subtract.js
139224 silly gunzTarPerm modified mode [ '2023/Number/subtract.js', 420, 438 ]
139225 silly gunzTarPerm extractEntry 2024/BigInt/subtract.js
139226 silly gunzTarPerm modified mode [ '2024/BigInt/subtract.js', 420, 438 ]
139227 silly gunzTarPerm extractEntry 2024/Number/subtract.js
139228 silly gunzTarPerm modified mode [ '2024/Number/subtract.js', 420, 438 ]
139229 silly gunzTarPerm extractEntry 2015/SymbolDescriptiveString.js
139230 silly gunzTarPerm modified mode [ '2015/SymbolDescriptiveString.js', 420, 438 ]
139231 silly gunzTarPerm extractEntry 2016/SymbolDescriptiveString.js
139232 silly gunzTarPerm modified mode [ '2016/SymbolDescriptiveString.js', 420, 438 ]
139233 silly gunzTarPerm extractEntry 2017/SymbolDescriptiveString.js
139234 silly gunzTarPerm modified mode [ '2017/SymbolDescriptiveString.js', 420, 438 ]
139235 silly gunzTarPerm extractEntry 2018/SymbolDescriptiveString.js
139236 silly gunzTarPerm modified mode [ '2018/SymbolDescriptiveString.js', 420, 438 ]
139237 silly gunzTarPerm extractEntry 2019/SymbolDescriptiveString.js
139238 silly gunzTarPerm modified mode [ '2019/SymbolDescriptiveString.js', 420, 438 ]
139239 silly gunzTarPerm extractEntry 2020/SymbolDescriptiveString.js
139240 silly gunzTarPerm modified mode [ '2020/SymbolDescriptiveString.js', 420, 438 ]
139241 silly gunzTarPerm extractEntry 2021/SymbolDescriptiveString.js
139242 silly gunzTarPerm modified mode [ '2021/SymbolDescriptiveString.js', 420, 438 ]
139243 silly gunzTarPerm extractEntry 2022/SymbolDescriptiveString.js
139244 silly gunzTarPerm modified mode [ '2022/SymbolDescriptiveString.js', 420, 438 ]
139245 silly gunzTarPerm extractEntry 2023/SymbolDescriptiveString.js
139246 silly gunzTarPerm modified mode [ '2023/SymbolDescriptiveString.js', 420, 438 ]
139247 silly gunzTarPerm extractEntry 2024/SymbolDescriptiveString.js
139248 silly gunzTarPerm modified mode [ '2024/SymbolDescriptiveString.js', 420, 438 ]
139249 silly gunzTarPerm extractEntry 2024/SystemTimeZoneIdentifier.js
139250 silly gunzTarPerm modified mode [ '2024/SystemTimeZoneIdentifier.js', 420, 438 ]
139251 silly gunzTarPerm extractEntry 2015/TestIntegrityLevel.js
139252 silly gunzTarPerm modified mode [ '2015/TestIntegrityLevel.js', 420, 438 ]
139253 silly gunzTarPerm extractEntry 2016/TestIntegrityLevel.js
139254 silly gunzTarPerm modified mode [ '2016/TestIntegrityLevel.js', 420, 438 ]
139255 silly gunzTarPerm extractEntry 2017/TestIntegrityLevel.js
139256 silly gunzTarPerm modified mode [ '2017/TestIntegrityLevel.js', 420, 438 ]
139257 silly gunzTarPerm extractEntry 2018/TestIntegrityLevel.js
139258 silly gunzTarPerm modified mode [ '2018/TestIntegrityLevel.js', 420, 438 ]
139259 silly gunzTarPerm extractEntry 2019/TestIntegrityLevel.js
139260 silly gunzTarPerm modified mode [ '2019/TestIntegrityLevel.js', 420, 438 ]
139261 silly gunzTarPerm extractEntry 2020/TestIntegrityLevel.js
139262 silly gunzTarPerm modified mode [ '2020/TestIntegrityLevel.js', 420, 438 ]
139263 silly gunzTarPerm extractEntry 2021/TestIntegrityLevel.js
139264 silly gunzTarPerm modified mode [ '2021/TestIntegrityLevel.js', 420, 438 ]
139265 silly gunzTarPerm extractEntry 2022/TestIntegrityLevel.js
139266 silly gunzTarPerm modified mode [ '2022/TestIntegrityLevel.js', 420, 438 ]
139267 silly gunzTarPerm extractEntry 2023/TestIntegrityLevel.js
139268 silly gunzTarPerm modified mode [ '2023/TestIntegrityLevel.js', 420, 438 ]
139269 silly gunzTarPerm extractEntry 2024/TestIntegrityLevel.js
139270 silly gunzTarPerm modified mode [ '2024/TestIntegrityLevel.js', 420, 438 ]
139271 silly gunzTarPerm extractEntry 2020/thisBigIntValue.js
139272 silly gunzTarPerm modified mode [ '2020/thisBigIntValue.js', 420, 438 ]
139273 silly gunzTarPerm extractEntry 2021/thisBigIntValue.js
139274 silly gunzTarPerm modified mode [ '2021/thisBigIntValue.js', 420, 438 ]
139275 silly gunzTarPerm extractEntry 2022/thisBigIntValue.js
139276 silly gunzTarPerm modified mode [ '2022/thisBigIntValue.js', 420, 438 ]
139277 silly gunzTarPerm extractEntry 2023/thisBigIntValue.js
139278 silly gunzTarPerm modified mode [ '2023/thisBigIntValue.js', 420, 438 ]
139279 silly gunzTarPerm extractEntry 2024/ThisBigIntValue.js
139280 silly gunzTarPerm modified mode [ '2024/ThisBigIntValue.js', 420, 438 ]
139281 silly gunzTarPerm extractEntry 2015/thisBooleanValue.js
139282 silly gunzTarPerm modified mode [ '2015/thisBooleanValue.js', 420, 438 ]
139283 silly gunzTarPerm extractEntry 2016/thisBooleanValue.js
139284 silly gunzTarPerm modified mode [ '2016/thisBooleanValue.js', 420, 438 ]
139285 silly gunzTarPerm extractEntry 2017/thisBooleanValue.js
139286 silly gunzTarPerm modified mode [ '2017/thisBooleanValue.js', 420, 438 ]
139287 silly gunzTarPerm extractEntry 2018/thisBooleanValue.js
139288 silly gunzTarPerm modified mode [ '2018/thisBooleanValue.js', 420, 438 ]
139289 silly gunzTarPerm extractEntry 2019/thisBooleanValue.js
139290 silly gunzTarPerm modified mode [ '2019/thisBooleanValue.js', 420, 438 ]
139291 silly gunzTarPerm extractEntry 2020/thisBooleanValue.js
139292 silly gunzTarPerm modified mode [ '2020/thisBooleanValue.js', 420, 438 ]
139293 silly gunzTarPerm extractEntry 2021/thisBooleanValue.js
139294 silly gunzTarPerm modified mode [ '2021/thisBooleanValue.js', 420, 438 ]
139295 silly gunzTarPerm extractEntry 2022/thisBooleanValue.js
139296 silly gunzTarPerm modified mode [ '2022/thisBooleanValue.js', 420, 438 ]
139297 silly gunzTarPerm extractEntry 2023/thisBooleanValue.js
139298 silly gunzTarPerm modified mode [ '2023/thisBooleanValue.js', 420, 438 ]
139299 silly gunzTarPerm extractEntry 2024/ThisBooleanValue.js
139300 silly gunzTarPerm modified mode [ '2024/ThisBooleanValue.js', 420, 438 ]
139301 silly gunzTarPerm extractEntry 2015/thisNumberValue.js
139302 silly gunzTarPerm modified mode [ '2015/thisNumberValue.js', 420, 438 ]
139303 silly gunzTarPerm extractEntry 2016/thisNumberValue.js
139304 silly gunzTarPerm modified mode [ '2016/thisNumberValue.js', 420, 438 ]
139305 silly gunzTarPerm extractEntry 2017/thisNumberValue.js
139306 silly gunzTarPerm modified mode [ '2017/thisNumberValue.js', 420, 438 ]
139307 silly gunzTarPerm extractEntry 2018/thisNumberValue.js
139308 silly gunzTarPerm modified mode [ '2018/thisNumberValue.js', 420, 438 ]
139309 silly gunzTarPerm extractEntry 2019/thisNumberValue.js
139310 silly gunzTarPerm modified mode [ '2019/thisNumberValue.js', 420, 438 ]
139311 silly gunzTarPerm extractEntry 2020/thisNumberValue.js
139312 silly gunzTarPerm modified mode [ '2020/thisNumberValue.js', 420, 438 ]
139313 silly gunzTarPerm extractEntry 2021/thisNumberValue.js
139314 silly gunzTarPerm modified mode [ '2021/thisNumberValue.js', 420, 438 ]
139315 silly gunzTarPerm extractEntry 2022/thisNumberValue.js
139316 silly gunzTarPerm modified mode [ '2022/thisNumberValue.js', 420, 438 ]
139317 silly gunzTarPerm extractEntry 2023/thisNumberValue.js
139318 silly gunzTarPerm modified mode [ '2023/thisNumberValue.js', 420, 438 ]
139319 silly gunzTarPerm extractEntry 2024/ThisNumberValue.js
139320 silly gunzTarPerm modified mode [ '2024/ThisNumberValue.js', 420, 438 ]
139321 silly gunzTarPerm extractEntry 2015/thisStringValue.js
139322 silly gunzTarPerm modified mode [ '2015/thisStringValue.js', 420, 438 ]
139323 silly gunzTarPerm extractEntry 2016/thisStringValue.js
139324 silly gunzTarPerm modified mode [ '2016/thisStringValue.js', 420, 438 ]
139325 silly gunzTarPerm extractEntry 2017/thisStringValue.js
139326 silly gunzTarPerm modified mode [ '2017/thisStringValue.js', 420, 438 ]
139327 silly gunzTarPerm extractEntry 2018/thisStringValue.js
139328 silly gunzTarPerm modified mode [ '2018/thisStringValue.js', 420, 438 ]
139329 silly gunzTarPerm extractEntry 2019/thisStringValue.js
139330 silly gunzTarPerm modified mode [ '2019/thisStringValue.js', 420, 438 ]
139331 silly gunzTarPerm extractEntry 2020/thisStringValue.js
139332 silly gunzTarPerm modified mode [ '2020/thisStringValue.js', 420, 438 ]
139333 silly gunzTarPerm extractEntry 2021/thisStringValue.js
139334 silly gunzTarPerm modified mode [ '2021/thisStringValue.js', 420, 438 ]
139335 silly gunzTarPerm extractEntry 2022/thisStringValue.js
139336 silly gunzTarPerm modified mode [ '2022/thisStringValue.js', 420, 438 ]
139337 silly gunzTarPerm extractEntry 2023/thisStringValue.js
139338 silly gunzTarPerm modified mode [ '2023/thisStringValue.js', 420, 438 ]
139339 silly gunzTarPerm extractEntry 2024/ThisStringValue.js
139340 silly gunzTarPerm modified mode [ '2024/ThisStringValue.js', 420, 438 ]
139341 silly gunzTarPerm extractEntry 2018/thisSymbolValue.js
139342 silly gunzTarPerm modified mode [ '2018/thisSymbolValue.js', 420, 438 ]
139343 silly gunzTarPerm extractEntry 2019/thisSymbolValue.js
139344 silly gunzTarPerm modified mode [ '2019/thisSymbolValue.js', 420, 438 ]
139345 silly gunzTarPerm extractEntry 2020/thisSymbolValue.js
139346 silly gunzTarPerm modified mode [ '2020/thisSymbolValue.js', 420, 438 ]
139347 silly gunzTarPerm extractEntry 2021/thisSymbolValue.js
139348 silly gunzTarPerm modified mode [ '2021/thisSymbolValue.js', 420, 438 ]
139349 silly gunzTarPerm extractEntry 2022/thisSymbolValue.js
139350 silly gunzTarPerm modified mode [ '2022/thisSymbolValue.js', 420, 438 ]
139351 silly gunzTarPerm extractEntry 2023/thisSymbolValue.js
139352 silly gunzTarPerm modified mode [ '2023/thisSymbolValue.js', 420, 438 ]
139353 silly gunzTarPerm extractEntry 2024/ThisSymbolValue.js
139354 silly gunzTarPerm modified mode [ '2024/ThisSymbolValue.js', 420, 438 ]
139355 silly gunzTarPerm extractEntry 2015/thisTimeValue.js
139356 silly gunzTarPerm modified mode [ '2015/thisTimeValue.js', 420, 438 ]
139357 silly gunzTarPerm extractEntry 2016/thisTimeValue.js
139358 silly gunzTarPerm modified mode [ '2016/thisTimeValue.js', 420, 438 ]
139359 silly gunzTarPerm extractEntry 2017/thisTimeValue.js
139360 silly gunzTarPerm modified mode [ '2017/thisTimeValue.js', 420, 438 ]
139361 silly gunzTarPerm extractEntry 2018/thisTimeValue.js
139362 silly gunzTarPerm modified mode [ '2018/thisTimeValue.js', 420, 438 ]
139363 silly gunzTarPerm extractEntry 2019/thisTimeValue.js
139364 silly gunzTarPerm modified mode [ '2019/thisTimeValue.js', 420, 438 ]
139365 silly gunzTarPerm extractEntry 2020/thisTimeValue.js
139366 silly gunzTarPerm modified mode [ '2020/thisTimeValue.js', 420, 438 ]
139367 silly gunzTarPerm extractEntry 2021/thisTimeValue.js
139368 silly gunzTarPerm modified mode [ '2021/thisTimeValue.js', 420, 438 ]
139369 silly gunzTarPerm extractEntry 2022/thisTimeValue.js
139370 silly gunzTarPerm modified mode [ '2022/thisTimeValue.js', 420, 438 ]
139371 silly gunzTarPerm extractEntry 2023/thisTimeValue.js
139372 silly gunzTarPerm modified mode [ '2023/thisTimeValue.js', 420, 438 ]
139373 silly gunzTarPerm extractEntry 2018/ThrowCompletion.js
139374 silly gunzTarPerm modified mode [ '2018/ThrowCompletion.js', 420, 438 ]
139375 silly gunzTarPerm extractEntry 2019/ThrowCompletion.js
139376 silly gunzTarPerm modified mode [ '2019/ThrowCompletion.js', 420, 438 ]
139377 silly gunzTarPerm extractEntry 2020/ThrowCompletion.js
139378 silly gunzTarPerm modified mode [ '2020/ThrowCompletion.js', 420, 438 ]
139379 silly gunzTarPerm extractEntry 2021/ThrowCompletion.js
139380 silly gunzTarPerm modified mode [ '2021/ThrowCompletion.js', 420, 438 ]
139381 silly gunzTarPerm extractEntry 2022/ThrowCompletion.js
139382 silly gunzTarPerm modified mode [ '2022/ThrowCompletion.js', 420, 438 ]
139383 silly gunzTarPerm extractEntry 2023/ThrowCompletion.js
139384 silly gunzTarPerm modified mode [ '2023/ThrowCompletion.js', 420, 438 ]
139385 silly gunzTarPerm extractEntry 2024/ThrowCompletion.js
139386 silly gunzTarPerm modified mode [ '2024/ThrowCompletion.js', 420, 438 ]
139387 silly gunzTarPerm extractEntry 2015/TimeClip.js
139388 silly gunzTarPerm modified mode [ '2015/TimeClip.js', 420, 438 ]
139389 silly gunzTarPerm extractEntry 2016/TimeClip.js
139390 silly gunzTarPerm modified mode [ '2016/TimeClip.js', 420, 438 ]
139391 silly gunzTarPerm extractEntry 2017/TimeClip.js
139392 silly gunzTarPerm modified mode [ '2017/TimeClip.js', 420, 438 ]
139393 silly gunzTarPerm extractEntry 2018/TimeClip.js
139394 silly gunzTarPerm modified mode [ '2018/TimeClip.js', 420, 438 ]
139395 silly gunzTarPerm extractEntry 2019/TimeClip.js
139396 silly gunzTarPerm modified mode [ '2019/TimeClip.js', 420, 438 ]
139397 silly gunzTarPerm extractEntry 2020/TimeClip.js
139398 silly gunzTarPerm modified mode [ '2020/TimeClip.js', 420, 438 ]
139399 silly gunzTarPerm extractEntry 2021/TimeClip.js
139400 silly gunzTarPerm modified mode [ '2021/TimeClip.js', 420, 438 ]
139401 silly gunzTarPerm extractEntry 2022/TimeClip.js
139402 silly gunzTarPerm modified mode [ '2022/TimeClip.js', 420, 438 ]
139403 silly gunzTarPerm extractEntry 2023/TimeClip.js
139404 silly gunzTarPerm modified mode [ '2023/TimeClip.js', 420, 438 ]
139405 silly gunzTarPerm extractEntry 2024/TimeClip.js
139406 silly gunzTarPerm modified mode [ '2024/TimeClip.js', 420, 438 ]
139407 silly gunzTarPerm extractEntry 5/TimeClip.js
139408 silly gunzTarPerm modified mode [ '5/TimeClip.js', 420, 438 ]
139409 silly gunzTarPerm extractEntry helpers/timeConstants.js
139410 silly gunzTarPerm modified mode [ 'helpers/timeConstants.js', 420, 438 ]
139411 silly gunzTarPerm extractEntry 2015/TimeFromYear.js
139412 silly gunzTarPerm modified mode [ '2015/TimeFromYear.js', 420, 438 ]
139413 silly gunzTarPerm extractEntry 2016/TimeFromYear.js
139414 silly gunzTarPerm modified mode [ '2016/TimeFromYear.js', 420, 438 ]
139415 silly gunzTarPerm extractEntry 2017/TimeFromYear.js
139416 silly gunzTarPerm modified mode [ '2017/TimeFromYear.js', 420, 438 ]
139417 silly gunzTarPerm extractEntry 2018/TimeFromYear.js
139418 silly gunzTarPerm modified mode [ '2018/TimeFromYear.js', 420, 438 ]
139419 silly gunzTarPerm extractEntry 2019/TimeFromYear.js
139420 silly gunzTarPerm modified mode [ '2019/TimeFromYear.js', 420, 438 ]
139421 silly gunzTarPerm extractEntry 2020/TimeFromYear.js
139422 silly gunzTarPerm modified mode [ '2020/TimeFromYear.js', 420, 438 ]
139423 silly gunzTarPerm extractEntry 2021/TimeFromYear.js
139424 silly gunzTarPerm modified mode [ '2021/TimeFromYear.js', 420, 438 ]
139425 silly gunzTarPerm extractEntry 2022/TimeFromYear.js
139426 silly gunzTarPerm modified mode [ '2022/TimeFromYear.js', 420, 438 ]
139427 silly gunzTarPerm extractEntry 2023/TimeFromYear.js
139428 silly gunzTarPerm modified mode [ '2023/TimeFromYear.js', 420, 438 ]
139429 silly gunzTarPerm extractEntry 2024/TimeFromYear.js
139430 silly gunzTarPerm modified mode [ '2024/TimeFromYear.js', 420, 438 ]
139431 silly gunzTarPerm extractEntry 5/TimeFromYear.js
139432 silly gunzTarPerm modified mode [ '5/TimeFromYear.js', 420, 438 ]
139433 silly gunzTarPerm extractEntry 2018/TimeString.js
139434 silly gunzTarPerm modified mode [ '2018/TimeString.js', 420, 438 ]
139435 silly gunzTarPerm extractEntry 2019/TimeString.js
139436 silly gunzTarPerm modified mode [ '2019/TimeString.js', 420, 438 ]
139437 silly gunzTarPerm extractEntry 2020/TimeString.js
139438 silly gunzTarPerm modified mode [ '2020/TimeString.js', 420, 438 ]
139439 silly gunzTarPerm extractEntry 2021/TimeString.js
139440 silly gunzTarPerm modified mode [ '2021/TimeString.js', 420, 438 ]
139441 silly gunzTarPerm extractEntry 2022/TimeString.js
139442 silly gunzTarPerm modified mode [ '2022/TimeString.js', 420, 438 ]
139443 silly gunzTarPerm extractEntry 2023/TimeString.js
139444 silly gunzTarPerm modified mode [ '2023/TimeString.js', 420, 438 ]
139445 silly gunzTarPerm extractEntry 2024/TimeString.js
139446 silly gunzTarPerm modified mode [ '2024/TimeString.js', 420, 438 ]
139447 silly gunzTarPerm extractEntry helpers/timeValue.js
139448 silly gunzTarPerm modified mode [ 'helpers/timeValue.js', 420, 438 ]
139449 silly gunzTarPerm extractEntry 2015/TimeWithinDay.js
139450 silly gunzTarPerm modified mode [ '2015/TimeWithinDay.js', 420, 438 ]
139451 silly gunzTarPerm extractEntry 2016/TimeWithinDay.js
139452 silly gunzTarPerm modified mode [ '2016/TimeWithinDay.js', 420, 438 ]
139453 silly gunzTarPerm extractEntry 2017/TimeWithinDay.js
139454 silly gunzTarPerm modified mode [ '2017/TimeWithinDay.js', 420, 438 ]
139455 silly gunzTarPerm extractEntry 2018/TimeWithinDay.js
139456 silly gunzTarPerm modified mode [ '2018/TimeWithinDay.js', 420, 438 ]
139457 silly gunzTarPerm extractEntry 2019/TimeWithinDay.js
139458 silly gunzTarPerm modified mode [ '2019/TimeWithinDay.js', 420, 438 ]
139459 silly gunzTarPerm extractEntry 2020/TimeWithinDay.js
139460 silly gunzTarPerm modified mode [ '2020/TimeWithinDay.js', 420, 438 ]
139461 silly gunzTarPerm extractEntry 2021/TimeWithinDay.js
139462 silly gunzTarPerm modified mode [ '2021/TimeWithinDay.js', 420, 438 ]
139463 silly gunzTarPerm extractEntry 2022/TimeWithinDay.js
139464 silly gunzTarPerm modified mode [ '2022/TimeWithinDay.js', 420, 438 ]
139465 silly gunzTarPerm extractEntry 2023/TimeWithinDay.js
139466 silly gunzTarPerm modified mode [ '2023/TimeWithinDay.js', 420, 438 ]
139467 silly gunzTarPerm extractEntry 2024/TimeWithinDay.js
139468 silly gunzTarPerm modified mode [ '2024/TimeWithinDay.js', 420, 438 ]
139469 silly gunzTarPerm extractEntry 5/TimeWithinDay.js
139470 silly gunzTarPerm modified mode [ '5/TimeWithinDay.js', 420, 438 ]
139471 silly gunzTarPerm extractEntry 2018/TimeZoneString.js
139472 silly gunzTarPerm modified mode [ '2018/TimeZoneString.js', 420, 438 ]
139473 silly gunzTarPerm extractEntry 2019/TimeZoneString.js
139474 silly gunzTarPerm modified mode [ '2019/TimeZoneString.js', 420, 438 ]
139475 silly gunzTarPerm extractEntry 2020/TimeZoneString.js
139476 silly gunzTarPerm modified mode [ '2020/TimeZoneString.js', 420, 438 ]
139477 silly gunzTarPerm extractEntry 2021/TimeZoneString.js
139478 silly gunzTarPerm modified mode [ '2021/TimeZoneString.js', 420, 438 ]
139479 silly gunzTarPerm extractEntry 2022/TimeZoneString.js
139480 silly gunzTarPerm modified mode [ '2022/TimeZoneString.js', 420, 438 ]
139481 silly gunzTarPerm extractEntry 2023/TimeZoneString.js
139482 silly gunzTarPerm modified mode [ '2023/TimeZoneString.js', 420, 438 ]
139483 silly gunzTarPerm extractEntry 2024/TimeZoneString.js
139484 silly gunzTarPerm modified mode [ '2024/TimeZoneString.js', 420, 438 ]
139485 silly gentlyRm C:\Users\Dell\Documents\INV\inventory\node_modules\.staging\caniuse-lite-fce0b696\node_modules is being purged
139486 verbose gentlyRm don't care about contents; nuking C:\Users\Dell\Documents\INV\inventory\node_modules\.staging\caniuse-lite-fce0b696\node_modules
139487 silly gunzTarPerm extractEntry 2020/ToBigInt.js
139488 silly gunzTarPerm modified mode [ '2020/ToBigInt.js', 420, 438 ]
139489 silly gunzTarPerm extractEntry 2021/ToBigInt.js
139490 silly gunzTarPerm modified mode [ '2021/ToBigInt.js', 420, 438 ]
139491 silly gunzTarPerm extractEntry 2022/ToBigInt.js
139492 silly gunzTarPerm modified mode [ '2022/ToBigInt.js', 420, 438 ]
139493 silly gunzTarPerm extractEntry 2023/ToBigInt.js
139494 silly gunzTarPerm modified mode [ '2023/ToBigInt.js', 420, 438 ]
139495 silly gunzTarPerm extractEntry 2024/ToBigInt.js
139496 silly gunzTarPerm modified mode [ '2024/ToBigInt.js', 420, 438 ]
139497 silly gunzTarPerm extractEntry 2020/ToBigInt64.js
139498 silly gunzTarPerm modified mode [ '2020/ToBigInt64.js', 420, 438 ]
139499 silly gunzTarPerm extractEntry 2021/ToBigInt64.js
139500 silly gunzTarPerm modified mode [ '2021/ToBigInt64.js', 420, 438 ]
139501 silly gunzTarPerm extractEntry 2022/ToBigInt64.js
139502 silly gunzTarPerm modified mode [ '2022/ToBigInt64.js', 420, 438 ]
139503 silly gunzTarPerm extractEntry 2023/ToBigInt64.js
139504 silly gunzTarPerm modified mode [ '2023/ToBigInt64.js', 420, 438 ]
139505 silly gunzTarPerm extractEntry 2024/ToBigInt64.js
139506 silly gunzTarPerm modified mode [ '2024/ToBigInt64.js', 420, 438 ]
139507 silly gunzTarPerm extractEntry 2020/ToBigUint64.js
139508 silly gunzTarPerm modified mode [ '2020/ToBigUint64.js', 420, 438 ]
139509 silly gunzTarPerm extractEntry 2021/ToBigUint64.js
139510 silly gunzTarPerm modified mode [ '2021/ToBigUint64.js', 420, 438 ]
139511 silly gunzTarPerm extractEntry 2022/ToBigUint64.js
139512 silly gunzTarPerm modified mode [ '2022/ToBigUint64.js', 420, 438 ]
139513 silly gunzTarPerm extractEntry 2023/ToBigUint64.js
139514 silly gunzTarPerm modified mode [ '2023/ToBigUint64.js', 420, 438 ]
139515 silly gunzTarPerm extractEntry 2024/ToBigUint64.js
139516 silly gunzTarPerm modified mode [ '2024/ToBigUint64.js', 420, 438 ]
139517 silly gunzTarPerm extractEntry 2015/ToBoolean.js
139518 silly gunzTarPerm modified mode [ '2015/ToBoolean.js', 420, 438 ]
139519 silly gunzTarPerm extractEntry 2016/ToBoolean.js
139520 silly gunzTarPerm modified mode [ '2016/ToBoolean.js', 420, 438 ]
139521 silly gunzTarPerm extractEntry 2017/ToBoolean.js
139522 silly gunzTarPerm modified mode [ '2017/ToBoolean.js', 420, 438 ]
139523 silly gunzTarPerm extractEntry 2018/ToBoolean.js
139524 silly gunzTarPerm modified mode [ '2018/ToBoolean.js', 420, 438 ]
139525 silly gunzTarPerm extractEntry 2019/ToBoolean.js
139526 silly gunzTarPerm modified mode [ '2019/ToBoolean.js', 420, 438 ]
139527 silly gunzTarPerm extractEntry 2020/ToBoolean.js
139528 silly gunzTarPerm modified mode [ '2020/ToBoolean.js', 420, 438 ]
139529 silly gunzTarPerm extractEntry 2021/ToBoolean.js
139530 silly gunzTarPerm modified mode [ '2021/ToBoolean.js', 420, 438 ]
139531 silly gunzTarPerm extractEntry 2022/ToBoolean.js
139532 silly gunzTarPerm modified mode [ '2022/ToBoolean.js', 420, 438 ]
139533 silly gunzTarPerm extractEntry 2023/ToBoolean.js
139534 silly gunzTarPerm modified mode [ '2023/ToBoolean.js', 420, 438 ]
139535 silly gunzTarPerm extractEntry 2024/ToBoolean.js
139536 silly gunzTarPerm modified mode [ '2024/ToBoolean.js', 420, 438 ]
139537 silly gunzTarPerm extractEntry 5/ToBoolean.js
139538 silly gunzTarPerm modified mode [ '5/ToBoolean.js', 420, 438 ]
139539 silly gunzTarPerm extractEntry 2015/ToDateString.js
139540 silly gunzTarPerm modified mode [ '2015/ToDateString.js', 420, 438 ]
139541 silly gunzTarPerm extractEntry 2016/ToDateString.js
139542 silly gunzTarPerm modified mode [ '2016/ToDateString.js', 420, 438 ]
139543 silly gunzTarPerm extractEntry 2017/ToDateString.js
139544 silly gunzTarPerm modified mode [ '2017/ToDateString.js', 420, 438 ]
139545 silly gunzTarPerm extractEntry 2018/ToDateString.js
139546 silly gunzTarPerm modified mode [ '2018/ToDateString.js', 420, 438 ]
139547 silly gunzTarPerm extractEntry 2019/ToDateString.js
139548 silly gunzTarPerm modified mode [ '2019/ToDateString.js', 420, 438 ]
139549 silly gunzTarPerm extractEntry 2020/ToDateString.js
139550 silly gunzTarPerm modified mode [ '2020/ToDateString.js', 420, 438 ]
139551 silly gunzTarPerm extractEntry 2021/ToDateString.js
139552 silly gunzTarPerm modified mode [ '2021/ToDateString.js', 420, 438 ]
139553 silly gunzTarPerm extractEntry 2022/ToDateString.js
139554 silly gunzTarPerm modified mode [ '2022/ToDateString.js', 420, 438 ]
139555 silly gunzTarPerm extractEntry 2023/ToDateString.js
139556 silly gunzTarPerm modified mode [ '2023/ToDateString.js', 420, 438 ]
139557 silly gunzTarPerm extractEntry 2024/ToDateString.js
139558 silly gunzTarPerm modified mode [ '2024/ToDateString.js', 420, 438 ]
139559 silly gunzTarPerm extractEntry 2017/ToIndex.js
139560 silly gunzTarPerm modified mode [ '2017/ToIndex.js', 420, 438 ]
139561 silly gunzTarPerm extractEntry 2018/ToIndex.js
139562 silly gunzTarPerm modified mode [ '2018/ToIndex.js', 420, 438 ]
139563 silly gunzTarPerm extractEntry 2019/ToIndex.js
139564 silly gunzTarPerm modified mode [ '2019/ToIndex.js', 420, 438 ]
139565 silly gunzTarPerm extractEntry 2020/ToIndex.js
139566 silly gunzTarPerm modified mode [ '2020/ToIndex.js', 420, 438 ]
139567 silly gunzTarPerm extractEntry 2021/ToIndex.js
139568 silly gunzTarPerm modified mode [ '2021/ToIndex.js', 420, 438 ]
139569 silly gunzTarPerm extractEntry 2022/ToIndex.js
139570 silly gunzTarPerm modified mode [ '2022/ToIndex.js', 420, 438 ]
139571 silly gunzTarPerm extractEntry 2023/ToIndex.js
139572 silly gunzTarPerm modified mode [ '2023/ToIndex.js', 420, 438 ]
139573 silly gunzTarPerm extractEntry 2024/ToIndex.js
139574 silly gunzTarPerm modified mode [ '2024/ToIndex.js', 420, 438 ]
139575 silly gunzTarPerm extractEntry 2015/ToInt16.js
139576 silly gunzTarPerm modified mode [ '2015/ToInt16.js', 420, 438 ]
139577 silly gunzTarPerm extractEntry 2016/ToInt16.js
139578 silly gunzTarPerm modified mode [ '2016/ToInt16.js', 420, 438 ]
139579 silly gunzTarPerm extractEntry 2017/ToInt16.js
139580 silly gunzTarPerm modified mode [ '2017/ToInt16.js', 420, 438 ]
139581 silly gunzTarPerm extractEntry 2018/ToInt16.js
139582 silly gunzTarPerm modified mode [ '2018/ToInt16.js', 420, 438 ]
139583 silly gunzTarPerm extractEntry 2019/ToInt16.js
139584 silly gunzTarPerm modified mode [ '2019/ToInt16.js', 420, 438 ]
139585 silly gunzTarPerm extractEntry 2020/ToInt16.js
139586 silly gunzTarPerm modified mode [ '2020/ToInt16.js', 420, 438 ]
139587 silly gunzTarPerm extractEntry 2021/ToInt16.js
139588 silly gunzTarPerm modified mode [ '2021/ToInt16.js', 420, 438 ]
139589 silly gunzTarPerm extractEntry 2022/ToInt16.js
139590 silly gunzTarPerm modified mode [ '2022/ToInt16.js', 420, 438 ]
139591 silly gunzTarPerm extractEntry 2023/ToInt16.js
139592 silly gunzTarPerm modified mode [ '2023/ToInt16.js', 420, 438 ]
139593 silly gunzTarPerm extractEntry 2024/ToInt16.js
139594 silly gunzTarPerm modified mode [ '2024/ToInt16.js', 420, 438 ]
139595 silly gunzTarPerm extractEntry 2015/ToInt32.js
139596 silly gunzTarPerm modified mode [ '2015/ToInt32.js', 420, 438 ]
139597 silly gunzTarPerm extractEntry 2016/ToInt32.js
139598 silly gunzTarPerm modified mode [ '2016/ToInt32.js', 420, 438 ]
139599 silly gunzTarPerm extractEntry 2017/ToInt32.js
139600 silly gunzTarPerm modified mode [ '2017/ToInt32.js', 420, 438 ]
139601 silly gunzTarPerm extractEntry 2018/ToInt32.js
139602 silly gunzTarPerm modified mode [ '2018/ToInt32.js', 420, 438 ]
139603 silly gunzTarPerm extractEntry 2019/ToInt32.js
139604 silly gunzTarPerm modified mode [ '2019/ToInt32.js', 420, 438 ]
139605 silly gunzTarPerm extractEntry 2020/ToInt32.js
139606 silly gunzTarPerm modified mode [ '2020/ToInt32.js', 420, 438 ]
139607 silly gunzTarPerm extractEntry 2021/ToInt32.js
139608 silly gunzTarPerm modified mode [ '2021/ToInt32.js', 420, 438 ]
139609 silly gunzTarPerm extractEntry 2022/ToInt32.js
139610 silly gunzTarPerm modified mode [ '2022/ToInt32.js', 420, 438 ]
139611 silly gunzTarPerm extractEntry 2023/ToInt32.js
139612 silly gunzTarPerm modified mode [ '2023/ToInt32.js', 420, 438 ]
139613 silly gunzTarPerm extractEntry 2024/ToInt32.js
139614 silly gunzTarPerm modified mode [ '2024/ToInt32.js', 420, 438 ]
139615 silly gunzTarPerm extractEntry 5/ToInt32.js
139616 silly gunzTarPerm modified mode [ '5/ToInt32.js', 420, 438 ]
139617 silly gunzTarPerm extractEntry 2015/ToInt8.js
139618 silly gunzTarPerm modified mode [ '2015/ToInt8.js', 420, 438 ]
139619 silly gunzTarPerm extractEntry 2016/ToInt8.js
139620 silly gunzTarPerm modified mode [ '2016/ToInt8.js', 420, 438 ]
139621 silly gunzTarPerm extractEntry 2017/ToInt8.js
139622 silly gunzTarPerm modified mode [ '2017/ToInt8.js', 420, 438 ]
139623 silly gunzTarPerm extractEntry 2018/ToInt8.js
139624 silly gunzTarPerm modified mode [ '2018/ToInt8.js', 420, 438 ]
139625 silly gunzTarPerm extractEntry 2019/ToInt8.js
139626 silly gunzTarPerm modified mode [ '2019/ToInt8.js', 420, 438 ]
139627 silly gunzTarPerm extractEntry 2020/ToInt8.js
139628 silly gunzTarPerm modified mode [ '2020/ToInt8.js', 420, 438 ]
139629 silly gunzTarPerm extractEntry 2021/ToInt8.js
139630 silly gunzTarPerm modified mode [ '2021/ToInt8.js', 420, 438 ]
139631 silly gunzTarPerm extractEntry 2022/ToInt8.js
139632 silly gunzTarPerm modified mode [ '2022/ToInt8.js', 420, 438 ]
139633 silly gunzTarPerm extractEntry 2023/ToInt8.js
139634 silly gunzTarPerm modified mode [ '2023/ToInt8.js', 420, 438 ]
139635 silly gunzTarPerm extractEntry 2024/ToInt8.js
139636 silly gunzTarPerm modified mode [ '2024/ToInt8.js', 420, 438 ]
139637 silly gunzTarPerm extractEntry 2015/ToInteger.js
139638 silly gunzTarPerm modified mode [ '2015/ToInteger.js', 420, 438 ]
139639 silly gunzTarPerm extractEntry 2016/ToInteger.js
139640 silly gunzTarPerm modified mode [ '2016/ToInteger.js', 420, 438 ]
139641 silly gunzTarPerm extractEntry 2017/ToInteger.js
139642 silly gunzTarPerm modified mode [ '2017/ToInteger.js', 420, 438 ]
139643 silly gunzTarPerm extractEntry 2018/ToInteger.js
139644 silly gunzTarPerm modified mode [ '2018/ToInteger.js', 420, 438 ]
139645 silly gunzTarPerm extractEntry 2019/ToInteger.js
139646 silly gunzTarPerm modified mode [ '2019/ToInteger.js', 420, 438 ]
139647 silly gunzTarPerm extractEntry 2020/ToInteger.js
139648 silly gunzTarPerm modified mode [ '2020/ToInteger.js', 420, 438 ]
139649 silly gunzTarPerm extractEntry 5/ToInteger.js
139650 silly gunzTarPerm modified mode [ '5/ToInteger.js', 420, 438 ]
139651 silly gunzTarPerm extractEntry 2021/ToIntegerOrInfinity.js
139652 silly gunzTarPerm modified mode [ '2021/ToIntegerOrInfinity.js', 420, 438 ]
139653 silly gunzTarPerm extractEntry 2022/ToIntegerOrInfinity.js
139654 silly gunzTarPerm modified mode [ '2022/ToIntegerOrInfinity.js', 420, 438 ]
139655 silly gunzTarPerm extractEntry 2023/ToIntegerOrInfinity.js
139656 silly gunzTarPerm modified mode [ '2023/ToIntegerOrInfinity.js', 420, 438 ]
139657 silly gunzTarPerm extractEntry 2024/ToIntegerOrInfinity.js
139658 silly gunzTarPerm modified mode [ '2024/ToIntegerOrInfinity.js', 420, 438 ]
139659 silly gunzTarPerm extractEntry 2015/ToLength.js
139660 silly gunzTarPerm modified mode [ '2015/ToLength.js', 420, 438 ]
139661 silly gunzTarPerm extractEntry 2016/ToLength.js
139662 silly gunzTarPerm modified mode [ '2016/ToLength.js', 420, 438 ]
139663 silly gunzTarPerm extractEntry 2017/ToLength.js
139664 silly gunzTarPerm modified mode [ '2017/ToLength.js', 420, 438 ]
139665 silly gunzTarPerm extractEntry 2018/ToLength.js
139666 silly gunzTarPerm modified mode [ '2018/ToLength.js', 420, 438 ]
139667 silly gunzTarPerm extractEntry 2019/ToLength.js
139668 silly gunzTarPerm modified mode [ '2019/ToLength.js', 420, 438 ]
139669 silly gunzTarPerm extractEntry 2020/ToLength.js
139670 silly gunzTarPerm modified mode [ '2020/ToLength.js', 420, 438 ]
139671 silly gunzTarPerm extractEntry 2021/ToLength.js
139672 silly gunzTarPerm modified mode [ '2021/ToLength.js', 420, 438 ]
139673 silly gunzTarPerm extractEntry 2022/ToLength.js
139674 silly gunzTarPerm modified mode [ '2022/ToLength.js', 420, 438 ]
139675 silly gunzTarPerm extractEntry 2023/ToLength.js
139676 silly gunzTarPerm modified mode [ '2023/ToLength.js', 420, 438 ]
139677 silly gunzTarPerm extractEntry 2024/ToLength.js
139678 silly gunzTarPerm modified mode [ '2024/ToLength.js', 420, 438 ]
139679 silly gunzTarPerm extractEntry 2015/ToNumber.js
139680 silly gunzTarPerm modified mode [ '2015/ToNumber.js', 420, 438 ]
139681 silly gunzTarPerm extractEntry 2016/ToNumber.js
139682 silly gunzTarPerm modified mode [ '2016/ToNumber.js', 420, 438 ]
139683 silly gunzTarPerm extractEntry 2017/ToNumber.js
139684 silly gunzTarPerm modified mode [ '2017/ToNumber.js', 420, 438 ]
139685 silly gunzTarPerm extractEntry 2018/ToNumber.js
139686 silly gunzTarPerm modified mode [ '2018/ToNumber.js', 420, 438 ]
139687 silly gunzTarPerm extractEntry 2019/ToNumber.js
139688 silly gunzTarPerm modified mode [ '2019/ToNumber.js', 420, 438 ]
139689 silly gunzTarPerm extractEntry 2020/ToNumber.js
139690 silly gunzTarPerm modified mode [ '2020/ToNumber.js', 420, 438 ]
139691 silly gunzTarPerm extractEntry 2021/ToNumber.js
139692 silly gunzTarPerm modified mode [ '2021/ToNumber.js', 420, 438 ]
139693 silly gunzTarPerm extractEntry 2022/ToNumber.js
139694 silly gunzTarPerm modified mode [ '2022/ToNumber.js', 420, 438 ]
139695 silly gunzTarPerm extractEntry 2023/ToNumber.js
139696 silly gunzTarPerm modified mode [ '2023/ToNumber.js', 420, 438 ]
139697 silly gunzTarPerm extractEntry 2024/ToNumber.js
139698 silly gunzTarPerm modified mode [ '2024/ToNumber.js', 420, 438 ]
139699 silly gunzTarPerm extractEntry 5/ToNumber.js
139700 silly gunzTarPerm modified mode [ '5/ToNumber.js', 420, 438 ]
139701 silly gunzTarPerm extractEntry 2020/ToNumeric.js
139702 silly gunzTarPerm modified mode [ '2020/ToNumeric.js', 420, 438 ]
139703 silly gunzTarPerm extractEntry 2021/ToNumeric.js
139704 silly gunzTarPerm modified mode [ '2021/ToNumeric.js', 420, 438 ]
139705 silly gunzTarPerm extractEntry 2022/ToNumeric.js
139706 silly gunzTarPerm modified mode [ '2022/ToNumeric.js', 420, 438 ]
139707 silly gunzTarPerm extractEntry 2023/ToNumeric.js
139708 silly gunzTarPerm modified mode [ '2023/ToNumeric.js', 420, 438 ]
139709 silly gunzTarPerm extractEntry 2024/ToNumeric.js
139710 silly gunzTarPerm modified mode [ '2024/ToNumeric.js', 420, 438 ]
139711 silly gunzTarPerm extractEntry 2015/ToObject.js
139712 silly gunzTarPerm modified mode [ '2015/ToObject.js', 420, 438 ]
139713 silly gunzTarPerm extractEntry 2016/ToObject.js
139714 silly gunzTarPerm modified mode [ '2016/ToObject.js', 420, 438 ]
139715 silly gunzTarPerm extractEntry 2017/ToObject.js
139716 silly gunzTarPerm modified mode [ '2017/ToObject.js', 420, 438 ]
139717 silly gunzTarPerm extractEntry 2018/ToObject.js
139718 silly gunzTarPerm modified mode [ '2018/ToObject.js', 420, 438 ]
139719 silly gunzTarPerm extractEntry 2019/ToObject.js
139720 silly gunzTarPerm modified mode [ '2019/ToObject.js', 420, 438 ]
139721 silly gunzTarPerm extractEntry 2020/ToObject.js
139722 silly gunzTarPerm modified mode [ '2020/ToObject.js', 420, 438 ]
139723 silly gunzTarPerm extractEntry 2021/ToObject.js
139724 silly gunzTarPerm modified mode [ '2021/ToObject.js', 420, 438 ]
139725 silly gunzTarPerm extractEntry 2022/ToObject.js
139726 silly gunzTarPerm modified mode [ '2022/ToObject.js', 420, 438 ]
139727 silly gunzTarPerm extractEntry 2023/ToObject.js
139728 silly gunzTarPerm modified mode [ '2023/ToObject.js', 420, 438 ]
139729 silly gunzTarPerm extractEntry 2024/ToObject.js
139730 silly gunzTarPerm modified mode [ '2024/ToObject.js', 420, 438 ]
139731 silly gunzTarPerm extractEntry 5/ToObject.js
139732 silly gunzTarPerm modified mode [ '5/ToObject.js', 420, 438 ]
139733 silly gunzTarPerm extractEntry 2015/ToPrimitive.js
139734 silly gunzTarPerm modified mode [ '2015/ToPrimitive.js', 420, 438 ]
139735 silly gunzTarPerm extractEntry 2016/ToPrimitive.js
139736 silly gunzTarPerm modified mode [ '2016/ToPrimitive.js', 420, 438 ]
139737 silly gunzTarPerm extractEntry 2017/ToPrimitive.js
139738 silly gunzTarPerm modified mode [ '2017/ToPrimitive.js', 420, 438 ]
139739 silly gunzTarPerm extractEntry 2018/ToPrimitive.js
139740 silly gunzTarPerm modified mode [ '2018/ToPrimitive.js', 420, 438 ]
139741 silly gunzTarPerm extractEntry 2019/ToPrimitive.js
139742 silly gunzTarPerm modified mode [ '2019/ToPrimitive.js', 420, 438 ]
139743 silly gunzTarPerm extractEntry 2020/ToPrimitive.js
139744 silly gunzTarPerm modified mode [ '2020/ToPrimitive.js', 420, 438 ]
139745 silly gunzTarPerm extractEntry 2021/ToPrimitive.js
139746 silly gunzTarPerm modified mode [ '2021/ToPrimitive.js', 420, 438 ]
139747 silly gunzTarPerm extractEntry 2022/ToPrimitive.js
139748 silly gunzTarPerm modified mode [ '2022/ToPrimitive.js', 420, 438 ]
139749 silly gunzTarPerm extractEntry 2023/ToPrimitive.js
139750 silly gunzTarPerm modified mode [ '2023/ToPrimitive.js', 420, 438 ]
139751 silly gunzTarPerm extractEntry 2024/ToPrimitive.js
139752 silly gunzTarPerm modified mode [ '2024/ToPrimitive.js', 420, 438 ]
139753 silly gunzTarPerm extractEntry 5/ToPrimitive.js
139754 silly gunzTarPerm modified mode [ '5/ToPrimitive.js', 420, 438 ]
139755 silly gunzTarPerm extractEntry 2015/ToPropertyDescriptor.js
139756 silly gunzTarPerm modified mode [ '2015/ToPropertyDescriptor.js', 420, 438 ]
139757 silly gunzTarPerm extractEntry 2016/ToPropertyDescriptor.js
139758 silly gunzTarPerm modified mode [ '2016/ToPropertyDescriptor.js', 420, 438 ]
139759 silly gunzTarPerm extractEntry 2017/ToPropertyDescriptor.js
139760 silly gunzTarPerm modified mode [ '2017/ToPropertyDescriptor.js', 420, 438 ]
139761 silly gunzTarPerm extractEntry 2018/ToPropertyDescriptor.js
139762 silly gunzTarPerm modified mode [ '2018/ToPropertyDescriptor.js', 420, 438 ]
139763 silly gunzTarPerm extractEntry 2019/ToPropertyDescriptor.js
139764 silly gunzTarPerm modified mode [ '2019/ToPropertyDescriptor.js', 420, 438 ]
139765 silly gunzTarPerm extractEntry 2020/ToPropertyDescriptor.js
139766 silly gunzTarPerm modified mode [ '2020/ToPropertyDescriptor.js', 420, 438 ]
139767 silly gunzTarPerm extractEntry 2021/ToPropertyDescriptor.js
139768 silly gunzTarPerm modified mode [ '2021/ToPropertyDescriptor.js', 420, 438 ]
139769 silly gunzTarPerm extractEntry 2022/ToPropertyDescriptor.js
139770 silly gunzTarPerm modified mode [ '2022/ToPropertyDescriptor.js', 420, 438 ]
139771 silly gunzTarPerm extractEntry 2023/ToPropertyDescriptor.js
139772 silly gunzTarPerm modified mode [ '2023/ToPropertyDescriptor.js', 420, 438 ]
139773 silly gunzTarPerm extractEntry 2024/ToPropertyDescriptor.js
139774 silly gunzTarPerm modified mode [ '2024/ToPropertyDescriptor.js', 420, 438 ]
139775 silly gunzTarPerm extractEntry 5/ToPropertyDescriptor.js
139776 silly gunzTarPerm modified mode [ '5/ToPropertyDescriptor.js', 420, 438 ]
139777 silly gunzTarPerm extractEntry 2015/ToPropertyKey.js
139778 silly gunzTarPerm modified mode [ '2015/ToPropertyKey.js', 420, 438 ]
139779 silly gunzTarPerm extractEntry 2016/ToPropertyKey.js
139780 silly gunzTarPerm modified mode [ '2016/ToPropertyKey.js', 420, 438 ]
139781 silly gunzTarPerm extractEntry 2017/ToPropertyKey.js
139782 silly gunzTarPerm modified mode [ '2017/ToPropertyKey.js', 420, 438 ]
139783 silly gunzTarPerm extractEntry 2018/ToPropertyKey.js
139784 silly gunzTarPerm modified mode [ '2018/ToPropertyKey.js', 420, 438 ]
139785 silly gunzTarPerm extractEntry 2019/ToPropertyKey.js
139786 silly gunzTarPerm modified mode [ '2019/ToPropertyKey.js', 420, 438 ]
139787 silly gunzTarPerm extractEntry 2020/ToPropertyKey.js
139788 silly gunzTarPerm modified mode [ '2020/ToPropertyKey.js', 420, 438 ]
139789 silly gunzTarPerm extractEntry 2021/ToPropertyKey.js
139790 silly gunzTarPerm modified mode [ '2021/ToPropertyKey.js', 420, 438 ]
139791 silly gunzTarPerm extractEntry 2022/ToPropertyKey.js
139792 silly gunzTarPerm modified mode [ '2022/ToPropertyKey.js', 420, 438 ]
139793 silly gunzTarPerm extractEntry 2023/ToPropertyKey.js
139794 silly gunzTarPerm modified mode [ '2023/ToPropertyKey.js', 420, 438 ]
139795 silly gunzTarPerm extractEntry 2024/ToPropertyKey.js
139796 silly gunzTarPerm modified mode [ '2024/ToPropertyKey.js', 420, 438 ]
139797 silly gunzTarPerm extractEntry 2015/ToString.js
139798 silly gunzTarPerm modified mode [ '2015/ToString.js', 420, 438 ]
139799 silly gunzTarPerm extractEntry 2016/ToString.js
139800 silly gunzTarPerm modified mode [ '2016/ToString.js', 420, 438 ]
139801 silly gunzTarPerm extractEntry 2017/ToString.js
139802 silly gunzTarPerm modified mode [ '2017/ToString.js', 420, 438 ]
139803 silly gunzTarPerm extractEntry 2018/ToString.js
139804 silly gunzTarPerm modified mode [ '2018/ToString.js', 420, 438 ]
139805 silly gunzTarPerm extractEntry 2019/ToString.js
139806 silly gunzTarPerm modified mode [ '2019/ToString.js', 420, 438 ]
139807 silly gunzTarPerm extractEntry 2020/BigInt/toString.js
139808 silly gunzTarPerm modified mode [ '2020/BigInt/toString.js', 420, 438 ]
139809 silly gunzTarPerm extractEntry 2020/Number/toString.js
139810 silly gunzTarPerm modified mode [ '2020/Number/toString.js', 420, 438 ]
139811 silly gunzTarPerm extractEntry 2020/ToString.js
139812 silly gunzTarPerm modified mode [ '2020/ToString.js', 420, 438 ]
139813 silly gunzTarPerm extractEntry 2021/BigInt/toString.js
139814 silly gunzTarPerm modified mode [ '2021/BigInt/toString.js', 420, 438 ]
139815 silly gunzTarPerm extractEntry 2021/Number/toString.js
139816 silly gunzTarPerm modified mode [ '2021/Number/toString.js', 420, 438 ]
139817 silly gunzTarPerm extractEntry 2021/ToString.js
139818 silly gunzTarPerm modified mode [ '2021/ToString.js', 420, 438 ]
139819 silly gunzTarPerm extractEntry 2022/BigInt/toString.js
139820 silly gunzTarPerm modified mode [ '2022/BigInt/toString.js', 420, 438 ]
139821 silly gunzTarPerm extractEntry 2022/Number/toString.js
139822 silly gunzTarPerm modified mode [ '2022/Number/toString.js', 420, 438 ]
139823 silly gunzTarPerm extractEntry 2022/ToString.js
139824 silly gunzTarPerm modified mode [ '2022/ToString.js', 420, 438 ]
139825 silly gunzTarPerm extractEntry 2023/BigInt/toString.js
139826 silly gunzTarPerm modified mode [ '2023/BigInt/toString.js', 420, 438 ]
139827 silly gunzTarPerm extractEntry 2023/Number/toString.js
139828 silly gunzTarPerm modified mode [ '2023/Number/toString.js', 420, 438 ]
139829 silly gunzTarPerm extractEntry 2023/ToString.js
139830 silly gunzTarPerm modified mode [ '2023/ToString.js', 420, 438 ]
139831 silly gunzTarPerm extractEntry 2024/BigInt/toString.js
139832 silly gunzTarPerm modified mode [ '2024/BigInt/toString.js', 420, 438 ]
139833 silly gunzTarPerm extractEntry 2024/Number/toString.js
139834 silly gunzTarPerm modified mode [ '2024/Number/toString.js', 420, 438 ]
139835 silly gunzTarPerm extractEntry 2024/ToString.js
139836 silly gunzTarPerm modified mode [ '2024/ToString.js', 420, 438 ]
139837 silly gunzTarPerm extractEntry 5/ToString.js
139838 silly gunzTarPerm modified mode [ '5/ToString.js', 420, 438 ]
139839 silly gunzTarPerm extractEntry 2015/ToUint16.js
139840 silly gunzTarPerm modified mode [ '2015/ToUint16.js', 420, 438 ]
139841 silly gunzTarPerm extractEntry 2016/ToUint16.js
139842 silly gunzTarPerm modified mode [ '2016/ToUint16.js', 420, 438 ]
139843 silly gunzTarPerm extractEntry 2017/ToUint16.js
139844 silly gunzTarPerm modified mode [ '2017/ToUint16.js', 420, 438 ]
139845 silly gunzTarPerm extractEntry 2018/ToUint16.js
139846 silly gunzTarPerm modified mode [ '2018/ToUint16.js', 420, 438 ]
139847 silly gunzTarPerm extractEntry 2019/ToUint16.js
139848 silly gunzTarPerm modified mode [ '2019/ToUint16.js', 420, 438 ]
139849 silly gunzTarPerm extractEntry 2020/ToUint16.js
139850 silly gunzTarPerm modified mode [ '2020/ToUint16.js', 420, 438 ]
139851 silly gunzTarPerm extractEntry 2021/ToUint16.js
139852 silly gunzTarPerm modified mode [ '2021/ToUint16.js', 420, 438 ]
139853 silly gunzTarPerm extractEntry 2022/ToUint16.js
139854 silly gunzTarPerm modified mode [ '2022/ToUint16.js', 420, 438 ]
139855 silly gunzTarPerm extractEntry 2023/ToUint16.js
139856 silly gunzTarPerm modified mode [ '2023/ToUint16.js', 420, 438 ]
139857 silly gunzTarPerm extractEntry 2024/ToUint16.js
139858 silly gunzTarPerm modified mode [ '2024/ToUint16.js', 420, 438 ]
139859 silly gunzTarPerm extractEntry 5/ToUint16.js
139860 silly gunzTarPerm modified mode [ '5/ToUint16.js', 420, 438 ]
139861 silly gunzTarPerm extractEntry 2015/ToUint32.js
139862 silly gunzTarPerm modified mode [ '2015/ToUint32.js', 420, 438 ]
139863 silly gunzTarPerm extractEntry 2016/ToUint32.js
139864 silly gunzTarPerm modified mode [ '2016/ToUint32.js', 420, 438 ]
139865 silly gunzTarPerm extractEntry 2017/ToUint32.js
139866 silly gunzTarPerm modified mode [ '2017/ToUint32.js', 420, 438 ]
139867 silly gunzTarPerm extractEntry 2018/ToUint32.js
139868 silly gunzTarPerm modified mode [ '2018/ToUint32.js', 420, 438 ]
139869 silly gunzTarPerm extractEntry 2019/ToUint32.js
139870 silly gunzTarPerm modified mode [ '2019/ToUint32.js', 420, 438 ]
139871 silly gunzTarPerm extractEntry 2020/ToUint32.js
139872 silly gunzTarPerm modified mode [ '2020/ToUint32.js', 420, 438 ]
139873 silly gunzTarPerm extractEntry 2021/ToUint32.js
139874 silly gunzTarPerm modified mode [ '2021/ToUint32.js', 420, 438 ]
139875 silly gunzTarPerm extractEntry 2022/ToUint32.js
139876 silly gunzTarPerm modified mode [ '2022/ToUint32.js', 420, 438 ]
139877 silly gunzTarPerm extractEntry 2023/ToUint32.js
139878 silly gunzTarPerm modified mode [ '2023/ToUint32.js', 420, 438 ]
139879 silly gunzTarPerm extractEntry 2024/ToUint32.js
139880 silly gunzTarPerm modified mode [ '2024/ToUint32.js', 420, 438 ]
139881 silly gunzTarPerm extractEntry 5/ToUint32.js
139882 silly gunzTarPerm modified mode [ '5/ToUint32.js', 420, 438 ]
139883 silly gunzTarPerm extractEntry 2015/ToUint8.js
139884 silly gunzTarPerm modified mode [ '2015/ToUint8.js', 420, 438 ]
139885 silly gunzTarPerm extractEntry 2016/ToUint8.js
139886 silly gunzTarPerm modified mode [ '2016/ToUint8.js', 420, 438 ]
139887 silly gunzTarPerm extractEntry 2017/ToUint8.js
139888 silly gunzTarPerm modified mode [ '2017/ToUint8.js', 420, 438 ]
139889 silly gunzTarPerm extractEntry 2018/ToUint8.js
139890 silly gunzTarPerm modified mode [ '2018/ToUint8.js', 420, 438 ]
139891 silly gunzTarPerm extractEntry 2019/ToUint8.js
139892 silly gunzTarPerm modified mode [ '2019/ToUint8.js', 420, 438 ]
139893 silly gunzTarPerm extractEntry 2020/ToUint8.js
139894 silly gunzTarPerm modified mode [ '2020/ToUint8.js', 420, 438 ]
139895 silly gunzTarPerm extractEntry 2021/ToUint8.js
139896 silly gunzTarPerm modified mode [ '2021/ToUint8.js', 420, 438 ]
139897 silly gunzTarPerm extractEntry 2022/ToUint8.js
139898 silly gunzTarPerm modified mode [ '2022/ToUint8.js', 420, 438 ]
139899 silly gunzTarPerm extractEntry 2023/ToUint8.js
139900 silly gunzTarPerm modified mode [ '2023/ToUint8.js', 420, 438 ]
139901 silly gunzTarPerm extractEntry 2024/ToUint8.js
139902 silly gunzTarPerm modified mode [ '2024/ToUint8.js', 420, 438 ]
139903 silly gunzTarPerm extractEntry 2015/ToUint8Clamp.js
139904 silly gunzTarPerm modified mode [ '2015/ToUint8Clamp.js', 420, 438 ]
139905 silly gunzTarPerm extractEntry 2016/ToUint8Clamp.js
139906 silly gunzTarPerm modified mode [ '2016/ToUint8Clamp.js', 420, 438 ]
139907 silly gunzTarPerm extractEntry 2017/ToUint8Clamp.js
139908 silly gunzTarPerm modified mode [ '2017/ToUint8Clamp.js', 420, 438 ]
139909 silly gunzTarPerm extractEntry 2018/ToUint8Clamp.js
139910 silly gunzTarPerm modified mode [ '2018/ToUint8Clamp.js', 420, 438 ]
139911 silly gunzTarPerm extractEntry 2019/ToUint8Clamp.js
139912 silly gunzTarPerm modified mode [ '2019/ToUint8Clamp.js', 420, 438 ]
139913 silly gunzTarPerm extractEntry 2020/ToUint8Clamp.js
139914 silly gunzTarPerm modified mode [ '2020/ToUint8Clamp.js', 420, 438 ]
139915 silly gunzTarPerm extractEntry 2021/ToUint8Clamp.js
139916 silly gunzTarPerm modified mode [ '2021/ToUint8Clamp.js', 420, 438 ]
139917 silly gunzTarPerm extractEntry 2022/ToUint8Clamp.js
139918 silly gunzTarPerm modified mode [ '2022/ToUint8Clamp.js', 420, 438 ]
139919 silly gunzTarPerm extractEntry 2023/ToUint8Clamp.js
139920 silly gunzTarPerm modified mode [ '2023/ToUint8Clamp.js', 420, 438 ]
139921 silly gunzTarPerm extractEntry 2024/ToUint8Clamp.js
139922 silly gunzTarPerm modified mode [ '2024/ToUint8Clamp.js', 420, 438 ]
139923 silly gunzTarPerm extractEntry 2022/ToZeroPaddedDecimalString.js
139924 silly gunzTarPerm modified mode [ '2022/ToZeroPaddedDecimalString.js', 420, 438 ]
139925 silly gunzTarPerm extractEntry 2023/ToZeroPaddedDecimalString.js
139926 silly gunzTarPerm modified mode [ '2023/ToZeroPaddedDecimalString.js', 420, 438 ]
139927 silly gunzTarPerm extractEntry 2024/ToZeroPaddedDecimalString.js
139928 silly gunzTarPerm modified mode [ '2024/ToZeroPaddedDecimalString.js', 420, 438 ]
139929 silly gunzTarPerm extractEntry 2019/TrimString.js
139930 silly gunzTarPerm modified mode [ '2019/TrimString.js', 420, 438 ]
139931 silly gunzTarPerm extractEntry 2020/TrimString.js
139932 silly gunzTarPerm modified mode [ '2020/TrimString.js', 420, 438 ]
139933 silly gunzTarPerm extractEntry 2021/TrimString.js
139934 silly gunzTarPerm modified mode [ '2021/TrimString.js', 420, 438 ]
139935 silly gunzTarPerm extractEntry 2022/TrimString.js
139936 silly gunzTarPerm modified mode [ '2022/TrimString.js', 420, 438 ]
139937 silly gunzTarPerm extractEntry 2023/TrimString.js
139938 silly gunzTarPerm modified mode [ '2023/TrimString.js', 420, 438 ]
139939 silly gunzTarPerm extractEntry 2024/TrimString.js
139940 silly gunzTarPerm modified mode [ '2024/TrimString.js', 420, 438 ]
139941 silly gunzTarPerm extractEntry 2023/truncate.js
139942 silly gunzTarPerm modified mode [ '2023/truncate.js', 420, 438 ]
139943 silly gunzTarPerm extractEntry 2024/truncate.js
139944 silly gunzTarPerm modified mode [ '2024/truncate.js', 420, 438 ]
139945 silly gunzTarPerm extractEntry 2015/Type.js
139946 silly gunzTarPerm modified mode [ '2015/Type.js', 420, 438 ]
139947 silly gunzTarPerm extractEntry 2016/Type.js
139948 silly gunzTarPerm modified mode [ '2016/Type.js', 420, 438 ]
139949 silly gunzTarPerm extractEntry 2017/Type.js
139950 silly gunzTarPerm modified mode [ '2017/Type.js', 420, 438 ]
139951 silly gunzTarPerm extractEntry 2018/Type.js
139952 silly gunzTarPerm modified mode [ '2018/Type.js', 420, 438 ]
139953 silly gunzTarPerm extractEntry 2019/Type.js
139954 silly gunzTarPerm modified mode [ '2019/Type.js', 420, 438 ]
139955 silly gunzTarPerm extractEntry 2020/Type.js
139956 silly gunzTarPerm modified mode [ '2020/Type.js', 420, 438 ]
139957 silly gunzTarPerm extractEntry 2021/Type.js
139958 silly gunzTarPerm modified mode [ '2021/Type.js', 420, 438 ]
139959 silly gunzTarPerm extractEntry 2022/Type.js
139960 silly gunzTarPerm modified mode [ '2022/Type.js', 420, 438 ]
139961 silly gunzTarPerm extractEntry 2023/Type.js
139962 silly gunzTarPerm modified mode [ '2023/Type.js', 420, 438 ]
139963 silly gunzTarPerm extractEntry 2024/Type.js
139964 silly gunzTarPerm modified mode [ '2024/Type.js', 420, 438 ]
139965 silly gunzTarPerm extractEntry 5/Type.js
139966 silly gunzTarPerm modified mode [ '5/Type.js', 420, 438 ]
139967 silly gunzTarPerm extractEntry 2015/tables/typed-array-objects.js
139968 silly gunzTarPerm modified mode [ '2015/tables/typed-array-objects.js', 420, 438 ]
139969 silly gunzTarPerm extractEntry 2016/tables/typed-array-objects.js
139970 silly gunzTarPerm modified mode [ '2016/tables/typed-array-objects.js', 420, 438 ]
139971 silly gunzTarPerm extractEntry 2017/tables/typed-array-objects.js
139972 silly gunzTarPerm modified mode [ '2017/tables/typed-array-objects.js', 420, 438 ]
139973 silly gunzTarPerm extractEntry 2018/tables/typed-array-objects.js
139974 silly gunzTarPerm modified mode [ '2018/tables/typed-array-objects.js', 420, 438 ]
139975 silly gunzTarPerm extractEntry 2019/tables/typed-array-objects.js
139976 silly gunzTarPerm modified mode [ '2019/tables/typed-array-objects.js', 420, 438 ]
139977 silly gunzTarPerm extractEntry 2020/tables/typed-array-objects.js
139978 silly gunzTarPerm modified mode [ '2020/tables/typed-array-objects.js', 420, 438 ]
139979 silly gunzTarPerm extractEntry 2021/tables/typed-array-objects.js
139980 silly gunzTarPerm modified mode [ '2021/tables/typed-array-objects.js', 420, 438 ]
139981 silly gunzTarPerm extractEntry 2022/tables/typed-array-objects.js
139982 silly gunzTarPerm modified mode [ '2022/tables/typed-array-objects.js', 420, 438 ]
139983 silly gunzTarPerm extractEntry 2023/tables/typed-array-objects.js
139984 silly gunzTarPerm modified mode [ '2023/tables/typed-array-objects.js', 420, 438 ]
139985 silly gunzTarPerm extractEntry 2024/tables/typed-array-objects.js
139986 silly gunzTarPerm modified mode [ '2024/tables/typed-array-objects.js', 420, 438 ]
139987 silly gunzTarPerm extractEntry helpers/records/typed-array-with-buffer-witness-record.js
139988 silly gunzTarPerm modified mode [ 'helpers/records/typed-array-with-buffer-witness-record.js',
139988 silly gunzTarPerm   420,
139988 silly gunzTarPerm   438 ]
139989 silly gunzTarPerm extractEntry 2024/TypedArrayByteLength.js
139990 silly gunzTarPerm modified mode [ '2024/TypedArrayByteLength.js', 420, 438 ]
139991 silly gunzTarPerm extractEntry helpers/typedArrayConstructors.js
139992 silly gunzTarPerm modified mode [ 'helpers/typedArrayConstructors.js', 420, 438 ]
139993 silly gunzTarPerm extractEntry 2016/TypedArrayCreate.js
139994 silly gunzTarPerm modified mode [ '2016/TypedArrayCreate.js', 420, 438 ]
139995 silly gunzTarPerm extractEntry 2017/TypedArrayCreate.js
139996 silly gunzTarPerm modified mode [ '2017/TypedArrayCreate.js', 420, 438 ]
139997 silly gunzTarPerm extractEntry 2018/TypedArrayCreate.js
139998 silly gunzTarPerm modified mode [ '2018/TypedArrayCreate.js', 420, 438 ]
139999 silly gunzTarPerm extractEntry 2019/TypedArrayCreate.js
140000 silly gunzTarPerm modified mode [ '2019/TypedArrayCreate.js', 420, 438 ]
140001 silly gunzTarPerm extractEntry 2020/TypedArrayCreate.js
140002 silly gunzTarPerm modified mode [ '2020/TypedArrayCreate.js', 420, 438 ]
140003 silly gunzTarPerm extractEntry 2021/TypedArrayCreate.js
140004 silly gunzTarPerm modified mode [ '2021/TypedArrayCreate.js', 420, 438 ]
140005 silly gunzTarPerm extractEntry 2022/TypedArrayCreate.js
140006 silly gunzTarPerm modified mode [ '2022/TypedArrayCreate.js', 420, 438 ]
140007 silly gunzTarPerm extractEntry 2023/TypedArrayCreate.js
140008 silly gunzTarPerm modified mode [ '2023/TypedArrayCreate.js', 420, 438 ]
140009 silly gunzTarPerm extractEntry 2024/TypedArrayCreateFromConstructor.js
140010 silly gunzTarPerm modified mode [ '2024/TypedArrayCreateFromConstructor.js', 420, 438 ]
140011 silly gunzTarPerm extractEntry 2023/TypedArrayCreateSameType.js
140012 silly gunzTarPerm modified mode [ '2023/TypedArrayCreateSameType.js', 420, 438 ]
140013 silly gunzTarPerm extractEntry 2024/TypedArrayCreateSameType.js
140014 silly gunzTarPerm modified mode [ '2024/TypedArrayCreateSameType.js', 420, 438 ]
140015 silly gunzTarPerm extractEntry 2022/TypedArrayElementSize.js
140016 silly gunzTarPerm modified mode [ '2022/TypedArrayElementSize.js', 420, 438 ]
140017 silly gunzTarPerm extractEntry 2023/TypedArrayElementSize.js
140018 silly gunzTarPerm modified mode [ '2023/TypedArrayElementSize.js', 420, 438 ]
140019 silly gunzTarPerm extractEntry 2024/TypedArrayElementSize.js
140020 silly gunzTarPerm modified mode [ '2024/TypedArrayElementSize.js', 420, 438 ]
140021 silly gunzTarPerm extractEntry 2022/TypedArrayElementType.js
140022 silly gunzTarPerm modified mode [ '2022/TypedArrayElementType.js', 420, 438 ]
140023 silly gunzTarPerm extractEntry 2023/TypedArrayElementType.js
140024 silly gunzTarPerm modified mode [ '2023/TypedArrayElementType.js', 420, 438 ]
140025 silly gunzTarPerm extractEntry 2024/TypedArrayElementType.js
140026 silly gunzTarPerm modified mode [ '2024/TypedArrayElementType.js', 420, 438 ]
140027 silly gunzTarPerm extractEntry 2024/TypedArrayGetElement.js
140028 silly gunzTarPerm modified mode [ '2024/TypedArrayGetElement.js', 420, 438 ]
140029 silly gunzTarPerm extractEntry 2024/TypedArrayLength.js
140030 silly gunzTarPerm modified mode [ '2024/TypedArrayLength.js', 420, 438 ]
140031 silly gunzTarPerm extractEntry 2024/TypedArraySetElement.js
140032 silly gunzTarPerm modified mode [ '2024/TypedArraySetElement.js', 420, 438 ]
140033 silly gunzTarPerm extractEntry 2016/TypedArraySpeciesCreate.js
140034 silly gunzTarPerm modified mode [ '2016/TypedArraySpeciesCreate.js', 420, 438 ]
140035 silly gunzTarPerm extractEntry 2017/TypedArraySpeciesCreate.js
140036 silly gunzTarPerm modified mode [ '2017/TypedArraySpeciesCreate.js', 420, 438 ]
140037 silly gunzTarPerm extractEntry 2018/TypedArraySpeciesCreate.js
140038 silly gunzTarPerm modified mode [ '2018/TypedArraySpeciesCreate.js', 420, 438 ]
140039 silly gunzTarPerm extractEntry 2019/TypedArraySpeciesCreate.js
140040 silly gunzTarPerm modified mode [ '2019/TypedArraySpeciesCreate.js', 420, 438 ]
140041 silly gunzTarPerm extractEntry 2020/TypedArraySpeciesCreate.js
140042 silly gunzTarPerm modified mode [ '2020/TypedArraySpeciesCreate.js', 420, 438 ]
140043 silly gunzTarPerm extractEntry 2021/TypedArraySpeciesCreate.js
140044 silly gunzTarPerm modified mode [ '2021/TypedArraySpeciesCreate.js', 420, 438 ]
140045 silly gunzTarPerm extractEntry 2022/TypedArraySpeciesCreate.js
140046 silly gunzTarPerm modified mode [ '2022/TypedArraySpeciesCreate.js', 420, 438 ]
140047 silly gunzTarPerm extractEntry 2023/TypedArraySpeciesCreate.js
140048 silly gunzTarPerm modified mode [ '2023/TypedArraySpeciesCreate.js', 420, 438 ]
140049 silly gunzTarPerm extractEntry 2024/TypedArraySpeciesCreate.js
140050 silly gunzTarPerm modified mode [ '2024/TypedArraySpeciesCreate.js', 420, 438 ]
140051 silly gunzTarPerm extractEntry 2020/BigInt/unaryMinus.js
140052 silly gunzTarPerm modified mode [ '2020/BigInt/unaryMinus.js', 420, 438 ]
140053 silly gunzTarPerm extractEntry 2020/Number/unaryMinus.js
140054 silly gunzTarPerm modified mode [ '2020/Number/unaryMinus.js', 420, 438 ]
140055 silly gunzTarPerm extractEntry 2021/BigInt/unaryMinus.js
140056 silly gunzTarPerm modified mode [ '2021/BigInt/unaryMinus.js', 420, 438 ]
140057 silly gunzTarPerm extractEntry 2021/Number/unaryMinus.js
140058 silly gunzTarPerm modified mode [ '2021/Number/unaryMinus.js', 420, 438 ]
140059 silly gunzTarPerm extractEntry 2022/BigInt/unaryMinus.js
140060 silly gunzTarPerm modified mode [ '2022/BigInt/unaryMinus.js', 420, 438 ]
140061 silly gunzTarPerm extractEntry 2022/Number/unaryMinus.js
140062 silly gunzTarPerm modified mode [ '2022/Number/unaryMinus.js', 420, 438 ]
140063 silly gunzTarPerm extractEntry 2023/BigInt/unaryMinus.js
140064 silly gunzTarPerm modified mode [ '2023/BigInt/unaryMinus.js', 420, 438 ]
140065 silly gunzTarPerm extractEntry 2023/Number/unaryMinus.js
140066 silly gunzTarPerm modified mode [ '2023/Number/unaryMinus.js', 420, 438 ]
140067 silly gunzTarPerm extractEntry 2024/BigInt/unaryMinus.js
140068 silly gunzTarPerm modified mode [ '2024/BigInt/unaryMinus.js', 420, 438 ]
140069 silly gunzTarPerm extractEntry 2024/Number/unaryMinus.js
140070 silly gunzTarPerm modified mode [ '2024/Number/unaryMinus.js', 420, 438 ]
140071 silly gunzTarPerm extractEntry 2018/UnicodeEscape.js
140072 silly gunzTarPerm modified mode [ '2018/UnicodeEscape.js', 420, 438 ]
140073 silly gunzTarPerm extractEntry 2019/UnicodeEscape.js
140074 silly gunzTarPerm modified mode [ '2019/UnicodeEscape.js', 420, 438 ]
140075 silly gunzTarPerm extractEntry 2020/UnicodeEscape.js
140076 silly gunzTarPerm modified mode [ '2020/UnicodeEscape.js', 420, 438 ]
140077 silly gunzTarPerm extractEntry 2021/UnicodeEscape.js
140078 silly gunzTarPerm modified mode [ '2021/UnicodeEscape.js', 420, 438 ]
140079 silly gunzTarPerm extractEntry 2022/UnicodeEscape.js
140080 silly gunzTarPerm modified mode [ '2022/UnicodeEscape.js', 420, 438 ]
140081 silly gunzTarPerm extractEntry 2023/UnicodeEscape.js
140082 silly gunzTarPerm modified mode [ '2023/UnicodeEscape.js', 420, 438 ]
140083 silly gunzTarPerm extractEntry 2024/UnicodeEscape.js
140084 silly gunzTarPerm modified mode [ '2024/UnicodeEscape.js', 420, 438 ]
140085 silly gunzTarPerm extractEntry 2020/BigInt/unsignedRightShift.js
140086 silly gunzTarPerm modified mode [ '2020/BigInt/unsignedRightShift.js', 420, 438 ]
140087 silly gunzTarPerm extractEntry 2020/Number/unsignedRightShift.js
140088 silly gunzTarPerm modified mode [ '2020/Number/unsignedRightShift.js', 420, 438 ]
140089 silly gunzTarPerm extractEntry 2021/BigInt/unsignedRightShift.js
140090 silly gunzTarPerm modified mode [ '2021/BigInt/unsignedRightShift.js', 420, 438 ]
140091 silly gunzTarPerm extractEntry 2021/Number/unsignedRightShift.js
140092 silly gunzTarPerm modified mode [ '2021/Number/unsignedRightShift.js', 420, 438 ]
140093 silly gunzTarPerm extractEntry 2022/BigInt/unsignedRightShift.js
140094 silly gunzTarPerm modified mode [ '2022/BigInt/unsignedRightShift.js', 420, 438 ]
140095 silly gunzTarPerm extractEntry 2022/Number/unsignedRightShift.js
140096 silly gunzTarPerm modified mode [ '2022/Number/unsignedRightShift.js', 420, 438 ]
140097 silly gunzTarPerm extractEntry 2023/BigInt/unsignedRightShift.js
140098 silly gunzTarPerm modified mode [ '2023/BigInt/unsignedRightShift.js', 420, 438 ]
140099 silly gunzTarPerm extractEntry 2023/Number/unsignedRightShift.js
140100 silly gunzTarPerm modified mode [ '2023/Number/unsignedRightShift.js', 420, 438 ]
140101 silly gunzTarPerm extractEntry 2024/BigInt/unsignedRightShift.js
140102 silly gunzTarPerm modified mode [ '2024/BigInt/unsignedRightShift.js', 420, 438 ]
140103 silly gunzTarPerm extractEntry 2024/Number/unsignedRightShift.js
140104 silly gunzTarPerm modified mode [ '2024/Number/unsignedRightShift.js', 420, 438 ]
140105 silly gunzTarPerm extractEntry 2016/UTF16Decode.js
140106 silly gunzTarPerm modified mode [ '2016/UTF16Decode.js', 420, 438 ]
140107 silly gunzTarPerm extractEntry 2017/UTF16Decode.js
140108 silly gunzTarPerm modified mode [ '2017/UTF16Decode.js', 420, 438 ]
140109 silly gunzTarPerm extractEntry 2018/UTF16Decode.js
140110 silly gunzTarPerm modified mode [ '2018/UTF16Decode.js', 420, 438 ]
140111 silly gunzTarPerm extractEntry 2019/UTF16Decode.js
140112 silly gunzTarPerm modified mode [ '2019/UTF16Decode.js', 420, 438 ]
140113 silly gunzTarPerm extractEntry 2020/UTF16DecodeString.js
140114 silly gunzTarPerm modified mode [ '2020/UTF16DecodeString.js', 420, 438 ]
140115 silly gentlyRm C:\Users\Dell\Documents\INV\inventory\node_modules\.staging\lodash-31395f07\node_modules is being purged
140116 verbose gentlyRm don't care about contents; nuking C:\Users\Dell\Documents\INV\inventory\node_modules\.staging\lodash-31395f07\node_modules
140117 silly gunzTarPerm extractEntry 2020/UTF16DecodeSurrogatePair.js
140118 silly gunzTarPerm modified mode [ '2020/UTF16DecodeSurrogatePair.js', 420, 438 ]
140119 silly gunzTarPerm extractEntry 2021/UTF16EncodeCodePoint.js
140120 silly gunzTarPerm modified mode [ '2021/UTF16EncodeCodePoint.js', 420, 438 ]
140121 silly gunzTarPerm extractEntry 2022/UTF16EncodeCodePoint.js
140122 silly gunzTarPerm modified mode [ '2022/UTF16EncodeCodePoint.js', 420, 438 ]
140123 silly gunzTarPerm extractEntry 2023/UTF16EncodeCodePoint.js
140124 silly gunzTarPerm modified mode [ '2023/UTF16EncodeCodePoint.js', 420, 438 ]
140125 silly gunzTarPerm extractEntry 2024/UTF16EncodeCodePoint.js
140126 silly gunzTarPerm modified mode [ '2024/UTF16EncodeCodePoint.js', 420, 438 ]
140127 silly gunzTarPerm extractEntry 2016/UTF16Encoding.js
140128 silly gunzTarPerm modified mode [ '2016/UTF16Encoding.js', 420, 438 ]
140129 silly gunzTarPerm extractEntry 2017/UTF16Encoding.js
140130 silly gunzTarPerm modified mode [ '2017/UTF16Encoding.js', 420, 438 ]
140131 silly gunzTarPerm extractEntry 2018/UTF16Encoding.js
140132 silly gunzTarPerm modified mode [ '2018/UTF16Encoding.js', 420, 438 ]
140133 silly gunzTarPerm extractEntry 2019/UTF16Encoding.js
140134 silly gunzTarPerm modified mode [ '2019/UTF16Encoding.js', 420, 438 ]
140135 silly gunzTarPerm extractEntry 2020/UTF16Encoding.js
140136 silly gunzTarPerm modified mode [ '2020/UTF16Encoding.js', 420, 438 ]
140137 silly gunzTarPerm extractEntry 2021/UTF16SurrogatePairToCodePoint.js
140138 silly gunzTarPerm modified mode [ '2021/UTF16SurrogatePairToCodePoint.js', 420, 438 ]
140139 silly gunzTarPerm extractEntry 2022/UTF16SurrogatePairToCodePoint.js
140140 silly gunzTarPerm modified mode [ '2022/UTF16SurrogatePairToCodePoint.js', 420, 438 ]
140141 silly gunzTarPerm extractEntry 2023/UTF16SurrogatePairToCodePoint.js
140142 silly gunzTarPerm modified mode [ '2023/UTF16SurrogatePairToCodePoint.js', 420, 438 ]
140143 silly gunzTarPerm extractEntry 2024/UTF16SurrogatePairToCodePoint.js
140144 silly gunzTarPerm modified mode [ '2024/UTF16SurrogatePairToCodePoint.js', 420, 438 ]
140145 silly gunzTarPerm extractEntry 2015/ValidateAndApplyPropertyDescriptor.js
140146 silly gunzTarPerm modified mode [ '2015/ValidateAndApplyPropertyDescriptor.js', 420, 438 ]
140147 silly gunzTarPerm extractEntry 2016/ValidateAndApplyPropertyDescriptor.js
140148 silly gunzTarPerm modified mode [ '2016/ValidateAndApplyPropertyDescriptor.js', 420, 438 ]
140149 silly gunzTarPerm extractEntry 2017/ValidateAndApplyPropertyDescriptor.js
140150 silly gunzTarPerm modified mode [ '2017/ValidateAndApplyPropertyDescriptor.js', 420, 438 ]
140151 silly gunzTarPerm extractEntry 2018/ValidateAndApplyPropertyDescriptor.js
140152 silly gunzTarPerm modified mode [ '2018/ValidateAndApplyPropertyDescriptor.js', 420, 438 ]
140153 silly gunzTarPerm extractEntry 2019/ValidateAndApplyPropertyDescriptor.js
140154 silly gunzTarPerm modified mode [ '2019/ValidateAndApplyPropertyDescriptor.js', 420, 438 ]
140155 silly gunzTarPerm extractEntry 2020/ValidateAndApplyPropertyDescriptor.js
140156 silly gunzTarPerm modified mode [ '2020/ValidateAndApplyPropertyDescriptor.js', 420, 438 ]
140157 silly gunzTarPerm extractEntry 2021/ValidateAndApplyPropertyDescriptor.js
140158 silly gunzTarPerm modified mode [ '2021/ValidateAndApplyPropertyDescriptor.js', 420, 438 ]
140159 silly gunzTarPerm extractEntry 2022/ValidateAndApplyPropertyDescriptor.js
140160 silly gunzTarPerm modified mode [ '2022/ValidateAndApplyPropertyDescriptor.js', 420, 438 ]
140161 silly gunzTarPerm extractEntry 2023/ValidateAndApplyPropertyDescriptor.js
140162 silly gunzTarPerm modified mode [ '2023/ValidateAndApplyPropertyDescriptor.js', 420, 438 ]
140163 silly gunzTarPerm extractEntry 2024/ValidateAndApplyPropertyDescriptor.js
140164 silly gunzTarPerm modified mode [ '2024/ValidateAndApplyPropertyDescriptor.js', 420, 438 ]
140165 silly gunzTarPerm extractEntry 2017/ValidateAtomicAccess.js
140166 silly gunzTarPerm modified mode [ '2017/ValidateAtomicAccess.js', 420, 438 ]
140167 silly gunzTarPerm extractEntry 2018/ValidateAtomicAccess.js
140168 silly gunzTarPerm modified mode [ '2018/ValidateAtomicAccess.js', 420, 438 ]
140169 silly gunzTarPerm extractEntry 2019/ValidateAtomicAccess.js
140170 silly gunzTarPerm modified mode [ '2019/ValidateAtomicAccess.js', 420, 438 ]
140171 silly gunzTarPerm extractEntry 2020/ValidateAtomicAccess.js
140172 silly gunzTarPerm modified mode [ '2020/ValidateAtomicAccess.js', 420, 438 ]
140173 silly gunzTarPerm extractEntry 2021/ValidateAtomicAccess.js
140174 silly gunzTarPerm modified mode [ '2021/ValidateAtomicAccess.js', 420, 438 ]
140175 silly gunzTarPerm extractEntry 2022/ValidateAtomicAccess.js
140176 silly gunzTarPerm modified mode [ '2022/ValidateAtomicAccess.js', 420, 438 ]
140177 silly gunzTarPerm extractEntry 2023/ValidateAtomicAccess.js
140178 silly gunzTarPerm modified mode [ '2023/ValidateAtomicAccess.js', 420, 438 ]
140179 silly gunzTarPerm extractEntry 2024/ValidateAtomicAccess.js
140180 silly gunzTarPerm modified mode [ '2024/ValidateAtomicAccess.js', 420, 438 ]
140181 silly gunzTarPerm extractEntry 2024/ValidateAtomicAccessOnIntegerTypedArray.js
140182 silly gunzTarPerm modified mode [ '2024/ValidateAtomicAccessOnIntegerTypedArray.js', 420, 438 ]
140183 silly gunzTarPerm extractEntry 2021/ValidateIntegerTypedArray.js
140184 silly gunzTarPerm modified mode [ '2021/ValidateIntegerTypedArray.js', 420, 438 ]
140185 silly gunzTarPerm extractEntry 2022/ValidateIntegerTypedArray.js
140186 silly gunzTarPerm modified mode [ '2022/ValidateIntegerTypedArray.js', 420, 438 ]
140187 silly gunzTarPerm extractEntry 2023/ValidateIntegerTypedArray.js
140188 silly gunzTarPerm modified mode [ '2023/ValidateIntegerTypedArray.js', 420, 438 ]
140189 silly gunzTarPerm extractEntry 2024/ValidateIntegerTypedArray.js
140190 silly gunzTarPerm modified mode [ '2024/ValidateIntegerTypedArray.js', 420, 438 ]
140191 silly gunzTarPerm extractEntry 2015/ValidateTypedArray.js
140192 silly gunzTarPerm modified mode [ '2015/ValidateTypedArray.js', 420, 438 ]
140193 silly gunzTarPerm extractEntry 2016/ValidateTypedArray.js
140194 silly gunzTarPerm modified mode [ '2016/ValidateTypedArray.js', 420, 438 ]
140195 silly gunzTarPerm extractEntry 2017/ValidateTypedArray.js
140196 silly gunzTarPerm modified mode [ '2017/ValidateTypedArray.js', 420, 438 ]
140197 silly gunzTarPerm extractEntry 2018/ValidateTypedArray.js
140198 silly gunzTarPerm modified mode [ '2018/ValidateTypedArray.js', 420, 438 ]
140199 silly gunzTarPerm extractEntry 2019/ValidateTypedArray.js
140200 silly gunzTarPerm modified mode [ '2019/ValidateTypedArray.js', 420, 438 ]
140201 silly gunzTarPerm extractEntry 2020/ValidateTypedArray.js
140202 silly gunzTarPerm modified mode [ '2020/ValidateTypedArray.js', 420, 438 ]
140203 silly gunzTarPerm extractEntry 2021/ValidateTypedArray.js
140204 silly gunzTarPerm modified mode [ '2021/ValidateTypedArray.js', 420, 438 ]
140205 silly gunzTarPerm extractEntry 2022/ValidateTypedArray.js
140206 silly gunzTarPerm modified mode [ '2022/ValidateTypedArray.js', 420, 438 ]
140207 silly gunzTarPerm extractEntry 2023/ValidateTypedArray.js
140208 silly gunzTarPerm modified mode [ '2023/ValidateTypedArray.js', 420, 438 ]
140209 silly gunzTarPerm extractEntry 2024/ValidateTypedArray.js
140210 silly gunzTarPerm modified mode [ '2024/ValidateTypedArray.js', 420, 438 ]
140211 silly gunzTarPerm extractEntry helpers/valueToFloat32Bytes.js
140212 silly gunzTarPerm modified mode [ 'helpers/valueToFloat32Bytes.js', 420, 438 ]
140213 silly gunzTarPerm extractEntry helpers/valueToFloat64Bytes.js
140214 silly gunzTarPerm modified mode [ 'helpers/valueToFloat64Bytes.js', 420, 438 ]
140215 silly gunzTarPerm extractEntry 2021/WeakRefDeref.js
140216 silly gunzTarPerm modified mode [ '2021/WeakRefDeref.js', 420, 438 ]
140217 silly gunzTarPerm extractEntry 2022/WeakRefDeref.js
140218 silly gunzTarPerm modified mode [ '2022/WeakRefDeref.js', 420, 438 ]
140219 silly gunzTarPerm extractEntry 2023/WeakRefDeref.js
140220 silly gunzTarPerm modified mode [ '2023/WeakRefDeref.js', 420, 438 ]
140221 silly gunzTarPerm extractEntry 2024/WeakRefDeref.js
140222 silly gunzTarPerm modified mode [ '2024/WeakRefDeref.js', 420, 438 ]
140223 silly gunzTarPerm extractEntry 2015/WeekDay.js
140224 silly gunzTarPerm modified mode [ '2015/WeekDay.js', 420, 438 ]
140225 silly gunzTarPerm extractEntry 2016/WeekDay.js
140226 silly gunzTarPerm modified mode [ '2016/WeekDay.js', 420, 438 ]
140227 silly gunzTarPerm extractEntry 2017/WeekDay.js
140228 silly gunzTarPerm modified mode [ '2017/WeekDay.js', 420, 438 ]
140229 silly gunzTarPerm extractEntry 2018/WeekDay.js
140230 silly gunzTarPerm modified mode [ '2018/WeekDay.js', 420, 438 ]
140231 silly gunzTarPerm extractEntry 2019/WeekDay.js
140232 silly gunzTarPerm modified mode [ '2019/WeekDay.js', 420, 438 ]
140233 silly gunzTarPerm extractEntry 2020/WeekDay.js
140234 silly gunzTarPerm modified mode [ '2020/WeekDay.js', 420, 438 ]
140235 silly gunzTarPerm extractEntry 2021/WeekDay.js
140236 silly gunzTarPerm modified mode [ '2021/WeekDay.js', 420, 438 ]
140237 silly gunzTarPerm extractEntry 2022/WeekDay.js
140238 silly gunzTarPerm modified mode [ '2022/WeekDay.js', 420, 438 ]
140239 silly gunzTarPerm extractEntry 2023/WeekDay.js
140240 silly gunzTarPerm modified mode [ '2023/WeekDay.js', 420, 438 ]
140241 silly gunzTarPerm extractEntry 2024/WeekDay.js
140242 silly gunzTarPerm modified mode [ '2024/WeekDay.js', 420, 438 ]
140243 silly gunzTarPerm extractEntry 5/WeekDay.js
140244 silly gunzTarPerm modified mode [ '5/WeekDay.js', 420, 438 ]
140245 silly gunzTarPerm extractEntry 2017/WordCharacters.js
140246 silly gunzTarPerm modified mode [ '2017/WordCharacters.js', 420, 438 ]
140247 silly gunzTarPerm extractEntry 2018/WordCharacters.js
140248 silly gunzTarPerm modified mode [ '2018/WordCharacters.js', 420, 438 ]
140249 silly gunzTarPerm extractEntry 2019/WordCharacters.js
140250 silly gunzTarPerm modified mode [ '2019/WordCharacters.js', 420, 438 ]
140251 silly gunzTarPerm extractEntry 2020/WordCharacters.js
140252 silly gunzTarPerm modified mode [ '2020/WordCharacters.js', 420, 438 ]
140253 silly gunzTarPerm extractEntry 2021/WordCharacters.js
140254 silly gunzTarPerm modified mode [ '2021/WordCharacters.js', 420, 438 ]
140255 silly gunzTarPerm extractEntry 2022/WordCharacters.js
140256 silly gunzTarPerm modified mode [ '2022/WordCharacters.js', 420, 438 ]
140257 silly gunzTarPerm extractEntry 2023/WordCharacters.js
140258 silly gunzTarPerm modified mode [ '2023/WordCharacters.js', 420, 438 ]
140259 silly gunzTarPerm extractEntry 2024/WordCharacters.js
140260 silly gunzTarPerm modified mode [ '2024/WordCharacters.js', 420, 438 ]
140261 silly gunzTarPerm extractEntry 2015/YearFromTime.js
140262 silly gunzTarPerm modified mode [ '2015/YearFromTime.js', 420, 438 ]
140263 silly gunzTarPerm extractEntry 2016/YearFromTime.js
140264 silly gunzTarPerm modified mode [ '2016/YearFromTime.js', 420, 438 ]
140265 silly gunzTarPerm extractEntry 2017/YearFromTime.js
140266 silly gunzTarPerm modified mode [ '2017/YearFromTime.js', 420, 438 ]
140267 silly gunzTarPerm extractEntry 2018/YearFromTime.js
140268 silly gunzTarPerm modified mode [ '2018/YearFromTime.js', 420, 438 ]
140269 silly gunzTarPerm extractEntry 2019/YearFromTime.js
140270 silly gunzTarPerm modified mode [ '2019/YearFromTime.js', 420, 438 ]
140271 silly gunzTarPerm extractEntry 2020/YearFromTime.js
140272 silly gunzTarPerm modified mode [ '2020/YearFromTime.js', 420, 438 ]
140273 silly gunzTarPerm extractEntry 2021/YearFromTime.js
140274 silly gunzTarPerm modified mode [ '2021/YearFromTime.js', 420, 438 ]
140275 silly gunzTarPerm extractEntry 2022/YearFromTime.js
140276 silly gunzTarPerm modified mode [ '2022/YearFromTime.js', 420, 438 ]
140277 silly gunzTarPerm extractEntry 2023/YearFromTime.js
140278 silly gunzTarPerm modified mode [ '2023/YearFromTime.js', 420, 438 ]
140279 silly gunzTarPerm extractEntry 2024/YearFromTime.js
140280 silly gunzTarPerm modified mode [ '2024/YearFromTime.js', 420, 438 ]
140281 silly gunzTarPerm extractEntry 5/YearFromTime.js
140282 silly gunzTarPerm modified mode [ '5/YearFromTime.js', 420, 438 ]
140283 silly gunzTarPerm extractEntry helpers/caseFolding.json
140284 silly gunzTarPerm modified mode [ 'helpers/caseFolding.json', 420, 438 ]
140285 silly gunzTarPerm extractEntry package.json
140286 silly gunzTarPerm modified mode [ 'package.json', 420, 438 ]
140287 silly gunzTarPerm extractEntry CHANGELOG.md
140288 silly gunzTarPerm modified mode [ 'CHANGELOG.md', 420, 438 ]
140289 silly gunzTarPerm extractEntry README.md
140290 silly gunzTarPerm modified mode [ 'README.md', 420, 438 ]
140291 silly gunzTarPerm extractEntry operations/build-unicode.mjs
140292 silly gunzTarPerm modified mode [ 'operations/build-unicode.mjs', 420, 438 ]
140293 silly gunzTarPerm extractEntry tmp.mjs
140294 silly gunzTarPerm modified mode [ 'tmp.mjs', 420, 438 ]
140295 silly gentlyRm C:\Users\Dell\Documents\INV\inventory\node_modules\.staging\caniuse-db-3951c1d6\node_modules is being purged
140296 verbose gentlyRm don't care about contents; nuking C:\Users\Dell\Documents\INV\inventory\node_modules\.staging\caniuse-db-3951c1d6\node_modules
140297 silly gentlyRm C:\Users\Dell\Documents\INV\inventory\node_modules\.staging\core-js-7694af6b\node_modules is being purged
140298 verbose gentlyRm don't care about contents; nuking C:\Users\Dell\Documents\INV\inventory\node_modules\.staging\core-js-7694af6b\node_modules
140299 silly gentlyRm C:\Users\Dell\Documents\INV\inventory\node_modules\.staging\es-abstract-7d985510\node_modules is being purged
140300 verbose gentlyRm don't care about contents; nuking C:\Users\Dell\Documents\INV\inventory\node_modules\.staging\es-abstract-7d985510\node_modules
140301 verbose unlock done using C:\Users\Dell\AppData\Roaming\npm-cache\_locks\staging-4095c691600b1c55.lock for C:\Users\Dell\Documents\INV\inventory\node_modules\.staging
140302 silly rollbackFailedOptional Starting
140303 silly rollbackFailedOptional Finishing
140304 silly runTopLevelLifecycles Finishing
140305 silly install printInstalled
140306 warn optional SKIPPING OPTIONAL DEPENDENCY: fsevents@^1.0.0 (node_modules\chokidar\node_modules\fsevents):
140307 warn notsup SKIPPING OPTIONAL DEPENDENCY: Unsupported platform for fsevents@1.2.13: wanted {"os":"darwin","arch":"any"} (current: {"os":"win32","arch":"x64"})
140308 verbose notsup SKIPPING OPTIONAL DEPENDENCY: Valid OS:    darwin
140308 verbose notsup SKIPPING OPTIONAL DEPENDENCY: Valid Arch:  any
140308 verbose notsup SKIPPING OPTIONAL DEPENDENCY: Actual OS:   win32
140308 verbose notsup SKIPPING OPTIONAL DEPENDENCY: Actual Arch: x64
140309 warn optional SKIPPING OPTIONAL DEPENDENCY: fsevents@~2.3.2 (node_modules\watchpack\node_modules\chokidar\node_modules\fsevents):
140310 warn notsup SKIPPING OPTIONAL DEPENDENCY: Unsupported platform for fsevents@2.3.3: wanted {"os":"darwin","arch":"any"} (current: {"os":"win32","arch":"x64"})
140311 verbose notsup SKIPPING OPTIONAL DEPENDENCY: Valid OS:    darwin
140311 verbose notsup SKIPPING OPTIONAL DEPENDENCY: Valid Arch:  any
140311 verbose notsup SKIPPING OPTIONAL DEPENDENCY: Actual OS:   win32
140311 verbose notsup SKIPPING OPTIONAL DEPENDENCY: Actual Arch: x64
140312 warn optional SKIPPING OPTIONAL DEPENDENCY: fsevents@^1.2.7 (node_modules\watchpack-chokidar2\node_modules\chokidar\node_modules\fsevents):
140313 warn notsup SKIPPING OPTIONAL DEPENDENCY: Unsupported platform for fsevents@1.2.13: wanted {"os":"darwin","arch":"any"} (current: {"os":"win32","arch":"x64"})
140314 verbose notsup SKIPPING OPTIONAL DEPENDENCY: Valid OS:    darwin
140314 verbose notsup SKIPPING OPTIONAL DEPENDENCY: Valid Arch:  any
140314 verbose notsup SKIPPING OPTIONAL DEPENDENCY: Actual OS:   win32
140314 verbose notsup SKIPPING OPTIONAL DEPENDENCY: Actual Arch: x64
140315 warn optional SKIPPING OPTIONAL DEPENDENCY: fsevents@^1.2.7 (node_modules\webpack-dev-server\node_modules\chokidar\node_modules\fsevents):
140316 warn notsup SKIPPING OPTIONAL DEPENDENCY: Unsupported platform for fsevents@1.2.13: wanted {"os":"darwin","arch":"any"} (current: {"os":"win32","arch":"x64"})
140317 verbose notsup SKIPPING OPTIONAL DEPENDENCY: Valid OS:    darwin
140317 verbose notsup SKIPPING OPTIONAL DEPENDENCY: Valid Arch:  any
140317 verbose notsup SKIPPING OPTIONAL DEPENDENCY: Actual OS:   win32
140317 verbose notsup SKIPPING OPTIONAL DEPENDENCY: Actual Arch: x64
140318 warn webpack-notifier@1.15.0 requires a peer of @types/webpack@>4.41.31 but none was installed.
140319 verbose If you need help, you may report this error at:
140319 verbose     <https://github.com/npm/npm/issues>
140320 warn ajv-keywords@3.5.2 requires a peer of ajv@^6.9.1 but none was installed.
140321 verbose If you need help, you may report this error at:
140321 verbose     <https://github.com/npm/npm/issues>
140322 verbose stack Error: ENOENT: no such file or directory, open 'C:\Users\Dell\Documents\INV\inventory\node_modules\.staging\@types\q-8581104b\package.json'
140322 verbose stack     at Error (native)
140323 verbose cwd C:\Users\Dell\Documents\INV\inventory
140324 error Windows_NT 10.0.22631
140325 error argv "C:\\Program Files\\nodejs\\node.exe" "C:\\Program Files\\nodejs\\node_modules\\npm\\bin\\npm-cli.js" "install"
140326 error node v6.17.1
140327 error npm  v3.10.10
140328 error path C:\Users\Dell\Documents\INV\inventory\node_modules\.staging\@types\q-8581104b\package.json
140329 error code ENOTDIR
140330 error errno -4058
140331 error syscall open
140332 error ENOENT: no such file or directory, open 'C:\Users\Dell\Documents\INV\inventory\node_modules\.staging\@types\q-8581104b\package.json'
140333 error If you need help, you may report this error at:
140333 error     <https://github.com/npm/npm/issues>
140334 verbose exit [ -4058, true ]
